fact_id,category,fact_text,source_file,line_start,line_end,confidence,notes,verified,verification_status,verification_notes,live_check
1,methodology,The dataset used in this paper is based on the CELLxGENE15 census version 2023-05-15 (https://chanzuckerberg.github.io/cellxgene-census/index.html). The census version 2023-05-15 is selected as it is a long-term supported (LTS) release and will be hosted by CELLxGENE for at least 5 years.,research/automated-research/original-sources-text/01-paper-sctab-natcommun2024.txt,70,70,high,scTab corpus source; LTS rationale,YES,WARNING,"Exact match to local text. Extraction artefact: ""CELLxGENE15"" glues superscript reference 15; quote as ""CELLxGENE census version 2023-05-15"".","https://www.nature.com/articles/s41467-024-51059-5 retrieved 2026-10-05: match; live renders superscript ref (CELLxGENE^15), local text glues it"
2,technical-spec,"We subsetted to human datasets and used the human protein-coding genes (19,331) as a feature space.",research/automated-research/original-sources-text/01-paper-sctab-natcommun2024.txt,70,70,high,scTab feature space,YES,PASS,"Exact match at cited lines; context (±3 lines) checked, meaning preserved.",https://www.nature.com/articles/s41467-024-51059-5 retrieved 2026-10-05: exact match
3,methodology,"The census data is subset to primary data only (is_primary_data == True) to prevent label leakage between the train, validation, and test set.",research/automated-research/original-sources-text/01-paper-sctab-natcommun2024.txt,72,72,high,scTab primary-data filter,YES,PASS,"Exact match at cited lines; context (±3 lines) checked, meaning preserved.",https://www.nature.com/articles/s41467-024-51059-5 retrieved 2026-10-05: exact match
4,methodology,Only sequencing data from 10x-based sequencing protocols is used.,research/automated-research/original-sources-text/01-paper-sctab-natcommun2024.txt,73,73,high,scTab assay restriction: 10x only,YES,PASS,"Exact match at cited lines; context (±3 lines) checked, meaning preserved.",https://www.nature.com/articles/s41467-024-51059-5 retrieved 2026-10-05: exact match
5,methodology,"For each cell type, there have to be at least 5000 unique cells. Otherwise, the whole cell type is dropped from the dataset. - Each cell type has to be observed across at least 30 donors to reliably quantify whether the trained classifier can generalize to new unseen donors for each cell type.",research/automated-research/original-sources-text/01-paper-sctab-natcommun2024.txt,75,76,high,scTab rare-type filter (cells and donors),YES,WARNING,Format only: quote matches after collapsing line breaks/whitespace (multi-line JSON/markdown/PDF table or list). Content accurate; usable as is.,"https://www.nature.com/articles/s41467-024-51059-5 retrieved 2026-10-05: match; live uses numbered list (4., 5.) where local text has ""-"""
6,methodology,Each cell type needs to have at least seven parent nodes in the cell type ontology. This criterion is used as a heuristic to filter out general cell type labels that do not contain much information.,research/automated-research/original-sources-text/01-paper-sctab-natcommun2024.txt,77,77,high,scTab coarse-label heuristic,YES,PASS,"Exact match at cited lines; context (±3 lines) checked, meaning preserved.",
7,methodology,"In the end, the data is split such that 70% of the donors are assigned to the training set and 15% of the donors are assigned to the validation and test set respectively.",research/automated-research/original-sources-text/01-paper-sctab-natcommun2024.txt,78,78,high,"scTab split is by donor, 70/15/15",YES,PASS,"Exact match at cited lines; context (±3 lines) checked, meaning preserved.",https://www.nature.com/articles/s41467-024-51059-5 retrieved 2026-10-05: exact match
8,methodology,"Furthermore, dataset-based splitting often makes it hard to ensure that each cell type is observed across both the training data as well as the test data.",research/automated-research/original-sources-text/01-paper-sctab-natcommun2024.txt,78,78,high,Authors' reason for not using dataset (study) holdout,YES,PASS,"Exact match at cited lines; context (±3 lines) checked, meaning preserved.",https://www.nature.com/articles/s41467-024-51059-5 retrieved 2026-10-05: exact match
9,statistics,"The selection described above results in 22,189,056 cells being selected which span 164 unique cell types, 5052 unique donors, and 56 different tissues. Of the 22.2 million cells 15,240,192 cells are assigned to the training set, 3,500,032 are assigned to the validation set and 3,448,832 cells are assigned to the test set.",research/automated-research/original-sources-text/01-paper-sctab-natcommun2024.txt,80,80,high,scTab corpus size and split sizes,YES,PASS,"Exact match at cited lines; context (±3 lines) checked, meaning preserved.",https://www.nature.com/articles/s41467-024-51059-5 retrieved 2026-10-05: exact match
10,statistics,"The dataset spans 22.2 million cells, 5,052 donors, 249 datasets, 164 cell types, and 56 different tissues.",research/automated-research/original-sources-text/01-paper-sctab-natcommun2024.txt,146,146,high,Fig. 1a caption: dataset count,YES,PASS,"Exact match at cited lines; context (±3 lines) checked, meaning preserved.",https://www.nature.com/articles/s41467-024-51059-5 retrieved 2026-10-05: exact match
11,methodology,"We defined test holdouts based on donor annotation, which we see as a sensible compromise between an entirely random split and a split based on holdout studies.",research/automated-research/original-sources-text/01-paper-sctab-natcommun2024.txt,35,35,high,Donor split as compromise vs study holdout,YES,PASS,"Exact match at cited lines; context (±3 lines) checked, meaning preserved.",https://www.nature.com/articles/s41467-024-51059-5 retrieved 2026-10-05: exact match
12,methodology,"Moreover, a prediction is considered wrong if the classifier predicts a parent cell type of the true label - we consider this as a wrong prediction as the author supplied a more fine-grained label that the classifier should replicate.",research/automated-research/original-sources-text/01-paper-sctab-natcommun2024.txt,125,125,high,"Ontology-corrected scoring: finer prediction correct, parent prediction wrong",YES,PASS,"Exact match at cited lines; context (±3 lines) checked, meaning preserved.",
13,benchmark,"Here, we subsampled to 1.5 million cells. This re-trained reference model achieved a macro F1-score of 0.7304 ± 0.0015",research/automated-research/original-sources-text/01-paper-sctab-natcommun2024.txt,41,41,high,CellTypist comparator subsampled to 1.5 M cells,YES,PASS,"Exact match at cited lines; context (±3 lines) checked, meaning preserved.",https://www.nature.com/articles/s41467-024-51059-5 retrieved 2026-10-05: exact match
14,benchmark,"The CIForm model achieved a macro F1-score of 0.766 (due to the large memory requirements of CIForm we had to subsample the training data to 750,000 cells).",research/automated-research/original-sources-text/01-paper-sctab-natcommun2024.txt,41,41,high,CIForm comparator trained on 750k cells,YES,PASS,"Exact match at cited lines; context (±3 lines) checked, meaning preserved.",https://www.nature.com/articles/s41467-024-51059-5 retrieved 2026-10-05: exact match
15,methodology,"Due to the high memory usage of scGPT, we were only able to fine-tune the scGPT model on a random subsample of 150,000 cells of our training data.",research/automated-research/original-sources-text/01-paper-sctab-natcommun2024.txt,232,232,high,scGPT fine-tuning on 150k cells,YES,PASS,"Exact match at cited lines; context (±3 lines) checked, meaning preserved.",https://www.nature.com/articles/s41467-024-51059-5 retrieved 2026-10-05: exact match
16,methodology,"The logistic regression classifier was trained on a random subsample of 1,500,000 cells from the training data.",research/automated-research/original-sources-text/01-paper-sctab-natcommun2024.txt,220,220,high,"scGPT zero-shot: LR on embeddings, 1.5M cells",YES,PASS,"Exact match at cited lines; context (±3 lines) checked, meaning preserved.",https://www.nature.com/articles/s41467-024-51059-5 retrieved 2026-10-05: exact match
17,methodology,The uncertainty quantification for scTab is based on deep ensembles34 using 1−maximumpredictedprobability as an estimate for the model uncertainty.,research/automated-research/original-sources-text/01-paper-sctab-natcommun2024.txt,239,239,high,scTab uncertainty definition: deep ensemble of 5,YES,WARNING,"Exact match to local text. Extraction artefact: ""deep ensembles34"" (ref 34) and ""1−maximumpredictedprobability"" (formula without spaces). Published: ""1 − maximum predicted probability"". Note also this is the 5-model ensemble, not the single run5 checkpoint used in Rewire P2.",https://www.nature.com/articles/s41467-024-51059-5 retrieved 2026-10-05: match; live renders formula \(1-maximum predicted probability\) and superscript ref 34
18,methodology,"In our case, we averaged the predictions across 5 models.",research/automated-research/original-sources-text/01-paper-sctab-natcommun2024.txt,239,239,high,Ensemble size,YES,PASS,"Exact match at cited lines; context (±3 lines) checked, meaning preserved.",https://www.nature.com/articles/s41467-024-51059-5 retrieved 2026-10-05: exact match
19,methodology,These are the cell types that we excluded from the CELLxGENE training data because there were too few observations present.,research/automated-research/original-sources-text/01-paper-sctab-natcommun2024.txt,243,243,high,Unknown types in scTab analysis are the filter-removed rare types,YES,PASS,"Exact match at cited lines; context (±3 lines) checked, meaning preserved.",https://www.nature.com/articles/s41467-024-51059-5 retrieved 2026-10-05: exact match
20,finding,Group 1 and Group 3 can be separated with an ROC-AUC score of 0.782 and Group 1 and Group 2 can even be separated with an ROC-AUC score of 0.891.,research/automated-research/original-sources-text/01-paper-sctab-natcommun2024.txt,248,248,high,"Unknown-type separability is ROC-AUC, not acceptance at an operating point",YES,WARNING,"Exact match at cited lines. Context caveat: Context: ROC-AUC values come from the 5-model deep ensemble (not the single run5 checkpoint Rewire runs), measured on Census cells. ""Group 3"" (0.782) = cell types removed by scTab's own rare-type filter; 0.891 is correct-vs-incorrect, not unknown detection. ROC-AUC is threshold-free; it says nothing about false acceptance at an operating point. Do not swap the two numbers.",https://www.nature.com/articles/s41467-024-51059-5 retrieved 2026-10-05: exact match
21,finding,"One can see that scTab achieves decent classification performance on about half of the non-10X-based sequencing protocols with a macro F1-Score of ~0.4. In comparison, the macro F1-Score on the holdout 10X-data is ~0.8.",research/automated-research/original-sources-text/01-paper-sctab-natcommun2024.txt,49,49,high,Platform transfer to non-10x protocols,YES,WARNING,"Exact match at cited lines. Context caveat: Context: ~0.4 applies to ""about half"" of non-10x protocols, which the authors call ""decent""; the remaining protocols (STRT-seq, Smart-seq2, BD Rhapsody Targeted) generalise ""quite poorly"". These are also unseen datasets, so platform and study shift are confounded. Do not write ""fell to 0.4 on non-10x data"" without the ""about half"" qualifier.",https://www.nature.com/articles/s41467-024-51059-5 retrieved 2026-10-05: exact match
22,expert-opinion,"However, the strength of these current models for automated cell type annotation does not lie in correctly classifying novel cell types, but rather in context-specific suggestions which biologists can further refine.",research/automated-research/original-sources-text/01-paper-sctab-natcommun2024.txt,63,63,high,Authors' caveat on novel types (Discussion),YES,PASS,"Exact match at cited lines; context (±3 lines) checked, meaning preserved.",https://www.nature.com/articles/s41467-024-51059-5 retrieved 2026-10-05: exact match
23,benchmark,Linear 0.7848 ± 0.0001 4,research/automated-research/original-sources-text/01b-supplement-sctab-natcommun2024-si.txt,99,99,high,"Supp Table 1a linear, 4 runs",YES,WARNING,Format only: quote matches after collapsing line breaks/whitespace (multi-line JSON/markdown/PDF table or list). Content accurate; usable as is.,
24,benchmark,scTab (deep learning) 0.8300 ±0.0069 4,research/automated-research/original-sources-text/01b-supplement-sctab-natcommun2024-si.txt,112,112,high,Supp Table 1b scTab with donor bootstrap,YES,WARNING,"Format only: quote matches after collapsing line breaks/whitespace (multi-line JSON/markdown/PDF table or list). Content accurate; usable as is. This is SI Table 1b (seeds + donor bootstrap, 4 runs); main text and Table 1a give 0.8295 ± 0.0007 (5 runs). State which.",
25,benchmark,XGBoost (boosted decision trees) 0.8127 ± 0.0005 5,research/automated-research/original-sources-text/01b-supplement-sctab-natcommun2024-si.txt,97,97,medium,XGBoost listed with 5 runs in Supp Table 1a (Table 6 says 4: see notes file),YES,WARNING,"[Also whitespace-normalised multi-line quote.] Internal inconsistency in scTab SI: XGBoost 0.8127 ± 0.0005 listed with 5 runs (Supp. Table 1a) and 4 runs (Supp. Table 6). Cite the score, not the run count. Fact 26 first value (0.5855) is default hyperparameters.",
26,benchmark,XGBoost 0.5855 ± 0.0112 0.8127 ± 0.0005 4,research/automated-research/original-sources-text/01b-supplement-sctab-natcommun2024-si.txt,168,168,medium,XGBoost listed with 4 runs in Supp Table 6,YES,WARNING,"[Also whitespace-normalised multi-line quote.] Internal inconsistency in scTab SI: XGBoost 0.8127 ± 0.0005 listed with 5 runs (Supp. Table 1a) and 4 runs (Supp. Table 6). Cite the score, not the run count. Fact 26 first value (0.5855) is default hyperparameters.",
27,technical-spec,"Model checkpoints: https://pklab.med.harvard.edu/felix/data/scTab-checkpoints.tar.gz (8.1GB) * Minimal subset of the training, validation and test data: https://pklab.med.harvard.edu/felix/data/merlin_cxg_2023_05_15_sf-log1p_minimal.tar.gz (0.5GB)",research/automated-research/original-sources-text/02-repo-sctab-readme-devel.txt,9,10,high,Checkpoint and minimal-store downloads,YES,WARNING,Format only: quote matches after collapsing line breaks/whitespace (multi-line JSON/markdown/PDF table or list). Content accurate; usable as is.,https://github.com/theislab/scTab/blob/devel/README.md retrieved 2026-10-05: exact match (raw devel README)
28,technical-spec,Licence ------- MIT license,research/automated-research/original-sources-text/02-repo-sctab-readme-devel.txt,65,67,high,Code licence,YES,WARNING,Format only: quote matches after collapsing line breaks/whitespace (multi-line JSON/markdown/PDF table or list). Content accurate; usable as is. Licence applies to the repository; README says nothing explicit about checkpoints or data.,https://github.com/theislab/scTab/blob/devel/README.md retrieved 2026-10-05: exact match (raw devel README)
29,technical-spec,"Due to high computational demands, a modern GPU (e.g. Nvidia A100 or V100 GPU with at least 16GB of VRAM) is needed to run the training and evaluation scripts in this repository.\ On a normal desktop computer without GPU acceleration runtime will probably exceed several days.",research/automated-research/original-sources-text/02-repo-sctab-readme-devel.txt,61,63,high,Hardware requirement,YES,WARNING,Format only: quote matches after collapsing line breaks/whitespace (multi-line JSON/markdown/PDF table or list). Content accurate; usable as is.,https://github.com/theislab/scTab/blob/devel/README.md retrieved 2026-10-05: exact match (raw devel README)
30,statistics,On average 68% of the samples per cell type are in the train set in the current setting (ideal would be 70% with a 70% - 15% - 15% split). The worst outlier cell type is that only 37% of the cells are in the training set.,research/automated-research/original-sources-text/02b-repo-sctab-docs-data-devel.txt,44,46,high,Per-type train share under donor split,YES,WARNING,Format only: quote matches after collapsing line breaks/whitespace (multi-line JSON/markdown/PDF table or list). Content accurate; usable as is.,https://github.com/theislab/scTab/blob/devel/docs/data.md retrieved 2026-10-05: exact match (raw devel docs/data.md)
31,methodology,"Splits are based on donors: * E.g. each donor is either in the train, val or test set (Unlike for random subsampling) * A donor based split better represents how the classifier generalises to unseen donors / data sets",research/automated-research/original-sources-text/02b-repo-sctab-docs-data-devel.txt,40,42,high,Docs rationale for donor split,YES,WARNING,"[Also whitespace-normalised multi-line quote.] Rhetorical/authors' claim in repository docs: ""better represents how the classifier generalises to unseen donors / data sets"" is contradicted for data sets (studies) by HCE (fact 159: 24-32 point macro-F1 drop on new studies) and is more strongly worded than the paper, which calls the donor split ""a sensible compromise"" (fact 11). Quote only as the authors' rationale.",https://github.com/theislab/scTab/blob/devel/docs/data.md retrieved 2026-10-05: exact match (raw devel docs/data.md)
32,statistics,`56` different tissues (`197` with more fine-grained tissue annotation),research/automated-research/original-sources-text/02b-repo-sctab-docs-data-devel.txt,87,87,high,Tissue counts,YES,PASS,"Exact match at cited lines; context (±3 lines) checked, meaning preserved.",https://github.com/theislab/scTab/blob/devel/docs/data.md retrieved 2026-10-05: exact match (raw devel docs/data.md)
33,technical-spec,"ckpt = torch.load( 'scTab-checkpoints/scTab/run5/val_f1_macro_epoch=41_val_f1_macro=0.847.ckpt', )",research/automated-research/original-sources-text/02c-repo-sctab-model-inference-tutorial-devel.txt,118,120,high,Tutorial checkpoint path (run5),YES,WARNING,Format only: quote matches after collapsing line breaks/whitespace (multi-line JSON/markdown/PDF table or list). Content accurate; usable as is.,
34,technical-spec,# load the gene order on which model was trained on genes_from_model = pd.read_parquet('merlin_cxg_2023_05_15_sf-log1p_minimal/var.parquet'),research/automated-research/original-sources-text/02c-repo-sctab-model-inference-tutorial-devel.txt,80,81,high,Gene order from minimal store var.parquet,YES,WARNING,Format only: quote matches after collapsing line breaks/whitespace (multi-line JSON/markdown/PDF table or list). Content accurate; usable as is.,
35,technical-spec,# use raw counts adata.X = adata.raw.X,research/automated-research/original-sources-text/02c-repo-sctab-model-inference-tutorial-devel.txt,32,33,high,Tutorial uses raw counts as input,YES,WARNING,Format only: quote matches after collapsing line breaks/whitespace (multi-line JSON/markdown/PDF table or list). Content accurate; usable as is.,
36,technical-spec,"""id"": ""MohamedMabrouk/scTab"",",research/automated-research/original-sources-text/02d-meta-huggingface-sctab-mirror.txt,3,3,medium,Third-party mirror id (not official),YES,WARNING,Exact match at cited lines. Context caveat: Third-party Hugging Face mirror (not the scTab authors); metadata only. Use only to describe provenance of the mirror.,
37,technical-spec,"""rfilename"": ""val_f1_macro_epoch=41_val_f1_macro=0.847.ckpt""",research/automated-research/original-sources-text/02d-meta-huggingface-sctab-mirror.txt,76,76,medium,Mirror holds the run5-named checkpoint file,YES,WARNING,Exact match at cited lines. Context caveat: Third-party Hugging Face mirror (not the scTab authors); metadata only. Use only to describe provenance of the mirror.,
38,technical-spec,"""license"": ""mit"",",research/automated-research/original-sources-text/02d-meta-huggingface-sctab-mirror.txt,23,23,low,Mirror self-declared licence tag,YES,WARNING,Exact match at cited lines. Context caveat: Third-party self-declared licence tag on an unofficial mirror; not authoritative for the checkpoint licence. Official README states MIT for the repository only (fact 28).,
39,methodology,"Briefly, immune cells from 20 tissues of 19 studies were collected and harmonised into consistent labels.",research/automated-research/original-sources-text/03-paper-celltypist-science2022.txt,97,97,high,CellTypist training data and model (paper Methods),YES,WARNING,"Exact match at cited lines. Context caveat: Version mismatch: paper-era Methods say ""20 tissues of 19 studies""; the released Immune_All_Low v2 used by Rewire is registered as ""20 tissues of 18 studies"", 98 types (fact 44, verified live). Cite the registry for the model that is run.",
40,methodology,"These cells were split into equal-sized mini-batches, and these batches were sequentially trained by the l2-regularized logistic regression using stochastic gradient descent learning. Feature selection was performed to choose the top 300 genes from each cell type, and the union of these genes were supplied as the input for a second round of training.",research/automated-research/original-sources-text/03-paper-celltypist-science2022.txt,97,97,high,CellTypist algorithm and feature selection,YES,PASS,"Exact match at cited lines; context (±3 lines) checked, meaning preserved.",
41,technical-spec,"we next applied the low-hierarchy (high-resolution, 91 cell types and subtypes) classifier",research/automated-research/original-sources-text/03-paper-celltypist-science2022.txt,33,33,high,Paper-era low-hierarchy model had 91 types (registry v2 has 98),YES,WARNING,Exact match at cited lines. Context caveat: Version mismatch: 91 types is the paper-era low-hierarchy model; registry v2 Immune_All_Low has 98 types (fact 44; HIHA also cites 98). Do not describe the run model as 91-type.,
42,finding,"Notably, representation of a given cell type in the training data was a major determinant of its prediction accuracy (fig. S9C), implying higher model performance can be achieved by incorporating additional datasets.",research/automated-research/original-sources-text/03-paper-celltypist-science2022.txt,31,31,high,Training representation drives accuracy,YES,PASS,"Exact match at cited lines; context (±3 lines) checked, meaning preserved.",
43,limitation,"However, as demonstrated here, for example in the γδ T cell compartment, manual curation following automated annotation still has a role to play in revealing specific cell subtypes that may be absent from the database/training set.",research/automated-research/original-sources-text/03-paper-celltypist-science2022.txt,79,79,high,Manual curation still needed for absent subtypes,YES,PASS,"Exact match at cited lines; context (±3 lines) checked, meaning preserved.",
44,technical-spec,"""filename"": ""Immune_All_Low.pkl"", ""url"": ""https://celltypist.cog.sanger.ac.uk/models/Pan_Immune_CellTypist/v2/Immune_All_Low.pkl"", ""version"": ""v2"", ""date"": ""2022-07-16 00:20:42.927778"", ""details"": ""immune sub-populations combined from 20 tissues of 18 studies"", ""No_celltypes"": 98,",research/automated-research/original-sources-text/04-docs-celltypist-models.txt,6,13,high,Registry entry for Immune_All_Low v2,YES,WARNING,"Format only: quote matches after collapsing line breaks/whitespace (multi-line JSON/markdown/PDF table or list). Content accurate; usable as is. Cite this registry entry (98 types, 18 studies) for the model Rewire runs.",https://celltypist.cog.sanger.ac.uk/models/models.json retrieved 2026-10-05: exact match; registry last_update 2026-03-16; Immune_All_Low v2 still 98 types/18 studies
45,technical-spec,"""filename"": ""Immune_All_High.pkl"", ""url"": ""https://celltypist.cog.sanger.ac.uk/models/Pan_Immune_CellTypist/v2/Immune_All_High.pkl"", ""version"": ""v2"", ""date"": ""2022-07-16 08:53:00.959521"", ""details"": ""immune populations combined from 20 tissues of 18 studies"", ""No_celltypes"": 32,",research/automated-research/original-sources-text/04-docs-celltypist-models.txt,16,21,high,Registry entry for Immune_All_High v2,YES,WARNING,Format only: quote matches after collapsing line breaks/whitespace (multi-line JSON/markdown/PDF table or list). Content accurate; usable as is.,https://celltypist.cog.sanger.ac.uk/models/models.json retrieved 2026-10-05: exact match; registry last_update 2026-03-16; Immune_All_Low v2 still 98 types/18 studies
46,technical-spec,"""filename"": ""Healthy_COVID19_PBMC.pkl"", ""url"": ""https://celltypist.cog.sanger.ac.uk/models/COVID19_PBMC_Haniffa/v1/Healthy_COVID19_PBMC.pkl"", ""version"": ""v1"", ""date"": ""2022-03-10 05:08:08.224597"", ""details"": ""peripheral blood mononuclear cell types from healthy and COVID-19 individuals"", ""No_celltypes"": 51,",research/automated-research/original-sources-text/04-docs-celltypist-models.txt,331,336,high,Healthy_COVID19_PBMC model (used by HIHA to guide labels),YES,WARNING,Format only: quote matches after collapsing line breaks/whitespace (multi-line JSON/markdown/PDF table or list). Content accurate; usable as is.,https://celltypist.cog.sanger.ac.uk/models/models.json retrieved 2026-10-05: exact match; registry last_update 2026-03-16; Immune_All_Low v2 still 98 types/18 studies
47,technical-spec,#Examine the matrix representing the probability each cell belongs to a given cell type (transformed from decision matrix by the sigmoid function). predictions.probability_matrix,research/automated-research/original-sources-text/04b-repo-celltypist-readme.txt,129,130,high,Probability definition: sigmoid of decision score,YES,WARNING,Format only: quote matches after collapsing line breaks/whitespace (multi-line JSON/markdown/PDF table or list). Content accurate; usable as is.,https://github.com/Teichlab/celltypist/blob/main/README.md retrieved 2026-10-05: exact match (raw main README)
48,methodology,"By default, with the `annotate` function, each query cell is predicted into the cell type with the largest score/probability among all possible cell types (`mode = 'best match'`).",research/automated-research/original-sources-text/04b-repo-celltypist-readme.txt,132,132,high,Default best-match mode,YES,PASS,"Exact match at cited lines; context (±3 lines) checked, meaning preserved.",https://github.com/Teichlab/celltypist/blob/main/README.md retrieved 2026-10-05: exact match (raw main README)
49,methodology,"a mode of probability match can be turned on (`mode = 'prob match'`) with a probability cutoff (default to 0.5, `p_thres = 0.5`) to decide the cell types (none, 1, or multiple) assigned for a given cell.",research/automated-research/original-sources-text/04b-repo-celltypist-readme.txt,134,134,high,Prob-match mode with p_thres 0.5,YES,PASS,"Exact match at cited lines; context (±3 lines) checked, meaning preserved.",https://github.com/Teichlab/celltypist/blob/main/README.md retrieved 2026-10-05: exact match (raw main README)
50,methodology,#Query cell will get the label of 'Unassigned' if it fails to pass the probability cutoff in each cell type. #Query cell will get multiple label outputs (concatenated by '|') if more than one cell type passes the probability cutoff.,research/automated-research/original-sources-text/04b-repo-celltypist-readme.txt,136,137,high,Unassigned and multi-label outputs in prob match,YES,WARNING,Format only: quote matches after collapsing line breaks/whitespace (multi-line JSON/markdown/PDF table or list). Content accurate; usable as is.,https://github.com/Teichlab/celltypist/blob/main/README.md retrieved 2026-10-05: exact match (raw main README)
51,methodology,"To combine the cell type predictions with the cell-cell transcriptomic relationships, CellTypist offers a majority voting approach based on the idea that similar cell subtypes are more likely to form a (sub)cluster regardless of their individual prediction outcomes.",research/automated-research/original-sources-text/04b-repo-celltypist-readme.txt,209,209,high,Majority voting definition,YES,PASS,"Exact match at cited lines; context (±3 lines) checked, meaning preserved.",https://github.com/Teichlab/celltypist/blob/main/README.md retrieved 2026-10-05: exact match (raw main README)
52,technical-spec,"This classifier is well suited to datasets of small or intermediate sizes (as an empirical estimate, <= 100k cells), and usually leads to an unbiased probability range with less parameter tuning.",research/automated-research/original-sources-text/04b-repo-celltypist-readme.txt,421,421,medium,LR default and probability range claim (vendor documentation),YES,WARNING,"Exact match at cited lines. Context caveat: Vendor documentation claim (""unbiased probability range"") with no evidence given; the ""<=100k cells"" is described as an empirical estimate. Attribute to CellTypist docs; do not present as an established property.",
53,methodology,We evaluate the performance of the scANVI classifier at transferring labels from an annotated dataset to an unannotated dataset by looking at the maximum posterior probability for the observed classes.,research/automated-research/original-sources-text/05-paper-scanvi-msb2021.txt,247,247,high,scANVI confidence = max posterior over observed classes,YES,PASS,"Exact match at cited lines; context (±3 lines) checked, meaning preserved.",
54,methodology,In the case of N observed labels from the annotated dataset and one unannotated dataset (thus the cell type label is “Unlabeled”) scANVI assumes N + 1 classes.,research/automated-research/original-sources-text/05-paper-scanvi-msb2021.txt,247,247,high,scANVI N+1 classes with an unlabelled dataset,YES,PASS,"Exact match at cited lines; context (±3 lines) checked, meaning preserved.",
55,methodology,"To simulate this, for a given cell type c 0, we removed cells of this type from the PBMC‐8K dataset, and then harmonize the remaining cells with the unaltered PBMC‐CITE (which still contains c 0).",research/automated-research/original-sources-text/05-paper-scanvi-msb2021.txt,65,65,high,Removed-type stress test (one type in only one dataset),YES,WARNING,"Exact match to local text. Extraction artefact: ""c 0"" is subscript c₀ in the original.",
56,methodology,"Instead of using the labels from the original PBMC‐CITE study as ground truth (which were computationally derived), we used the protein data, which provides an experimentally derived proxy for cell state.",research/automated-research/original-sources-text/05-paper-scanvi-msb2021.txt,86,86,high,Protein as experimentally derived proxy for evaluating transferred labels,YES,PASS,"Exact match at cited lines; context (±3 lines) checked, meaning preserved.",
57,technical-spec,"We introduced architectural surgery, an easy-to-implement approach for TL, reusing neural network models by adding input nodes and weights (adaptors) for new studies and then fine tuning only those parameters.",research/automated-research/original-sources-text/06-paper-scarches-natbiotechnol2022.txt,79,79,high,Architecture surgery = adaptors fine-tuned only,YES,PASS,"Exact match at cited lines; context (±3 lines) checked, meaning preserved.",
58,methodology,"On top of that, we also freeze the classifier even for semi-supervised query data, because we want an unchanging reference performance for building a cell atlas and also to force cells in the query data with the same cell type annotation to be near to the corresponding reference cells in the latent representation.",research/automated-research/original-sources-text/06-paper-scarches-natbiotechnol2022.txt,112,112,high,scANVI surgery freezes the classifier,YES,PASS,"Exact match at cited lines; context (±3 lines) checked, meaning preserved.",
59,methodology,"We reported cells with more than 50% uncertainty as unknown to detect out-of-distribution cells with new labels, which do not exist in the training data.",research/automated-research/original-sources-text/06-paper-scarches-natbiotechnol2022.txt,217,217,high,scArches unknown rule: >50% uncertainty,YES,PASS,"Exact match at cited lines; context (±3 lines) checked, meaning preserved.",
60,finding,"scArches achieved ~84% accuracy across all tissues (Fig. 4c). Moreover, most of the misclassified cells and cells from the unseen tissue received high uncertainty scores (Fig. 4d and Supplementary Fig. 15b).",research/automated-research/original-sources-text/06-paper-scarches-natbiotechnol2022.txt,67,67,high,scArches label-transfer accuracy and uncertainty,YES,WARNING,"Exact match at cited lines. Context caveat: Dataset context: this is mouse Tabula Muris (Senis) query mapping with an unseen tissue, not human blood/PBMC; ~84% is accuracy across tissues.",
61,methodology,"As described in the original publication48, we examined projection scores and assigned cells with the lowest 20% of values to be ‘unknown’.",research/automated-research/original-sources-text/06-paper-scarches-natbiotechnol2022.txt,206,206,high,Comparator rejection rule: Seurat lowest 20% projection scores,YES,WARNING,"Exact match to local text. Extraction artefact: ""publication48"" glues reference 48.",
62,methodology,"We obtained PBMC samples from eight volunteers enrolled in an HIV vaccine trial (Elizaga et al., 2018; Li et al., 2017), with ages spanning from 20–49 years. For each subject, PBMCs were collected at three time points: immediately before (day 0), 3 days, and 7 days following administration of a VSV-vectored HIV vaccine (Figure 3A).",research/automated-research/original-sources-text/07-paper-hao2021-seurat-v4-cell.txt,74,74,high,Hao 2021 donors and time points,YES,PASS,"Exact match at cited lines; context (±3 lines) checked, meaning preserved.",
63,statistics,"For each sample, we profiled cells using 10x Chromium 3′ (using 228 TotalSeq A antibodies), representing a total of 161,764 cells",research/automated-research/original-sources-text/07-paper-hao2021-seurat-v4-cell.txt,74,74,high,Hao 2021 10x 3' cell count,YES,PASS,"Exact match at cited lines; context (±3 lines) checked, meaning preserved.",
64,statistics,"our final dataset consists of 210,911 total cells and allows us to profile cellular heterogeneity in both the resting (unvaccinated) and activated (post-vaccination) immune system.",research/automated-research/original-sources-text/07-paper-hao2021-seurat-v4-cell.txt,74,74,high,Hao 2021 final dataset includes resting and activated states,YES,PASS,"Exact match at cited lines; context (±3 lines) checked, meaning preserved.",
65,technical-spec,"To assist in the interpretation of our clusters, we assign each cell three annotations with increasing granularity (level 1, 8 categories; level 2, 30 categories; level 3, 57 categories).",research/automated-research/original-sources-text/07-paper-hao2021-seurat-v4-cell.txt,78,78,high,Hao 2021 three annotation tiers,YES,PASS,"Exact match at cited lines; context (±3 lines) checked, meaning preserved.",
66,historical,"Seurat v4 is released under the open source GPLv3 license, and all code is available at https://www.github.com/satijalab/seurat. To facilitate the mapping of new query datasets to the multimodal PBMC reference described in this manuscript, we have released an automated web app, Azimuth: https://azimuth.hubmapconsortium.org/.",research/automated-research/original-sources-text/07-paper-hao2021-seurat-v4-cell.txt,468,468,high,Azimuth web app release and Seurat licence,YES,PASS,"Exact match at cited lines; context (±3 lines) checked, meaning preserved.",
67,technical-spec,"Pan-Human Azimuth replaces the previous model of choosing separate Azimuth web applications for individual tissue or organ references. Instead, users can map data with a single pan-human, organ-spanning reference trained across 23 human tissues and 380 high-resolution cell types.",research/automated-research/original-sources-text/08-web-azimuth-portal.txt,5,5,high,Portal: Pan-Human Azimuth replaces tissue apps; 380 types,YES,WARNING,"Exact match at cited lines. Context caveat: Inconsistent count: portal says 380 high-resolution types, the documentation site says 381 (fact 80). Write ""about 380"" or cite both.",https://azimuth.hubmapconsortium.org/ retrieved 2026-10-05: exact match
68,technical-spec,"The classifier returns hierarchical annotations, confidence scores, and Azimuth embeddings that can be used for downstream analysis and quality control.",research/automated-research/original-sources-text/08-web-azimuth-portal.txt,5,5,high,Portal: outputs,YES,PASS,"Exact match at cited lines; context (±3 lines) checked, meaning preserved.",https://azimuth.hubmapconsortium.org/ retrieved 2026-10-05: exact match
69,historical,"As part of this transition, we are no longer creating or updating tissue-specific Azimuth references, and we are no longer supporting the web applications for individual tissue-specific references.",research/automated-research/original-sources-text/08-web-azimuth-portal.txt,12,12,high,Tissue-specific Azimuth apps retired,YES,PASS,"Exact match at cited lines; context (±3 lines) checked, meaning preserved.",https://azimuth.hubmapconsortium.org/ retrieved 2026-10-05: exact match
70,technical-spec,Users can still map new datasets to the existing Azimuth references in R.,research/automated-research/original-sources-text/08-web-azimuth-portal.txt,13,13,high,Existing references still usable in R,YES,PASS,"Exact match at cited lines; context (±3 lines) checked, meaning preserved.",https://azimuth.hubmapconsortium.org/ retrieved 2026-10-05: exact match
71,statistics,A total of approximately 27.04 million cellular profiles from 23 tissues across the body were collected.,research/automated-research/original-sources-text/09-preprint-pan-human-azimuth-2026.txt,29,29,high,Pan-human Azimuth corpus collected,YES,PASS,"Exact match at cited lines; context (±3 lines) checked, meaning preserved.","https://pmc.ncbi.nlm.nih.gov/articles/PMC13419436/ retrieved 2026-10-05: exact match (PMC13419436, bioRxiv preprint)"
72,methodology,"Low-UMI droplets and simulated ambient-RNA profiles generated from tissue-specific pseudobulks were included as approximately 145,000 negative training examples labeled “Unassigned,” enabling the model to identify low-quality or non-cellular profiles during inference.",research/automated-research/original-sources-text/09-preprint-pan-human-azimuth-2026.txt,29,29,high,Unassigned class = negative training examples,YES,PASS,"Exact match at cited lines; context (±3 lines) checked, meaning preserved.","https://pmc.ncbi.nlm.nih.gov/articles/PMC13419436/ retrieved 2026-10-05: exact match (PMC13419436, bioRxiv preprint)"
73,methodology,"By including negative examples from both classes, we aimed to train the model to perform quality control jointly with cell type annotation, allowing poor-quality or mixed profiles to be labeled as “Unassigned” rather than forced into an incorrect cell identity.",research/automated-research/original-sources-text/09-preprint-pan-human-azimuth-2026.txt,131,131,high,"Purpose of Unassigned: QC, not novel types",YES,PASS,"Exact match at cited lines; context (±3 lines) checked, meaning preserved.","https://pmc.ncbi.nlm.nih.gov/articles/PMC13419436/ retrieved 2026-10-05: exact match (PMC13419436, bioRxiv preprint)"
74,statistics,"yielding 9,665,434 high-confidence cells across 23 tissues.",research/automated-research/original-sources-text/09-preprint-pan-human-azimuth-2026.txt,128,128,high,High-confidence training corpus size,YES,PASS,"Exact match at cited lines; context (±3 lines) checked, meaning preserved.","https://pmc.ncbi.nlm.nih.gov/articles/PMC13419436/ retrieved 2026-10-05: exact match (PMC13419436, bioRxiv preprint)"
75,methodology,We split our final training dataset of ~9.8 million cells into training:validation:test splits with a 7:1:2 ratio.,research/automated-research/original-sources-text/09-preprint-pan-human-azimuth-2026.txt,155,155,high,Split is stratified 7:1:2 (not study holdout),YES,WARNING,"Exact match at cited lines. Context caveat: Preprint. Size inconsistency within the preprint: ""~9.8 million"" final training set vs 9,665,434 high-confidence cells (fact 74); the gap may be the ~145k Unassigned negatives (extractor inference, unconfirmed). Split is stratified 7:1:2 by cell, not by study.","https://pmc.ncbi.nlm.nih.gov/articles/PMC13419436/ retrieved 2026-10-05: exact match (PMC13419436, bioRxiv preprint)"
76,methodology,"To address this, we applied entropy-informed temperature scaling56 as a post-hoc calibration step (Supplementary Methods). We applied this separately to each of the eight hierarchical classification heads, training on a set held out from the main classifier training, to align predicted probabilities with observed empirical performance.",research/automated-research/original-sources-text/09-preprint-pan-human-azimuth-2026.txt,43,43,high,Calibration by entropy-informed temperature scaling,YES,WARNING,"Exact match to local text. Extraction artefact: ""scaling56"" glues reference 56. Preprint (bioRxiv 2026, not peer reviewed).",https://pmc.ncbi.nlm.nih.gov/articles/PMC13419436/ retrieved 2026-10-05: match; live renders superscript ref 56
77,finding,"Pan-human Azimuth returned high-confidence annotations across the atlas (Fig.3D), with a median calibrated confidence score of 0.95 at the most fine-grained level assigned to each cell.",research/automated-research/original-sources-text/09-preprint-pan-human-azimuth-2026.txt,48,48,high,New-donor check on Tabula Sapiens v2,YES,WARNING,"Exact match at cited lines. Context caveat: Preprint finding; extractor note is misleading. The median calibrated confidence of 0.95 is over the whole Tabula Sapiens atlas (v1 donors may overlap training data), not the 9 new v2 donors only; the v2 claim is only ""no systematic decrease in confidence"". Confidence is not accuracy.",https://pmc.ncbi.nlm.nih.gov/articles/PMC13419436/ retrieved 2026-10-05: match (punctuation rendering only)
78,limitation,"For example, the current model was not designed to capture developmental stages, disease-specific states, or cancer programs.",research/automated-research/original-sources-text/09-preprint-pan-human-azimuth-2026.txt,91,91,high,Scope limitation (Discussion),YES,PASS,"Exact match at cited lines; context (±3 lines) checked, meaning preserved.",
79,technical-spec,This work is licensed under a Creative Commons Attribution-NonCommercial 4.0 International License,research/automated-research/original-sources-text/09-preprint-pan-human-azimuth-2026.txt,11,11,high,Preprint licence,YES,PASS,"Exact match at cited lines; context (±3 lines) checked, meaning preserved.",
80,technical-spec,"The model has been trained on data from 23 different tissues, encompassing 381 different cell types at the highest resolution, organized into a unified hierarchical cell typology based on an adapted version of the DISCO reference.",research/automated-research/original-sources-text/09b-web-pan-human-azimuth-site.txt,35,35,high,Site: 381 types (portal says 380),YES,WARNING,Exact match at cited lines. Context caveat: Inconsistent count: site says 381 types; portal says 380 (fact 67).,
81,historical,The default model version for Pan-human Azimuth has changed to v1 in panhumanpy 1.0.0 and AzimuthAPI 1.0.0.,research/automated-research/original-sources-text/09b-web-pan-human-azimuth-site.txt,23,23,high,Default model version v1,YES,PASS,"Exact match at cited lines; context (±3 lines) checked, meaning preserved.",
82,technical-spec,"Pan-human Azimuth is made available through an open-source Python package (panhumanpy) and an R interface (AzimuthAPI), allowing users to annotate their datasets directly.",research/automated-research/original-sources-text/09b-web-pan-human-azimuth-site.txt,36,36,high,Distribution channels,YES,PASS,"Exact match at cited lines; context (±3 lines) checked, meaning preserved.",
83,technical-spec,**Current version: 1.0.0 (Orion)**,research/automated-research/original-sources-text/10-repo-panhumanpy-readme.txt,3,3,high,panhumanpy version,YES,PASS,"Exact match at cited lines; context (±3 lines) checked, meaning preserved.",https://github.com/satijalab/panhumanpy/blob/main/README.md retrieved 2026-10-05: exact match (raw main README)
84,technical-spec,"| DOI | https://doi.org/10.5281/zenodo.20401417 | | Models | v0, v1 | | License | CC BY 4.0 |",research/automated-research/original-sources-text/10-repo-panhumanpy-readme.txt,53,55,high,Model weights licence CC BY 4.0 on Zenodo,YES,WARNING,Format only: quote matches after collapsing line breaks/whitespace (multi-line JSON/markdown/PDF table or list). Content accurate; usable as is.,https://github.com/satijalab/panhumanpy/blob/main/README.md retrieved 2026-10-05: exact match (raw main README)
85,technical-spec,"Currently available model versions: 'v0', 'v1'",research/automated-research/original-sources-text/10-repo-panhumanpy-readme.txt,45,45,high,Available model versions,YES,PASS,"Exact match at cited lines; context (±3 lines) checked, meaning preserved.",https://github.com/satijalab/panhumanpy/blob/main/README.md retrieved 2026-10-05: exact match (raw main README)
86,statistics,The total number of unique cells available on CZ CELLxGENE now surpasses 93 million cells.,research/automated-research/original-sources-text/11-paper-cellxgene-discover-nar2025.txt,35,35,high,Corpus size,YES,WARNING,"Exact match at cited lines. Context caveat: Time-bound figure (""now surpasses 93 million"") as of the NAR 2025 paper; Census LTS 2025-11-08 lists 99.6 M unique human cells alone (fact 96). Date it if used.",
87,technical-spec,This field is used to mark each observation as ‘primary’ exactly one time throughout the corpus so that cross-corpus aggregations can avoid redundant observations in their analysis.,research/automated-research/original-sources-text/11-paper-cellxgene-discover-nar2025.txt,35,35,high,is_primary_data purpose,YES,PASS,"Exact match at cited lines; context (±3 lines) checked, meaning preserved.",
88,technical-spec,The schema requires raw counts (e.g. mapped but unnormalized) as part of data submission.,research/automated-research/original-sources-text/11-paper-cellxgene-discover-nar2025.txt,35,35,high,Raw counts required,YES,PASS,"Exact match at cited lines; context (±3 lines) checked, meaning preserved.",
89,statistics,"Of the human data, ∼62% is defined as coming from healthy donors, and the remaining 38% span 132 unique diseases.",research/automated-research/original-sources-text/11-paper-cellxgene-discover-nar2025.txt,61,61,high,Human data composition,YES,PASS,"Exact match at cited lines; context (±3 lines) checked, meaning preserved.",
90,technical-spec,"""stable"": ""2025-11-08"", ""latest"": ""2025-11-17"",",research/automated-research/original-sources-text/12-docs-census-release-json.txt,2,3,high,Stable and latest builds at retrieval,YES,WARNING,Format only: quote matches after collapsing line breaks/whitespace (multi-line JSON/markdown/PDF table or list). Content accurate; usable as is.,"https://census.cellxgene.cziscience.com/cellxgene-census/v1/release.json retrieved 2026-10-05: exact match; stable 2025-11-08, latest still 2025-11-17"
91,technical-spec,"""do_not_delete"": true, ""flags"": { ""lts"": true }",research/automated-research/original-sources-text/12-docs-census-release-json.txt,124,140,high,2025-11-08 build flagged LTS and do_not_delete,YES,WARNING,Format only: quote matches after collapsing line breaks/whitespace (multi-line JSON/markdown/PDF table or list). Content accurate; usable as is. The quoted text is identical for every LTS block; the release (2025-11-08) is identified only by the line range — say so when citing.,"https://census.cellxgene.cziscience.com/cellxgene-census/v1/release.json retrieved 2026-10-05: confirmed: 2025-11-08 and 2023-05-15 both lts=true, do_not_delete=true"
92,technical-spec,"""do_not_delete"": true, ""flags"": { ""lts"": true }",research/automated-research/original-sources-text/12-docs-census-release-json.txt,4,20,high,2023-05-15 (scTab/scGPT release) also LTS,YES,WARNING,Format only: quote matches after collapsing line breaks/whitespace (multi-line JSON/markdown/PDF table or list). Content accurate; usable as is. The quoted text is identical for every LTS block; the release (2023-05-15) is identified only by the line range.,"https://census.cellxgene.cziscience.com/cellxgene-census/v1/release.json retrieved 2026-10-05: confirmed: 2025-11-08 and 2023-05-15 both lts=true, do_not_delete=true"
93,technical-spec,"To enable data stability and scientific reproducibility, CZ CELLxGENE Discover plans to keep certain Census data releases available for public access for at least 5 years upon publication.",research/automated-research/original-sources-text/12b-docs-census-data-release-info.txt,69,69,high,LTS retention,YES,PASS,"Exact match at cited lines; context (±3 lines) checked, meaning preserved.",https://chanzuckerberg.github.io/cellxgene-census/cellxgene_census_docsite_data_release_info.html retrieved 2026-10-05: exact match
94,technical-spec,[ROW] Census schema version | 2.4.0 [ROW] Census build date | 2025-11-08 [ROW] Dataset schema version | 7.0.0 [ROW] Number of datasets | 1845,research/automated-research/original-sources-text/12b-docs-census-data-release-info.txt,86,90,high,LTS 2025-11-08 version information,YES,WARNING,Format only: quote matches after collapsing line breaks/whitespace (multi-line JSON/markdown/PDF table or list). Content accurate; usable as is.,
95,limitation,"The obs disease and disease_ontology_term_id fields may now contain multiple values delimited by ' || ', so exact string equality queries on these fields may yield incomplete results.",research/automated-research/original-sources-text/12b-docs-census-data-release-info.txt,94,94,high,Multi-valued disease field breaks exact-match filters,YES,PASS,"Exact match at cited lines; context (±3 lines) checked, meaning preserved.",https://chanzuckerberg.github.io/cellxgene-census/cellxgene_census_docsite_data_release_info.html retrieved 2026-10-05: match (whitespace/punctuation rendering only); erratum still present
96,statistics,"[ROW] Homo sapiens | 162,025,130 | 99,633,637",research/automated-research/original-sources-text/12b-docs-census-data-release-info.txt,100,100,high,Human cell counts in LTS 2025-11-08,YES,PASS,"Exact match at cited lines; context (±3 lines) checked, meaning preserved.",
97,statistics,[ROW] Cell type | 898 | 473 | 40 | 54 | 25,research/automated-research/original-sources-text/12b-docs-census-data-release-info.txt,108,108,high,Distinct cell types in LTS 2025-11-08,YES,PASS,"Exact match at cited lines; context (±3 lines) checked, meaning preserved.",
98,finding,"In order to prevent duplicate data in analyses, each observation (cell) should be marked is_primary data = True exactly once in the Census. Since this LTS release, 243,569 observations have been identified that are represented at least twice with is_primary_data = True.",research/automated-research/original-sources-text/12b-docs-census-data-release-info.txt,246,246,high,Erratum for scTab's Census release,YES,PASS,"Exact match at cited lines; context (±3 lines) checked, meaning preserved.",https://chanzuckerberg.github.io/cellxgene-census/cellxgene_census_docsite_data_release_info.html retrieved 2026-10-05: match (whitespace/punctuation rendering only); erratum still present
99,technical-spec,Version: 7.0.0,research/automated-research/original-sources-text/13-docs-cellxgene-schema-7.0.0.txt,7,7,high,Schema version,YES,PASS,"Exact match at cited lines; context (±3 lines) checked, meaning preserved.",
100,technical-spec,| [Cell Ontology] | CL: | [2025-07-30](https://github.com/obophenotype/cell-ontology/releases/tag/v2025-07-30),research/automated-research/original-sources-text/13-docs-cellxgene-schema-7.0.0.txt,225,225,high,Schema pins CL release 2025-07-30,YES,WARNING,Format only: quote matches after collapsing line breaks/whitespace (multi-line JSON/markdown/PDF table or list). Content accurate; usable as is.,https://github.com/chanzuckerberg/single-cell-curation/blob/main/schema/7.0.0/schema.md retrieved 2026-10-05: exact match (raw schema.md)
101,technical-spec,This MUST be <code>True</code> if this is the canonical instance of this cellular observation and <code>False</code> if not. This is commonly <code>False</code> for meta-analyses reusing data or for secondary views of data.,research/automated-research/original-sources-text/13-docs-cellxgene-schema-7.0.0.txt,725,725,high,is_primary_data definition,YES,WARNING,"Exact match to local text. Quote contains literal HTML <code> tags from schema markdown; strip when quoting. Field definition also starts with a spatial-data clause (omitted, does not change meaning).",https://github.com/chanzuckerberg/single-cell-curation/blob/main/schema/7.0.0/schema.md retrieved 2026-10-05: match once HTML <code> tags are removed; live text also begins with spatial is_single clause
102,technical-spec,"If no appropriate term can be found (e.g. the cell type is unknown), then `""unknown""` MUST be used.",research/automated-research/original-sources-text/13-docs-cellxgene-schema-7.0.0.txt,210,210,high,Unknown cell types,YES,PASS,"Exact match at cited lines; context (±3 lines) checked, meaning preserved.",https://github.com/chanzuckerberg/single-cell-curation/blob/main/schema/7.0.0/schema.md retrieved 2026-10-05: exact match (raw schema.md)
103,technical-spec,#### License CC-BY 4.0,research/automated-research/original-sources-text/14-web-aws-registry-cellxgene-census.txt,10,11,high,Census data licence on AWS registry,YES,WARNING,Format only: quote matches after collapsing line breaks/whitespace (multi-line JSON/markdown/PDF table or list). Content accurate; usable as is.,https://registry.opendata.aws/biohub-cellxgene-census/ retrieved 2026-10-05: match (markdown heading rendering only)
104,technical-spec,New releases are published weekly. Long-term supported (LTS) releases are published every 6 months.,research/automated-research/original-sources-text/14-web-aws-registry-cellxgene-census.txt,9,9,high,Release cadence,YES,WARNING,"Exact match at cited lines. Context caveat: Stated cadence (""LTS every 6 months"") is not borne out by the LTS list (2023-05-15, 2023-07-25, 2023-12-15, 2024-07-01, 2025-01-30, 2025-11-08; ~9.5-month gap before the current one). Also weekly ""latest"" has not advanced past 2025-11-17 as of 2026-10-05 (live release.json). Avoid quoting the cadence as fact.",https://registry.opendata.aws/biohub-cellxgene-census/ retrieved 2026-10-05: exact match
105,technical-spec,CELLxGENE Discover Census was accessed on DATE from https://registry.opendata.aws/biohub-cellxgene-census.,research/automated-research/original-sources-text/14-web-aws-registry-cellxgene-census.txt,20,20,medium,Citation form,YES,PASS,"Exact match at cited lines; context (±3 lines) checked, meaning preserved.",
106,historical,"The Cell Ontology (CL) is an OBO Foundry candidate ontology covering the domain of canonical, natural biological cell types. Since its inception in 2005, the CL has undergone multiple rounds of revision and expansion, most notably in its representation of hematopoietic cells.",research/automated-research/original-sources-text/15-paper-cell-ontology-2016-jbiomedsem.txt,20,20,high,CL scope and history,YES,PASS,"Exact match at cited lines; context (±3 lines) checked, meaning preserved.",
107,statistics,"As of June 2016, The CL contains approximately 2,200 classes, compared with 1534 at the time of our last report [3].",research/automated-research/original-sources-text/15-paper-cell-ontology-2016-jbiomedsem.txt,46,46,high,CL size in 2016; haematopoietic branch,YES,PASS,"Exact match at cited lines; context (±3 lines) checked, meaning preserved.",
108,statistics,"with one of the most well-represented being the hematopoietic cell branch, as described in [2–4], currently totaling 575 classes.",research/automated-research/original-sources-text/15-paper-cell-ontology-2016-jbiomedsem.txt,46,46,high,Haematopoietic branch size,YES,PASS,"Exact match at cited lines; context (±3 lines) checked, meaning preserved.",
109,historical,"""tag_name"": ""v2025-07-30"", ""target_commitish"": ""master"", ""name"": ""2025-07-30 Release"",",research/automated-research/original-sources-text/16-release-cell-ontology-v2025-07-30.txt,29,31,high,CL release tag used by schema 7.0.0,YES,WARNING,Format only: quote matches after collapsing line breaks/whitespace (multi-line JSON/markdown/PDF table or list). Content accurate; usable as is.,
110,historical,"""published_at"": ""2025-07-30T13:04:27Z"",",research/automated-research/original-sources-text/16-release-cell-ontology-v2025-07-30.txt,37,37,high,Release publication time,YES,PASS,"Exact match at cited lines; context (±3 lines) checked, meaning preserved.",
111,historical,"""prerelease"": false,",research/automated-research/original-sources-text/16-release-cell-ontology-v2025-07-30.txt,34,34,medium,Not a prerelease,YES,PASS,"Exact match at cited lines; context (±3 lines) checked, meaning preserved.",
112,expert-opinion,"The Cell Ontology (CL) has emerged as a pivotal resource for achieving FAIR (Findable, Accessible, Interoperable, and Reusable) data principles by providing standardized, species-agnostic terms for canonical cell types—forming a core component of a wide range of platforms and tools.",research/automated-research/original-sources-text/40-preprint-cell-ontology-2025-arxiv-v3.txt,4,4,high,CL role in FAIR annotation,YES,WARNING,"Exact match at cited lines. Context caveat: Promotional framing from a CL consortium preprint (arXiv v3, not peer reviewed). Use as authors' view only.",
113,technical-spec,"Consortia and platforms like HuBMAP (the Human BioMolecular Atlas Program)(HuBMAP Consortium 2019), the Human Cell Atlas (HCA)(Regev et al. 2017), and CELLxGENE (Megill et al. 2021; CZI Single-Cell Biology Program et al. 2023) mandate the use of CL IDs to annotate cell type terms in datasets—this has allowed better integration and findability of datasets.",research/automated-research/original-sources-text/40-preprint-cell-ontology-2025-arxiv-v3.txt,31,31,high,CELLxGENE/HCA/HuBMAP mandate CL IDs,YES,PASS,"Exact match at cited lines; context (±3 lines) checked, meaning preserved.",
114,technical-spec,CL represents canonical (non-pathological/wild-type) cell types.,research/automated-research/original-sources-text/40-preprint-cell-ontology-2025-arxiv-v3.txt,7,7,high,CL covers canonical (non-pathological) types,YES,PASS,"Exact match at cited lines; context (±3 lines) checked, meaning preserved.",
115,methodology,"Here, we benchmarked 22 classification methods that automatically assign cell identities including single-cell-specific and general-purpose classifiers. The performance of the methods is evaluated using 27 publicly available single-cell RNA sequencing datasets of different sizes, technologies, species, and levels of complexity.",research/automated-research/original-sources-text/17-paper-abdelaal2019-genomebiol.txt,20,20,high,Benchmark scope,YES,PASS,"Exact match at cited lines; context (±3 lines) checked, meaning preserved.",https://genomebiology.biomedcentral.com/articles/10.1186/s13059-019-1795-z retrieved 2026-10-05: exact match
116,methodology,"First, all the T cells were removed from the training set. Next, only the CD4+ T cells were removed. Finally, only CD4+/CD45RO+ memory T cells, a subpopulation of the CD4+ T cells, were removed.",research/automated-research/original-sources-text/17-paper-abdelaal2019-genomebiol.txt,148,148,high,Removed-population rejection design,YES,PASS,"Exact match at cited lines; context (±3 lines) checked, meaning preserved.",
117,finding,"We expected that rejecting T cells would be a relatively easy task as they are quite distinct from all other cell populations in the dataset. It should thus be comparable to the negative control experiment. Rejecting CD4+/CD45RO+ memory T cells, on the other hand, would be more difficult as they could easily be confused with all other subpopulations of CD4+ T cells. Surprisingly, almost all classifiers, except for scID and scmapcluster, show the opposite.",research/automated-research/original-sources-text/17-paper-abdelaal2019-genomebiol.txt,148,148,high,Unexpected difficulty ordering,YES,PASS,"Exact match at cited lines; context (±3 lines) checked, meaning preserved.",https://genomebiology.biomedcentral.com/articles/10.1186/s13059-019-1795-z retrieved 2026-10-05: match; live renders method name as SVM_rejection (italic/subscript) where local text has SVMrejection
118,finding,"In the first task (T cells removed from the training set), SVMrejection labels almost all T cells as B cells. This can be explained by the fact that SVMrejection, and most classifiers for that matter, relies on the classification posterior probabilities to assign labels but ignores the actual similarity between each cell and the assigned population.",research/automated-research/original-sources-text/17-paper-abdelaal2019-genomebiol.txt,149,149,high,SVMrejection labels removed T cells as B cells; posterior ignores similarity,YES,PASS,"Exact match at cited lines; context (±3 lines) checked, meaning preserved.",https://genomebiology.biomedcentral.com/articles/10.1186/s13059-019-1795-z retrieved 2026-10-05: match; live renders method name as SVM_rejection (italic/subscript) where local text has SVMrejection
119,finding,"If one of these CD8+ T cell populations was removed from the training set, only 10.53% instead of 75.57% of the CD4+ T cells were assigned as unlabeled by SVMrejection.",research/automated-research/original-sources-text/17-paper-abdelaal2019-genomebiol.txt,149,149,high,Rejection depends on reference composition,YES,PASS,"Exact match at cited lines; context (±3 lines) checked, meaning preserved.",https://genomebiology.biomedcentral.com/articles/10.1186/s13059-019-1795-z retrieved 2026-10-05: match; live renders method name as SVM_rejection (italic/subscript) where local text has SVMrejection
120,finding,"All together, our results indicate that despite the importance of incorporating a rejection option in cell identity classifiers, the implementation of this rejection option remains challenging.",research/automated-research/original-sources-text/17-paper-abdelaal2019-genomebiol.txt,149,149,high,Conclusion on rejection,YES,PASS,"Exact match at cited lines; context (±3 lines) checked, meaning preserved.",
121,methodology,"SVMrejection, a threshold of 0.7 was used on the posterior probabilities to assign cells as “unlabeled.”",research/automated-research/original-sources-text/17-paper-abdelaal2019-genomebiol.txt,186,186,high,SVMrejection threshold,YES,PASS,"Exact match at cited lines; context (±3 lines) checked, meaning preserved.",https://genomebiology.biomedcentral.com/articles/10.1186/s13059-019-1795-z retrieved 2026-10-05: match; live renders method name as SVM_rejection (italic/subscript) where local text has SVMrejection
122,expert-opinion,"Taken together, we recommend the use of the general-purpose SVMrejection classifier (with a linear kernel) since it has a better performance compared to the other classifiers tested across all datasets.",research/automated-research/original-sources-text/17-paper-abdelaal2019-genomebiol.txt,181,181,high,Recommendation,YES,PASS,"Exact match at cited lines; context (±3 lines) checked, meaning preserved.",https://genomebiology.biomedcentral.com/articles/10.1186/s13059-019-1795-z retrieved 2026-10-05: match; live renders method name as SVM_rejection (italic/subscript) where local text has SVMrejection
123,finding,"However, we found that the certainties are calibrated differently for the different methods, which makes this approach futile as it will weigh more on the predictions of classifiers with higher estimated certainties.",research/automated-research/original-sources-text/18-paper-popv-natgenet2024.txt,41,41,high,Method-intrinsic certainties calibrated differently,YES,PASS,"Exact match at cited lines; context (±3 lines) checked, meaning preserved.",
124,finding,"For scores of 6 and higher, we found that more than 90% of the annotations were exact matches with the ground truth. For scores of 8, which is a perfect agreement between all methods, 98% of the predictions were exact matches. For scores of 3 and lower, the prediction accuracy was lower than 50%",research/automated-research/original-sources-text/18-paper-popv-natgenet2024.txt,52,52,high,Consensus score vs accuracy,YES,PASS,"Exact match at cited lines; context (±3 lines) checked, meaning preserved.",
125,finding,The second reason for a low consensus score in this case study occurs when the query dataset contains subsets of cells that are absent from the reference atlas.,research/automated-research/original-sources-text/18-paper-popv-natgenet2024.txt,54,54,high,Low consensus from reference-absent populations,YES,PASS,"Exact match at cited lines; context (±3 lines) checked, meaning preserved.",
126,finding,"Despite this clear delineation, we found that many CD8− cells are labeled in the reference atlas as CD8+ T cells.",research/automated-research/original-sources-text/18-paper-popv-natgenet2024.txt,55,55,high,Low consensus from reference annotation errors,YES,PASS,"Exact match at cited lines; context (±3 lines) checked, meaning preserved.",
127,finding,"Our findings indicate that hierarchical classifiers are superior when rejection is applied, with partial rejection being the preferred rejection approach, as it preserves a significant amount of label information. For optimal rejection implementation, the rejection threshold should be determined through careful examination of a method’s rejection behavior.",research/automated-research/original-sources-text/19-paper-hierarchical-reject-bioinformatics2024.txt,21,21,high,Partial rejection preferred; threshold must be examined,YES,PASS,"Exact match at cited lines; context (±3 lines) checked, meaning preserved.",
128,methodology,"In general, all the models were evaluated with 5-fold cross-validation (80% training and 20% test). Per fold, the training set was then further split into a training and validation set (75%/25%).",research/automated-research/original-sources-text/19-paper-hierarchical-reject-bioinformatics2024.txt,74,74,high,Within-dataset 5-fold CV (not cross-study),YES,PASS,"Exact match at cited lines; context (±3 lines) checked, meaning preserved.",
129,finding,The logistic regression classifier exhibits substantially fewer rejections at lower rejection thresholds than the linear SVM and random forests classifier.,research/automated-research/original-sources-text/19-paper-hierarchical-reject-bioinformatics2024.txt,80,80,high,Rejection behaviour differs by classifier,YES,PASS,"Exact match at cited lines; context (±3 lines) checked, meaning preserved.",
130,finding,"Overall, the difference in behavior has primarily practical implications, as the optimal rejection threshold across these three classifiers will differ quite severely. These results indicate the importance of constructing accuracy-rejection curves for every specific use case prior to rejection implementation.",research/automated-research/original-sources-text/19-paper-hierarchical-reject-bioinformatics2024.txt,80,80,high,Optimal threshold differs; build accuracy-rejection curves,YES,PASS,"Exact match at cited lines; context (±3 lines) checked, meaning preserved.",
131,methodology,"For the lung-tissue analysis, we used a cross-tissue immune-cell atlas from healthy adult donors as a reference (Domínguez Conde et al. 2022).",research/automated-research/original-sources-text/20-paper-conformal-annotation-bioinformatics2025.txt,85,85,high,Immune reference = CellTypist atlas; independent lung queries,YES,PASS,"Exact match at cited lines; context (±3 lines) checked, meaning preserved.",
132,methodology,"We used the well-established leave-one-cell-type-out strategy, i.e. exclude all observations of one cell type from the reference dataset, while they were retained in the query set.",research/automated-research/original-sources-text/20-paper-conformal-annotation-bioinformatics2025.txt,91,91,high,Leave-one-cell-type-out strategy,YES,PASS,"Exact match at cited lines; context (±3 lines) checked, meaning preserved.",
133,limitation,"These shifts can arise from technical sources (e.g. batch effects) or biological variation (e.g. different tissues or disease states), compromising the exchangeability assumption required by conformal prediction.",research/automated-research/original-sources-text/20-paper-conformal-annotation-bioinformatics2025.txt,112,112,high,Reference-query shift breaks exchangeability,YES,PASS,"Exact match at cited lines; context (±3 lines) checked, meaning preserved.",
134,limitation,"Despite the statistical advantages offered by our annotator based on conformal prediction, a poor recall performance in the anomaly detector can compromise the theoretical guarantees.",research/automated-research/original-sources-text/20-paper-conformal-annotation-bioinformatics2025.txt,129,129,high,Low detector recall breaks guarantees,YES,PASS,"Exact match at cited lines; context (±3 lines) checked, meaning preserved.",
135,methodology,"To simulate an unseen cell type in the query dataset, we perform a leave-one-cell-type-out setting in each references-query pair. In doing so, we obtain a total of 50 tests in the PBMC collection and 25 tests in the Pancreas collection",research/automated-research/original-sources-text/21-paper-mtann-ploscompbiol2023.txt,44,44,high,Leave-one-type-out with dataset alternation; AUPRC,YES,PASS,"Exact match at cited lines; context (±3 lines) checked, meaning preserved.",
136,finding,"Most methods for identifying unseen cell types use a fixed threshold (e.g., scmap) or a fixed ratio (e.g., Seurat v3) as the threshold, which may not generalize well on new datasets.",research/automated-research/original-sources-text/21-paper-mtann-ploscompbiol2023.txt,48,48,high,Fixed thresholds generalise poorly,YES,PASS,"Exact match at cited lines; context (±3 lines) checked, meaning preserved.",
137,finding,"the proportion of “unassigned” cells identified by Seurat v3, fixed at 20%, is also higher than the true proportion.",research/automated-research/original-sources-text/21-paper-mtann-ploscompbiol2023.txt,48,48,high,Seurat v3 unassigned fixed at 20%,YES,PASS,"Exact match at cited lines; context (±3 lines) checked, meaning preserved.",
138,finding,"In detail, we find that mtANN identifies most B cells as “unassigned”, whereas all other comparison methods annotate most B cells as a similar cell type (CD4+ T cells) as they are all derived from lymphoid progenitors (Fig 4C).",research/automated-research/original-sources-text/21-paper-mtann-ploscompbiol2023.txt,52,52,high,Removed B cells absorbed into CD4 T by most methods,YES,PASS,"Exact match at cited lines; context (±3 lines) checked, meaning preserved.",
139,statistics,"we have constructed a foundation model for single-cell biology, scGPT, based on a generative pretrained transformer across a repository of over 33 million cells.",research/automated-research/original-sources-text/22-paper-scgpt-natmethods2024-landing.txt,44,44,medium,scGPT pretraining corpus size (abstract),YES,PASS,"Exact match at cited lines; context (±3 lines) checked, meaning preserved.",
140,technical-spec,"Pretraining datasets can be retrieved from the CELLxGENE census, release version 15 May 2023",research/automated-research/original-sources-text/22-paper-scgpt-natmethods2024-landing.txt,89,89,high,scGPT pretraining data = Census 2023-05-15 (same as scTab),YES,PASS,"Exact match at cited lines; context (±3 lines) checked, meaning preserved.",
141,historical,Published: 26 February 2024,research/automated-research/original-sources-text/22-paper-scgpt-natmethods2024-landing.txt,21,21,high,scGPT publication date,YES,PASS,"Exact match at cited lines; context (±3 lines) checked, meaning preserved.",
142,technical-spec,| whole-human (recommended) | Pretrained on 33 million normal human cells. |,research/automated-research/original-sources-text/22b-repo-scgpt-readme.txt,62,62,high,whole-human checkpoint,YES,WARNING,Format only: quote matches after collapsing line breaks/whitespace (multi-line JSON/markdown/PDF table or list). Content accurate; usable as is.,
143,technical-spec,| blood | Pretrained on 10.3 million blood and bone marrow cells. |,research/automated-research/original-sources-text/22b-repo-scgpt-readme.txt,65,65,high,blood checkpoint,YES,WARNING,Format only: quote matches after collapsing line breaks/whitespace (multi-line JSON/markdown/PDF table or list). Content accurate; usable as is.,
144,finding,"Overall, our findings demonstrate that scGPT and Geneformer in zero-shot configurations perform inconsistently compared to cell embeddings derived from HVG or generated using scVI or Harmony.",research/automated-research/original-sources-text/23-paper-kedzierska-zeroshot-genomebiol2025.txt,38,38,high,Zero-shot FMs inconsistent vs simple embeddings,YES,PASS,"Exact match at cited lines; context (±3 lines) checked, meaning preserved.",
145,finding,"Additionally, the Tabula Sapiens and Immune datasets were included in the scGPT pretraining dataset (Additional file 1: Table S3). However, scGPT and Geneformer do not consistently outperform baselines on datasets already seen during pretraining",research/automated-research/original-sources-text/23-paper-kedzierska-zeroshot-genomebiol2025.txt,36,36,high,Pretraining-evaluation overlap,YES,PASS,"Exact match at cited lines; context (±3 lines) checked, meaning preserved.",
146,expert-opinion,"Our evaluation of the zero-shot performance of Geneformer and scGPT suggests that, in some cases, these models may face reliability challenges and could be outperformed by simpler methods.",research/automated-research/original-sources-text/23-paper-kedzierska-zeroshot-genomebiol2025.txt,18,18,high,Conclusion,YES,PASS,"Exact match at cited lines; context (±3 lines) checked, meaning preserved.",
147,finding,We find that a simple logistic regression baseline is competitive with the pre-trained models for annotating cell types even in the few-shot setting.,research/automated-research/original-sources-text/24-preprint-boiarsky-deep-dive-scfm-biorxiv2023.txt,73,73,high,LR competitive with FMs,YES,WARNING,"Exact match at cited lines. Context caveat: bioRxiv 2023 preprint (Boiarsky et al.); a peer-reviewed successor exists (Nat Mach Intell 2024) but was not retrieved. Results are within-dataset (Zheng68K 80/20 split) and section title says LR wins ""in a dataset-dependent manner"".",
148,finding,"Logistic regression outperformed scBERT in terms of both accuracy and class-averaged (macro) F1 score, a metric which reflects both precision and recall and can better assess performance in cases of class imbalance (Table 1).",research/automated-research/original-sources-text/24-preprint-boiarsky-deep-dive-scfm-biorxiv2023.txt,78,78,high,LR beats scBERT on Zheng68K,YES,WARNING,"Exact match at cited lines. Context caveat: bioRxiv 2023 preprint (Boiarsky et al.); a peer-reviewed successor exists (Nat Mach Intell 2024) but was not retrieved. Results are within-dataset (Zheng68K 80/20 split) and section title says LR wins ""in a dataset-dependent manner"".",
149,methodology,"which contains 68,450 hand-labeled cells (80% used for training and 20% for validation; Supplementary Methods).",research/automated-research/original-sources-text/24-preprint-boiarsky-deep-dive-scfm-biorxiv2023.txt,78,78,high,Zheng68K evaluation is within-dataset split,YES,WARNING,"Exact match at cited lines. Context caveat: bioRxiv 2023 preprint (Boiarsky et al.); a peer-reviewed successor exists (Nat Mach Intell 2024) but was not retrieved. Results are within-dataset (Zheng68K 80/20 split) and section title says LR wins ""in a dataset-dependent manner"".",
150,finding,"Our results show that current methods tend to plateau in performance with pre-training datasets that are only a fraction of the size of current training corpora. Unlike large language models, single-cell foundation models show no clear data scaling laws",research/automated-research/original-sources-text/25-paper-denadel-pretraining-size-natmethods2026-pmc.txt,127,127,high,Plateau and no clear scaling laws,YES,PASS,"Exact match at cited lines; context (±3 lines) checked, meaning preserved.",
151,finding,fine-tuned performance typically saturated at 1% of the training data and never required more than 10% to reach saturation,research/automated-research/original-sources-text/25-paper-denadel-pretraining-size-natmethods2026-pmc.txt,159,159,high,Fine-tuned saturation at 1%,YES,WARNING,"Exact match at cited lines. Context caveat: Ambiguity: ""training data"" here means the unlabelled PRE-training corpus (scTab corpus), not labelled fine-tuning data. Do not conflate with scTab comparator training sizes (1.5 M / 750 k / 150 k labelled cells).",
152,finding,"These results suggest that, for cell type classification, the learning saturation point for the tested scFMs can occur as early as 1% of the scTab pre-training corpus, amounting to approximately 200,000 cells.",research/automated-research/original-sources-text/25-paper-denadel-pretraining-size-natmethods2026-pmc.txt,159,159,high,Saturation point in cells,YES,PASS,"Exact match at cited lines; context (±3 lines) checked, meaning preserved.",
153,methodology,"To evaluate initial model performance, we used all pre-trained models to classify cells from a clonal hematopoiesis dataset [32] in both the zero-shot scenario and after fine-tuning the models to classify cell types present in the dataset.",research/automated-research/original-sources-text/25-paper-denadel-pretraining-size-natmethods2026-pmc.txt,145,145,high,First benchmark = clonal haematopoiesis dataset (Rewire validation study),YES,PASS,"Exact match at cited lines; context (±3 lines) checked, meaning preserved.",
154,historical,Published: 09 June 2026 # Evaluating the role of pretraining dataset size and diversity on single-cell foundation model performance,research/automated-research/original-sources-text/25b-landing-denadel-natmethods2026.txt,21,22,high,Publication date and title,YES,WARNING,Format only: quote matches after collapsing line breaks/whitespace (multi-line JSON/markdown/PDF table or list). Content accurate; usable as is.,
155,historical,"Nature Methods volume 23, pages 1447–1457 (2026)",research/automated-research/original-sources-text/25b-landing-denadel-natmethods2026.txt,35,35,high,Citation,YES,PASS,"Exact match at cited lines; context (±3 lines) checked, meaning preserved.",
156,finding,"Importantly, these evaluations were conducted using donor-partitioned training and test splits, a design we refer to as the in-distribution (ID) setting (Fig. 1a). While useful for controlled comparisons, such splits do not reflect how cell atlases evolve in practice, where new studies are continually added and must be annotated upon release.",research/automated-research/original-sources-text/26-paper-hce-natcomputsci2025.txt,29,29,high,Prior evaluations are donor-partitioned (ID),YES,PASS,"Exact match at cited lines; context (±3 lines) checked, meaning preserved.","https://www.nature.com/articles/s43588-025-00945-z retrieved 2026-10-05: match; live renders F1 with subscript (""F 1"")"
157,benchmark,"The linear model, MLP and TabNet achieve 80%, 82% and 84% macro F1 scores, respectively (mean taken over four independent runs).",research/automated-research/original-sources-text/26-paper-hce-natcomputsci2025.txt,30,30,high,ID macro-F1,YES,PASS,"Exact match at cited lines; context (±3 lines) checked, meaning preserved.","https://www.nature.com/articles/s43588-025-00945-z retrieved 2026-10-05: match; live renders F1 with subscript (""F 1"")"
158,benchmark,"All models exhibit substantial OOD performance drops: macro F1 scores decrease to 55%, 57% and 52% for the linear model, MLP and TabNet, respectively.",research/automated-research/original-sources-text/26-paper-hce-natcomputsci2025.txt,30,30,high,OOD macro-F1 after study transfer,YES,PASS,"Exact match at cited lines; context (±3 lines) checked, meaning preserved.","https://www.nature.com/articles/s43588-025-00945-z retrieved 2026-10-05: match; live renders F1 with subscript (""F 1"")"
159,finding,"Despite being evaluated on the same cell types profiled with the same assays, macro-averaged F1 (macro F1) scores dropped by 24−32% for the linear classifier, MLP and TabNet when moving from the ID case (Fig. 1d) to the OOD setting (Fig. 1e), underscoring the limitations of current modeling strategies in generalizing across studies.",research/automated-research/original-sources-text/26-paper-hce-natcomputsci2025.txt,34,34,high,Study-transfer drop of 24-32%,YES,WARNING,"Exact match at cited lines. Context caveat: Units: ""24-32%"" matches the absolute drop in macro-F1 percentage points (80→55, 82→57, 84→52 = 25, 25, 32 points); relative drops are ~30-38%. Write ""24-32 percentage points"". Live source uses hyphen.","https://www.nature.com/articles/s43588-025-00945-z retrieved 2026-10-05: match; live uses hyphen ""24-32%"" (local has minus sign)"
160,statistics,"We then evaluate each method on 2.6 million human cells from 21 studies newly added during the 2023-12-15 release, spanning 470 donors, 16 tissues and 80 of the original 164 cell types represented in the training set.",research/automated-research/original-sources-text/26-paper-hce-natcomputsci2025.txt,34,34,high,OOD set composition,YES,PASS,"Exact match at cited lines; context (±3 lines) checked, meaning preserved.",https://www.nature.com/articles/s43588-025-00945-z retrieved 2026-10-05: exact match
161,finding,"Applying the HCE loss improved OOD macro F1 scores by 12−15% for the linear classifier, MLP and TabNet, without modifying their architecture or tuning any hyperparameters (Fig. 2b).",research/automated-research/original-sources-text/26-paper-hce-natcomputsci2025.txt,39,39,high,HCE gain and recovered share,YES,WARNING,"Exact match at cited lines. Context caveat: Units: ""12-15%"" is most consistent with percentage points (≈ half of a 25-32 point drop, fact 162). Write ""12-15 percentage points"".","https://www.nature.com/articles/s43588-025-00945-z retrieved 2026-10-05: match; live renders F1 with subscript (""F 1"")"
162,finding,The HCE loss function enables the recovery of roughly half of the performance drop observed when models are applied to new studies,research/automated-research/original-sources-text/26-paper-hce-natcomputsci2025.txt,39,39,high,Roughly half of drop recovered,YES,PASS,"Exact match at cited lines; context (±3 lines) checked, meaning preserved.",https://www.nature.com/articles/s43588-025-00945-z retrieved 2026-10-05: exact match
163,limitation,"While the hierarchical objective recovers roughly half of the OOD performance drop, some decrease in accuracy is expected due to imperfect annotation agreement across studies.",research/automated-research/original-sources-text/26-paper-hce-natcomputsci2025.txt,43,43,high,Residual drop attributed to annotation disagreement,YES,PASS,"Exact match at cited lines; context (±3 lines) checked, meaning preserved.",https://www.nature.com/articles/s43588-025-00945-z retrieved 2026-10-05: exact match
164,methodology,"To guide cell-type identification, we labelled cells from each sample using CellTypist (v.1.6.1)53, using the following reference models: Immune_All_High (32 cell types), Immune_All_Low (98 cell types), and Healthy_COVID19_PBMC (51 cell types) by following the approach described in the CellTypist reference documentation at https://celltypist.org.",research/automated-research/original-sources-text/27-paper-hiha-nature2025.txt,136,136,high,HIHA labels guided by CellTypist Immune_All models and Seurat MapQuery (circularity risk for P1),YES,WARNING,"Exact match to local text. Extraction artefact: ""(v.1.6.1)53"" glues reference 53. Content verified live. Circularity caveat: HIHA labels were guided by Immune_All_Low/High — same family as Rewire P1.",https://www.nature.com/articles/s41586-025-09686-5 retrieved 2026-10-05: match; live renders reference numbers 53/54 as superscripts
165,methodology,"We also labelled our cells using Seurat (v.5.0.1)54 (https://zenodo.org/doi/10.5281/zenodo.7779016), first transforming to reference dataset using SCTransform followed by FindTransferAnchors and MapQuery to assign cell types.",research/automated-research/original-sources-text/27-paper-hiha-nature2025.txt,136,136,high,HIHA also used Seurat label transfer,YES,WARNING,"Exact match to local text. Extraction artefact: ""(v.5.0.1)54"" glues reference 54. Content verified live.",https://www.nature.com/articles/s41586-025-09686-5 retrieved 2026-10-05: match; live renders reference numbers 53/54 as superscripts
166,methodology,"nine low-resolution cell classes (AIFI_L1), 29 mid-level cell classes (AIFI_L2), and 71 high-resolution cell classes (AIFI_L3) were identified, and each cell was labelled accordingly.",research/automated-research/original-sources-text/27-paper-hiha-nature2025.txt,145,145,high,Expert annotation tiers,YES,PASS,"Exact match at cited lines; context (±3 lines) checked, meaning preserved.",https://www.nature.com/articles/s41586-025-09686-5 retrieved 2026-10-05: exact match
167,statistics,"In total, 140,950 cells were removed (6.73%), and 1,952,128 cells passed QC filtering (93.27%).",research/automated-research/original-sources-text/27-paper-hiha-nature2025.txt,139,139,high,Atlas QC,YES,PASS,"Exact match at cited lines; context (±3 lines) checked, meaning preserved.",https://www.nature.com/articles/s41586-025-09686-5 retrieved 2026-10-05: exact match
168,methodology,"To add cell-type labels, we utilized CellTypist (v.1.6.1) and the CellTypist models we generated using our Immune Health Atlas dataset at three levels of cell-type resolution (AIFI_L1; AIFI_L2, and AIFI_L3)",research/automated-research/original-sources-text/27-paper-hiha-nature2025.txt,160,160,high,Longitudinal cohort labelled by CellTypist models trained on atlas,YES,PASS,"Exact match at cited lines; context (±3 lines) checked, meaning preserved.",https://www.nature.com/articles/s41586-025-09686-5 retrieved 2026-10-05: exact match
169,statistics,"234,117 cells were removed, and 13,795,846 were retained for the final reference dataset and downstream analyses.",research/automated-research/original-sources-text/27-paper-hiha-nature2025.txt,169,169,high,Final longitudinal dataset size,YES,PASS,"Exact match at cited lines; context (±3 lines) checked, meaning preserved.",
170,statistics,"we conducted single-cell RNA sequencing (scRNA-Seq) of peripheral blood mononuclear cells (PBMCs) from 36 individuals (18 patients with RA and 18 matched controls, accounting for age, sex, race, and ethnicity)",research/automated-research/original-sources-text/28-paper-ra-jciinsight2024.txt,16,16,high,RA cohort,YES,PASS,"Exact match at cited lines; context (±3 lines) checked, meaning preserved.",
171,statistics,"Following 10X sequencing and preprocessing with Scanpy, our data set consisted of 125,698 cells and 22,159 genes",research/automated-research/original-sources-text/28-paper-ra-jciinsight2024.txt,46,46,high,RA dataset size,YES,PASS,"Exact match at cited lines; context (±3 lines) checked, meaning preserved.",
172,methodology,"Genes found in fewer than 3 cells were filtered out, as well as cells containing fewer than 100 genes or more than 1,000 genes. Cells with platelet or megakaryocyte gene markers (PF4, GNG11, PPBP, SDPR) were also removed.",research/automated-research/original-sources-text/28-paper-ra-jciinsight2024.txt,100,100,high,RA filtering removed platelets and capped genes,YES,PASS,"Exact match at cited lines; context (±3 lines) checked, meaning preserved.",
173,methodology,"Each cluster was assigned as CD4+ T cells, CD8+ T cells, monocytes, NK cells, or B cells using manual annotation with predefined marker genes according to the human protein atlas.",research/automated-research/original-sources-text/28-paper-ra-jciinsight2024.txt,100,100,high,RA labels from manual marker annotation,YES,PASS,"Exact match at cited lines; context (±3 lines) checked, meaning preserved.",
174,methodology,We therefore investigated the blood of patients with JDM at different stages of disease activity using single-cell transcriptomics paired with surface protein expression.,research/automated-research/original-sources-text/29-paper-jdm-jciinsight2024.txt,16,16,high,JDM: transcriptomics paired with surface protein,YES,PASS,"Exact match at cited lines; context (±3 lines) checked, meaning preserved.",
175,statistics,"Of the 15 patients with JDM, serial samples were collected from 6 individuals, totaling 22 samples.",research/automated-research/original-sources-text/29-paper-jdm-jciinsight2024.txt,40,40,high,JDM samples,YES,PASS,"Exact match at cited lines; context (±3 lines) checked, meaning preserved.",
176,statistics,"Following preprocessing steps, we identified 29 clusters, which comprised 21 distinct immune cell populations across 105,827 cells (Figure 2A). Clusters were annotated using canonical RNA (Figure 2B) and protein markers (Supplemental Figure 1, A and B) within all major mononuclear immune cell compartments.",research/automated-research/original-sources-text/29-paper-jdm-jciinsight2024.txt,40,40,high,JDM clusters and cells,YES,PASS,"Exact match at cited lines; context (±3 lines) checked, meaning preserved.",
177,methodology,This study examined nine prominent commercially available single-cell RNA sequencing (scRNA-seq) kits across four technology groups. Each kit was characterized using peripheral blood mononuclear cells (PBMCs) from a single donor,research/automated-research/original-sources-text/30-paper-scrnaseq-technologies-nar2025.txt,19,19,high,"Nine kits, single donor",YES,PASS,"Exact match at cited lines; context (±3 lines) checked, meaning preserved.",https://pmc.ncbi.nlm.nih.gov/articles/PMC11754665/ retrieved 2026-10-05: exact match (PMC11754665)
178,methodology,"This reference set consists of ten cell type labels: B cells, CD14 + monocytes, CD16 + monocytes, CD4 + T cells, CD8 + T cells (called Cytotoxic T cells in the dataset), Natural killer cells, Plasmacytoid dendritic cells, Dendritic cells, Megakaryocytes and Unassigned cells.",research/automated-research/original-sources-text/30-paper-scrnaseq-technologies-nar2025.txt,108,108,high,"Reference for labelling: pbmcsca, ten labels",YES,PASS,"Exact match at cited lines; context (±3 lines) checked, meaning preserved.",https://pmc.ncbi.nlm.nih.gov/articles/PMC11754665/ retrieved 2026-10-05: exact match (PMC11754665)
179,methodology,"Cells were annotated using the consensus of two independent label transfer methods, CellTypist (25) and Seurat's Label Transfer (26). Cells with discordant labels across the two methods were labeled ‘Unassigned’.",research/automated-research/original-sources-text/30-paper-scrnaseq-technologies-nar2025.txt,109,109,high,Consensus labelling; discordant = Unassigned,YES,PASS,"Exact match at cited lines; context (±3 lines) checked, meaning preserved.",https://pmc.ncbi.nlm.nih.gov/articles/PMC11754665/ retrieved 2026-10-05: match (quote-mark/whitespace rendering only)
180,methodology,The majority label within each subcluster was used to relabel all constituent cells.,research/automated-research/original-sources-text/30-paper-scrnaseq-technologies-nar2025.txt,109,109,high,Unassigned then relabelled by subcluster majority,YES,PASS,"Exact match at cited lines; context (±3 lines) checked, meaning preserved.",https://pmc.ncbi.nlm.nih.gov/articles/PMC11754665/ retrieved 2026-10-05: exact match (PMC11754665)
181,benchmark,"The label agreement procedure demonstrated 94% precision, 81% recall, 86% F1 score (all weighted by class size) and an overall accuracy of 81% on a validation set (Supplementary Table 16).",research/automated-research/original-sources-text/30-paper-scrnaseq-technologies-nar2025.txt,163,163,high,Consensus procedure validation,YES,WARNING,"Exact match at cited lines. Context caveat: Context: 94/81/86/81% is the CellTypist+Seurat agreement procedure scored on a held-out split of the pbmcsca reference (7,750 cells), before cluster smoothing; it is not an accuracy of the published kit labels.",https://pmc.ncbi.nlm.nih.gov/articles/PMC11754665/ retrieved 2026-10-05: match (quote-mark/whitespace rendering only)
182,finding,"This approach leverages similar expression patterns exhibited by cells within Leiden clusters to recover unassigned cells (discordant labels between Seurat and CellTypist) and to update cell labels according to neighborhood affiliation, yielding 96.2% cell annotation across all kits (Extended Data Figure 6k).",research/automated-research/original-sources-text/30-paper-scrnaseq-technologies-nar2025.txt,163,163,high,Final annotation coverage after smoothing,YES,PASS,"Exact match at cited lines; context (±3 lines) checked, meaning preserved.",https://pmc.ncbi.nlm.nih.gov/articles/PMC11754665/ retrieved 2026-10-05: match (quote-mark/whitespace rendering only)
183,statistics,"We present single-cell RNA sequencing (scRNA-seq) data from 1,267,758 peripheral blood mononuclear cells from 982 healthy human subjects.",research/automated-research/original-sources-text/31-meta-onek1k-yazar-science2022-europepmc.txt,421,421,high,OneK1K size,YES,PASS,"Exact match at cited lines; context (±3 lines) checked, meaning preserved.",
184,statistics,"For 14 cell types, we identified 26,597 independent cis-expression quantitative trait loci (eQTLs) and 990 trans-eQTLs",research/automated-research/original-sources-text/31-meta-onek1k-yazar-science2022-europepmc.txt,421,421,high,OneK1K cell types for eQTL,YES,PASS,"Exact match at cited lines; context (±3 lines) checked, meaning preserved.",
185,historical,"""firstPublicationDate"": ""2022-04-08"",",research/automated-research/original-sources-text/31-meta-onek1k-yazar-science2022-europepmc.txt,566,566,high,First publication date,YES,PASS,"Exact match at cited lines; context (±3 lines) checked, meaning preserved.",
186,statistics,We used mux-seq to profile more than 1.2 million PBMCs from 162 SLE cases and 99 healthy controls of either Asian or European ancestry.,research/automated-research/original-sources-text/32-paper-perez-lupus-science2022-pmc.txt,263,263,high,Perez cohort,YES,PASS,"Exact match at cited lines; context (±3 lines) checked, meaning preserved.",
187,methodology,"Louvain clustering (14) of normalized and batch-corrected single-cell transcriptomic profiles identified 23 clusters, which were assigned to 11 cell types",research/automated-research/original-sources-text/32-paper-perez-lupus-science2022-pmc.txt,275,275,high,Perez label granularity,YES,PASS,"Exact match at cited lines; context (±3 lines) checked, meaning preserved.",
188,methodology,Cell types were annotated using canonical marker genes and confirmed in cells with antibody staining.,research/automated-research/original-sources-text/32-paper-perez-lupus-science2022-pmc.txt,338,338,high,Perez annotation method,YES,PASS,"Exact match at cited lines; context (±3 lines) checked, meaning preserved.",
189,methodology,We present here a comprehensive multi-omic blood atlas for patients with varying COVID-19 severity in an integrated comparison with influenza and sepsis patients versus healthy volunteers.,research/automated-research/original-sources-text/33-paper-combat-cell2022.txt,16,16,high,COMBAT design,YES,PASS,"Exact match at cited lines; context (±3 lines) checked, meaning preserved.",
190,methodology,"A total of n = 140 PBMC samples from COVID-19, sepsis, influenza and healthy volunteers were mixed into n = 10 pools (left).",research/automated-research/original-sources-text/33-paper-combat-cell2022.txt,46,46,high,COMBAT CITE-seq pooling,YES,PASS,"Exact match at cited lines; context (±3 lines) checked, meaning preserved.",
191,methodology,Summary of supervised multimodal annotation strategy for the CITE-seq data (described in STAR Methods; clustering of GEX modality shown in Figure S1E).,research/automated-research/original-sources-text/33-paper-combat-cell2022.txt,43,43,medium,COMBAT supervised multimodal annotation,YES,PASS,"Exact match at cited lines; context (±3 lines) checked, meaning preserved.",
192,technical-spec,"""doi"": null,",research/automated-research/original-sources-text/34-meta-cellxgene-glaucoma-collection.txt,258,258,high,No publication DOI for glaucoma collection,YES,PASS,"Exact match at cited lines; context (±3 lines) checked, meaning preserved.",
193,technical-spec,"""label"": ""10x 5' v2"",",research/automated-research/original-sources-text/34-meta-cellxgene-glaucoma-collection.txt,14,14,high,Assay,YES,PASS,"Exact match at cited lines; context (±3 lines) checked, meaning preserved.",
194,statistics,"""cell_count"": 207952,",research/automated-research/original-sources-text/34-meta-cellxgene-glaucoma-collection.txt,25,25,high,Dataset cell count,YES,PASS,"Exact match at cited lines; context (±3 lines) checked, meaning preserved.",
195,technical-spec,"""label"": ""normal"", ""ontology_term_id"": ""PATO:0000461"" }, { ""label"": ""open-angle glaucoma"", ""ontology_term_id"": ""MONDO:0005338""",research/automated-research/original-sources-text/34-meta-cellxgene-glaucoma-collection.txt,176,181,high,Dataset contains normal and glaucoma donors,YES,WARNING,Format only: quote matches after collapsing line breaks/whitespace (multi-line JSON/markdown/PDF table or list). Content accurate; usable as is.,
196,technical-spec,"Here we describe Cellular Indexing of Transcriptomes and Epitopes by sequencing (CITE-seq), a method that combines highly multiplexed antibody-based detection of protein markers together with unbiased transcriptome profiling for thousands of single cells in parallel.",research/automated-research/original-sources-text/35-paper-citeseq-stoeckius-natmethods2017-pmc.txt,120,120,high,CITE-seq definition,YES,PASS,"Exact match at cited lines; context (±3 lines) checked, meaning preserved.",
197,technical-spec,We hypothesized that a DNA oligonucleotide conjugated to an antibody could be measured by sequencing as a digital readout of protein abundance.,research/automated-research/original-sources-text/35-paper-citeseq-stoeckius-natmethods2017-pmc.txt,121,121,high,ADT principle,YES,PASS,"Exact match at cited lines; context (±3 lines) checked, meaning preserved.",
198,finding,Using ADT levels we were able to construct cytometry-like ‘bi-axial’ gating plots (Fig. 2b) and compare these qualitatively and quantitatively to the flow cytometry data (Fig. 2a).,research/automated-research/original-sources-text/35-paper-citeseq-stoeckius-natmethods2017-pmc.txt,127,127,high,ADT gating resembles flow cytometry,YES,PASS,"Exact match at cited lines; context (±3 lines) checked, meaning preserved.",
199,technical-spec,"The main motivation for selective prediction is to reduce the error rate by abstaining from prediction when in doubt, while keeping coverage as high as possible.",research/automated-research/original-sources-text/37-paper-geifman-selective-classification-neurips2017.txt,6,6,high,Purpose of selective prediction,YES,PASS,"Exact match at cited lines; context (±3 lines) checked, meaning preserved.",
200,technical-spec,"Thus, the selective classifier abstains from prediction at a point x iff g(x) = 0. The performance of a selective classifier is quantified using coverage and risk.",research/automated-research/original-sources-text/37-paper-geifman-selective-classification-neurips2017.txt,13,13,high,Selective classifier definition,YES,PASS,"Exact match at cited lines; context (±3 lines) checked, meaning preserved.",
201,technical-spec,"Clearly, the risk of a selective classifier can be traded-off for coverage. The entire performance profile of such a classifier can be specified by its risk-coverage curve, defined to be risk as a function of coverage [5].",research/automated-research/original-sources-text/37-paper-geifman-selective-classification-neurips2017.txt,13,13,high,Risk-coverage curve definition,YES,PASS,"Exact match at cited lines; context (±3 lines) checked, meaning preserved.",
202,technical-spec,"For a given classifier f , confidence level δ, and desired risk r∗ , our method outputs a selective classifier (f, g) whose test error will be no larger than r∗ with probability of at least 1 − δ.",research/automated-research/original-sources-text/37-paper-geifman-selective-classification-neurips2017.txt,8,8,high,Risk guarantee,YES,WARNING,"Exact match to local text. PDF spacing artefacts (""f ,"", ""r∗ ,""). Context: the guarantee holds for test data drawn from the same distribution as the calibration sample; do not imply it survives study/platform shift.",
203,technical-spec,"Noting that, for our purposes, the ideal confidence-rate function should only provide coherent ranking rather than absolute probability values, softmax responses are potentially good candidates for relative confidence rates.",research/automated-research/original-sources-text/37-paper-geifman-selective-classification-neurips2017.txt,42,42,high,"Softmax response: ranking matters, not absolute probability",YES,PASS,"Exact match at cited lines; context (±3 lines) checked, meaning preserved.",
204,finding,"We discover that modern neural networks, unlike those from a decade ago, are poorly calibrated.",research/automated-research/original-sources-text/38-paper-guo-calibration-icml2017.txt,12,12,high,Modern NNs poorly calibrated; temperature scaling,YES,PASS,"Exact match at cited lines; context (±3 lines) checked, meaning preserved.",
205,finding,"on most datasets, temperature scaling – a singleparameter variant of Platt Scaling – is surprisingly effective at calibrating predictions.",research/automated-research/original-sources-text/38-paper-guo-calibration-icml2017.txt,12,12,high,Temperature scaling effective,YES,WARNING,"Exact match to local text. PDF artefact: ""singleparameter"" should read ""single-parameter"".",
206,technical-spec,These diagrams plot expected sample accuracy as a function of confidence. If the model is perfectly calibrated – i.e. if (1) holds – then the diagram should plot the identity function. Any deviation from a perfect diagonal represents miscalibration.,research/automated-research/original-sources-text/38-paper-guo-calibration-icml2017.txt,29,29,high,Reliability diagram,YES,PASS,"Exact match at cited lines; context (±3 lines) checked, meaning preserved.",
207,technical-spec,"Expected Calibration Error (Naeini et al., 2015) – or ECE – approximates (2) by partitioning predictions into M equally-spaced bins (similar to the reliability diagrams) and",research/automated-research/original-sources-text/38-paper-guo-calibration-icml2017.txt,32,32,high,ECE definition,YES,WARNING,"Exact match to local text. Quote ends mid-sentence (""... bins (similar to the reliability diagrams) and""); sentence continues on next page. Paraphrase or complete the sentence from the PDF before quoting.",
208,technical-spec,Table 1. ECE (%) (with M = 15 bins) on standard vision and NLP datasets before calibration and with various calibration methods.,research/automated-research/original-sources-text/38-paper-guo-calibration-icml2017.txt,142,142,high,15 bins used,YES,PASS,"Exact match at cited lines; context (±3 lines) checked, meaning preserved.",
209,finding,"In contrast, the baseline models perform worse on the leave-out dataset, while DKL and MIMO are able to maintain their good performance.",research/automated-research/original-sources-text/39-paper-engelmann-uq-atlas-cell-type-transfer-2022.txt,55,55,high,Baselines worse on leave-out dataset,YES,WARNING,"Exact match at cited lines. Context caveat: ICML 2022 workshop paper (arXiv), lung atlas (HLCA), not blood. Internal tension: Conclusion says baselines ""not well calibrated"" (213) while Results say WKNN calibration improves on the leave-out dataset to be comparable to UQ models (210). Quote both or neither.",
210,finding,"Interestingly, the decline in performance on the leave-out dataset leads to an improved calibration of WKNN, making it comparable to models that quantify uncertainty for the leave-out scenario.",research/automated-research/original-sources-text/39-paper-engelmann-uq-atlas-cell-type-transfer-2022.txt,55,55,medium,Nuance: WKNN calibration improves on leave-out,YES,WARNING,"Exact match at cited lines. Context caveat: ICML 2022 workshop paper (arXiv), lung atlas (HLCA), not blood. Internal tension: Conclusion says baselines ""not well calibrated"" (213) while Results say WKNN calibration improves on the leave-out dataset to be comparable to UQ models (210). Quote both or neither.",
211,methodology,"To evaluate the models’ ability to detect unseen cell types, we left out three cell types—B cells, Mast cells, and Ionocytes— from the training data",research/automated-research/original-sources-text/39-paper-engelmann-uq-atlas-cell-type-transfer-2022.txt,56,56,high,Left-out cell types,YES,PASS,"Exact match at cited lines; context (±3 lines) checked, meaning preserved.",
212,limitation,"This analysis requires further investigation and should be carried out on a real OOD scenario, i.e., where a new dataset is projected onto the reference and also excluded form the classifier’s optimisation.",research/automated-research/original-sources-text/39-paper-engelmann-uq-atlas-cell-type-transfer-2022.txt,79,79,high,Needs real OOD scenario,YES,PASS,"Exact match at cited lines; context (±3 lines) checked, meaning preserved.",
213,finding,We demonstrate that the baseline methods are not well calibrated and lack desirable robustness.,research/automated-research/original-sources-text/39-paper-engelmann-uq-atlas-cell-type-transfer-2022.txt,81,81,high,Conclusion on baselines,YES,WARNING,"Exact match at cited lines. Context caveat: ICML 2022 workshop paper (arXiv), lung atlas (HLCA), not blood. Internal tension: Conclusion says baselines ""not well calibrated"" (213) while Results say WKNN calibration improves on the leave-out dataset to be comparable to UQ models (210). Quote both or neither.",
214,statistics,"Longitudinal profiling of over 600,000 peripheral blood mononuclear cells using multiplexed single-cell epitope and transcriptome sequencing from 54 patients with COVID-19 and 26 non–COVID-19 controls",research/automated-research/original-sources-text/41-paper-vanderwijst-ifn-autoantibodies-scitranslmed2021.txt,25,25,high,Cohort and cell numbers,YES,PASS,"Exact match at cited lines; context (±3 lines) checked, meaning preserved.",
215,methodology,"Cell type annotation was performed at three levels of granularity based on known marker gene and protein expression, as well as differentially expressed genes between clusters using a Wilcoxon rank-sum test.",research/automated-research/original-sources-text/41-paper-vanderwijst-ifn-autoantibodies-scitranslmed2021.txt,186,186,high,Annotation method and granularity,YES,PASS,"Exact match at cited lines; context (±3 lines) checked, meaning preserved.",
216,methodology,"At the lowest level of granularity, we identified 11 cell types corresponding to the known major cell types present in PBMCs: CD4T, CD8T, γδT, cMs, ncMs, NK, B, PBs, cDC, pDC, and Progen cells.",research/automated-research/original-sources-text/41-paper-vanderwijst-ifn-autoantibodies-scitranslmed2021.txt,186,186,high,Coarsest level 11 types,YES,PASS,"Exact match at cited lines; context (±3 lines) checked, meaning preserved.",
217,statistics,"After processing, 600,929 cells and 18,262 genes remained in the mRNA matrix.",research/automated-research/original-sources-text/41-paper-vanderwijst-ifn-autoantibodies-scitranslmed2021.txt,182,182,high,Final matrix size,YES,PASS,"Exact match at cited lines; context (±3 lines) checked, meaning preserved.",
218,methodology,"We obtained the transcriptome of ~100 K PBMCs stimulated with (i) either CD40L and IL-21 (CD40L/21), or (ii) α-CD3/CD28 (CD3/28) (Supplementary Fig. 1 and Supplementary Fig. 7c).",research/automated-research/original-sources-text/42-paper-cvid-atlas-natcommun2022.txt,87,87,high,CVID cohort single-cell data are stimulated PBMCs,YES,WARNING,"Exact match at cited lines. Context caveat: Extractor note overstates: the CVID single-cell data include stimulated PBMCs AND unstimulated (but 48 h cultured) controls, all B-cell enriched 2:1 (facts 220, 221). Do not write ""the CVID reference is stimulated PBMCs"".",
219,methodology,We also obtained the single-cell transcriptomes of steady-state and activated B cells in the cohort of CVID patients and healthy controls.,research/automated-research/original-sources-text/42-paper-cvid-atlas-natcommun2022.txt,87,87,high,Steady-state and activated B cells,YES,PASS,"Exact match at cited lines; context (±3 lines) checked, meaning preserved.",
220,methodology,"or with a T-cell stimulus consisting of α-CD3/CD28 Dynabeads 20 μL of beads/million PBMCs (Invitrogen, Cat. No. 11131D) for 48 h. As a control, some PBMCs were also cultured with no stimulus.",research/automated-research/original-sources-text/42-paper-cvid-atlas-natcommun2022.txt,104,104,high,48 h stimulation; unstimulated control,YES,PASS,"Exact match at cited lines; context (±3 lines) checked, meaning preserved.",
221,methodology,"Finally, PBMCs were mixed with sorted CD19+ B cells in a 2:1 ratio in order to obtain PBMCs samples enriched in B cells.",research/automated-research/original-sources-text/42-paper-cvid-atlas-natcommun2022.txt,104,104,high,B-cell enrichment alters composition,YES,PASS,"Exact match at cited lines; context (±3 lines) checked, meaning preserved.",
222,methodology,"To address this, we performed multi-region-based scRNA-seq from 12 patients, sampling peripheral blood, normal kidney, four different spatial regions of the tumor core, and the tumor-normal interface",research/automated-research/original-sources-text/43-paper-kidney-cancer-ccell2022.txt,39,39,high,Kidney study sampled blood with tumour regions,YES,PASS,"Exact match at cited lines; context (±3 lines) checked, meaning preserved.",
223,methodology,"Where sufficient numbers of viable single cells could be retrieved, we performed droplet-based 5′ scRNA-seq with T cell receptor (TCR) enrichment using the 10X platform (Table S2).",research/automated-research/original-sources-text/43-paper-kidney-cancer-ccell2022.txt,44,44,high,10x 5' with TCR,YES,PASS,"Exact match at cited lines; context (±3 lines) checked, meaning preserved.",
224,methodology,Cell type annotation was based on the expression of canonical markers and DE-Gs in various clusters.,research/automated-research/original-sources-text/43-paper-kidney-cancer-ccell2022.txt,212,212,high,Annotation by markers,YES,PASS,"Exact match at cited lines; context (±3 lines) checked, meaning preserved.",
225,statistics,"Here, we profile peripheral blood gene expression in 66 968 single cells from a cohort of 17 patients with CH and 7 controls.",research/automated-research/original-sources-text/44-paper-clonal-haematopoiesis-bloodadv2024.txt,24,24,high,CH cohort,YES,PASS,"Exact match at cited lines; context (±3 lines) checked, meaning preserved.",
226,methodology,cell type assignment was performed using ScType (v1.0). Low confidence cell types were annotated manually.,research/automated-research/original-sources-text/44-paper-clonal-haematopoiesis-bloodadv2024.txt,47,47,high,CH labels from ScType + manual,YES,PASS,"Exact match at cited lines; context (±3 lines) checked, meaning preserved.",
227,methodology,Pooled samples were immediately run on a 10× Chromium Controller after preparation with a 10× Chromium 3’ library preparation kit (10× Genomics) per manufacturer’s instructions.,research/automated-research/original-sources-text/44-paper-clonal-haematopoiesis-bloodadv2024.txt,43,43,high,CH assay,YES,PASS,"Exact match at cited lines; context (±3 lines) checked, meaning preserved.",
228,methodology,"Across six public single-cell atlases (1.3 million cells; triple-negative breast cancer (TNBC), Indonesian peripheral blood mononuclear cells (PBMC), brain, multi-tissue tumour microenvironment, human and pig pancreas)",research/automated-research/original-sources-text/45-meta-khosravi-scgpt-calibration-researchsquare2026-europepmc.txt,68,68,medium,"Within-atlas evaluation scope (preprint, not peer reviewed)",YES,WARNING,"Exact match at cited lines. Context caveat: Preprint (Research Square 2026, not peer reviewed); Europe PMC abstract record only; within-atlas evaluation, not cross-study.",
229,finding,"Classical Logistic Regression on the matched gene set reached Macro F1 = 0.94–0.99 and ECE ≤ 0.013 on every atlas, matching or beating every scGPT pipeline.",research/automated-research/original-sources-text/45-meta-khosravi-scgpt-calibration-researchsquare2026-europepmc.txt,68,68,medium,Matched-gene LR accuracy and calibration,YES,WARNING,"Exact match at cited lines. Context caveat: Preprint (Research Square 2026, not peer reviewed); Europe PMC abstract record only; within-atlas evaluation, not cross-study.",
230,finding,"On calibration, the matchedgene classical baselines were well-calibrated on every atlas, whereas the standard scGPTembedding+LogReg pipeline was substantially miscalibrated.",research/automated-research/original-sources-text/45-meta-khosravi-scgpt-calibration-researchsquare2026-europepmc.txt,68,68,medium,scGPT embedding + LogReg miscalibrated,YES,WARNING,"Exact match to local text. PDF/record artefacts: ""matchedgene"" and ""scGPTembedding"" lack hyphen/space. Also preprint (Research Square, not peer reviewed), abstract-only record; within-atlas evaluation.",
231,expert-opinion,"Calibration metrics should be mandatory in scLLM benchmarking, and classical baselines should be evaluated under matched downstream learners and matched gene sets before any claim of scLLM superiority.",research/automated-research/original-sources-text/45-meta-khosravi-scgpt-calibration-researchsquare2026-europepmc.txt,68,68,medium,Recommendation,YES,WARNING,"Exact match at cited lines. Context caveat: Preprint (Research Square 2026, not peer reviewed); Europe PMC abstract record only; within-atlas evaluation, not cross-study.",
232,finding,"For the megakaryoctye/platelet type in CellRef, it was matched poorly to many types in HLCA by Azimuth and scArches and was matched to the mast cells in HLCA by CellTypist. Only FR-Match determined that those poorly matched cells should be “unassigned”.",research/automated-research/original-sources-text/46-paper-hu-matching-benchmark-2025.txt,85,85,high,Reference-absent megakaryocyte/platelet cells forced into labels,YES,WARNING,"Exact match at cited lines. Context caveat: bioRxiv 2025 preprint (via PMC12190912), lung atlases (CellRef vs HLCA), not blood. 234: agreement across methods is not accuracy (authors say so).",
233,finding,to address the scenario where weakly matched cells are forced to match to some cell type in the reference.,research/automated-research/original-sources-text/46-paper-hu-matching-benchmark-2025.txt,85,85,high,Forced matching is a scenario to address,YES,WARNING,"Exact match at cited lines. Context caveat: bioRxiv 2025 preprint (via PMC12190912), lung atlases (CellRef vs HLCA), not blood. 234: agreement across methods is not accuracy (authors say so).",
234,statistics,"In Figure 3B, 76.7% of cell predictions were agreed upon by all four methods, and an additional 14.7% showed a majority 3 out of 4 agreement.",research/automated-research/original-sources-text/46-paper-hu-matching-benchmark-2025.txt,69,69,high,Cross-method agreement,YES,WARNING,"Exact match at cited lines. Context caveat: bioRxiv 2025 preprint (via PMC12190912), lung atlases (CellRef vs HLCA), not blood. 234: agreement across methods is not accuracy (authors say so).",
235,expert-opinion,"Labeling the spillover cells as “unassigned”, reflecting the low matching confidence, is more informative than a fuzzy matching to a similar label, e.g., suprabasal.",research/automated-research/original-sources-text/46-paper-hu-matching-benchmark-2025.txt,79,79,high,Unassigned more informative than fuzzy match,YES,WARNING,"Exact match at cited lines. Context caveat: bioRxiv 2025 preprint (via PMC12190912), lung atlases (CellRef vs HLCA), not blood. 234: agreement across methods is not accuracy (authors say so).",
236,methodology,"In this study, we evaluated ten cell type annotation methods publicly available as R packages.",research/automated-research/original-sources-text/47-paper-huang-annotation-r-packages-gpb2021.txt,20,20,high,Benchmark scope,YES,PASS,"Exact match at cited lines; context (±3 lines) checked, meaning preserved.",
237,technical-spec,"[ROW] Seurat | Define anchor with CCA, L2-norm, and MNN | Single-cell | No | No | Seurat_3.0.1 | [10]",research/automated-research/original-sources-text/47-paper-huang-annotation-r-packages-gpb2021.txt,35,35,high,Seurat (v3) does not allow unknown,YES,WARNING,"Exact match at cited lines. Context caveat: Context/conflict: Huang 2021 Table 1 lists Seurat 3.0.1 as not allowing unknown cell types, whereas scArches (fact 61) and mtANN (fact 137) apply a lowest-20% prediction/projection-score rule to Seurat to create ""unknown"". Say ""Seurat's label transfer has no built-in reject option; others add a fixed 20% cut-off"".",
238,technical-spec,"Among scRNA-seq specific annotation tools, five methods (Garnett, SCINA, scmap, CHETAH, and scID) contain the rejection option that allows “unknown” labels.",research/automated-research/original-sources-text/47-paper-huang-annotation-r-packages-gpb2021.txt,97,97,high,Five methods with rejection,YES,PASS,"Exact match at cited lines; context (±3 lines) checked, meaning preserved.",
239,finding,"However, the caveat is that none of the rejection-enabled methods are among the best performing methods for evaluations such as inter-dataset predictions and robustness to cell type similarities.",research/automated-research/original-sources-text/47-paper-huang-annotation-r-packages-gpb2021.txt,98,98,high,Rejection-enabled methods not best performers,YES,PASS,"Exact match at cited lines; context (±3 lines) checked, meaning preserved.",
240,expert-opinion,"Many annotation tools transfer labels from an annotated reference dataset to a new query dataset of interest, but blindly transferring labels from one dataset to another has its own set of challenges.",research/automated-research/original-sources-text/48-preprint-scdiagnostics-biorxiv2026-abstract.txt,56,56,medium,Blind label transfer has challenges,YES,WARNING,"Exact match at cited lines. Context caveat: bioRxiv 2026 preprint abstract (scDiagnostics), not peer reviewed; general framing only.",
241,finding,"Often enough there is no perfect alignment between datasets, especially when transferring annotations from a healthy reference atlas for the discovery of disease states.",research/automated-research/original-sources-text/48-preprint-scdiagnostics-biorxiv2026-abstract.txt,56,56,medium,Healthy reference vs disease query misalignment,YES,WARNING,"Exact match at cited lines. Context caveat: bioRxiv 2026 preprint abstract (scDiagnostics), not peer reviewed; general framing only.",
242,historical,"Posted February 02, 2026.",research/automated-research/original-sources-text/48-preprint-scdiagnostics-biorxiv2026-abstract.txt,72,72,medium,Posted date,YES,PASS,"Exact match at cited lines; context (±3 lines) checked, meaning preserved.",
