study,donor_id,soma_joinid
Glaucoma,102a,23059119
Glaucoma,102a,23059140
Glaucoma,102a,23059282
Glaucoma,102a,23059346
Glaucoma,102a,23059356
Glaucoma,102a,23059455
Glaucoma,102a,23059464
Glaucoma,102a,23059524
Glaucoma,102a,23059586
Glaucoma,102a,23059667
Glaucoma,102a,23059723
Glaucoma,102a,23059847
Glaucoma,102a,23059913
Glaucoma,102a,23059923
Glaucoma,102a,23059995
Glaucoma,102a,23060006
Glaucoma,102a,23060248
Glaucoma,102a,23060298
Glaucoma,102a,23060329
Glaucoma,102a,23060350
Glaucoma,102a,23060410
Glaucoma,102a,23060480
Glaucoma,102a,23060606
Glaucoma,102a,23060614
Glaucoma,102a,23060625
Glaucoma,102a,23060638
Glaucoma,102a,23060670
Glaucoma,102a,23060686
Glaucoma,102a,23060727
Glaucoma,102a,23060743
Glaucoma,102a,23060778
Glaucoma,102a,23060843
Glaucoma,102a,23060873
Glaucoma,102a,23060910
Glaucoma,102a,23060914
Glaucoma,102a,23061035
Glaucoma,102a,23061173
Glaucoma,102a,23061262
Glaucoma,102a,23061265
Glaucoma,102a,23061285
Glaucoma,102a,23061300
Glaucoma,102a,23061327
Glaucoma,102a,23061336
Glaucoma,102a,23061392
Glaucoma,102a,23061414
Glaucoma,102a,23061472
Glaucoma,102a,23061501
Glaucoma,102a,23061558
Glaucoma,102a,23061610
Glaucoma,102a,23061612
Glaucoma,102a,23061633
Glaucoma,102a,23061743
Glaucoma,102a,23061790
Glaucoma,102a,23061848
Glaucoma,102a,23061875
Glaucoma,102a,23061924
Glaucoma,102a,23062035
Glaucoma,102a,23062050
Glaucoma,102a,23062233
Glaucoma,102a,23062251
Glaucoma,102a,23062731
Glaucoma,102a,23062931
Glaucoma,102a,23063092
Glaucoma,102a,23063110
Glaucoma,102a,23063245
Glaucoma,102a,23063250
Glaucoma,102a,23063278
Glaucoma,102a,23063294
Glaucoma,102a,23063379
Glaucoma,102a,23063397
Glaucoma,102a,23063413
Glaucoma,102a,23063526
Glaucoma,102a,23063618
Glaucoma,102a,23063670
Glaucoma,102a,23063689
Glaucoma,102a,23063704
Glaucoma,102a,23063986
Glaucoma,102a,23063994
Glaucoma,102a,23064115
Glaucoma,102a,23064163
Glaucoma,102a,23064214
Glaucoma,102a,23064222
Glaucoma,102a,23064284
Glaucoma,102a,23064372
Glaucoma,102a,23064453
Glaucoma,102a,23064495
Glaucoma,102a,23064504
Glaucoma,102a,23064519
Glaucoma,102a,23064583
Glaucoma,102a,23064587
Glaucoma,102a,23064714
Glaucoma,102a,23064934
Glaucoma,102a,23064959
Glaucoma,102a,23064979
Glaucoma,102a,23065056
Glaucoma,102a,23065137
Glaucoma,102a,23065176
Glaucoma,102a,23065183
Glaucoma,102a,23065232
Glaucoma,102a,23065362
Glaucoma,102a,23065387
Glaucoma,102a,23065393
Glaucoma,102a,23065495
Glaucoma,102a,23065509
Glaucoma,102a,23065585
Glaucoma,102a,23065612
Glaucoma,102a,23065711
Glaucoma,102a,23065750
Glaucoma,102a,23065811
Glaucoma,102a,23065860
Glaucoma,102a,23065889
Glaucoma,102a,23065908
Glaucoma,102a,23065975
Glaucoma,102a,23066033
Glaucoma,102a,23066050
Glaucoma,102a,23066124
Glaucoma,102a,23066198
Glaucoma,102a,23066365
Glaucoma,102a,23066420
Glaucoma,102a,23066445
Glaucoma,102a,23066483
Glaucoma,102a,23066486
Glaucoma,102a,23066506
Glaucoma,102a,23066569
Glaucoma,102a,23066654
Glaucoma,102a,23066667
Glaucoma,102a,23066721
Glaucoma,102a,23066733
Glaucoma,102a,23066788
Glaucoma,102a,23066859
Glaucoma,102a,23066867
Glaucoma,102a,23067066
Glaucoma,102a,23067196
Glaucoma,102a,23067203
Glaucoma,102a,23067250
Glaucoma,102a,23067279
Glaucoma,102a,23067304
Glaucoma,102a,23067321
Glaucoma,102a,23067338
Glaucoma,102a,23067375
Glaucoma,102a,23067473
Glaucoma,102a,23067493
Glaucoma,102a,23067575
Glaucoma,102a,23067809
Glaucoma,102a,23067834
Glaucoma,102a,23067958
Glaucoma,102a,23068036
Glaucoma,102a,23068099
Glaucoma,102a,23068245
Glaucoma,102a,23068300
Glaucoma,102a,23068311
Glaucoma,102a,23068358
Glaucoma,102a,23068422
Glaucoma,102a,23068436
Glaucoma,102a,23068540
Glaucoma,102a,23068576
Glaucoma,102a,23068577
Glaucoma,102a,23068621
Glaucoma,102a,23068655
Glaucoma,102a,23068728
Glaucoma,102a,23068799
Glaucoma,102a,23068868
Glaucoma,102a,23068873
Glaucoma,102a,23068877
Glaucoma,102a,23068952
Glaucoma,102a,23068971
Glaucoma,102a,23069015
Glaucoma,102a,23069028
Glaucoma,102a,23069054
Glaucoma,102a,23069103
Glaucoma,102a,23069220
Glaucoma,102a,23069256
Glaucoma,102a,23069370
Glaucoma,102a,23069479
Glaucoma,102a,23069482
Glaucoma,102a,23069494
Glaucoma,102a,23069538
Glaucoma,102a,23069669
Glaucoma,102a,23069684
Glaucoma,102a,23069735
Glaucoma,102a,23069835
Glaucoma,102a,23069843
Glaucoma,102a,23069878
Glaucoma,102a,23069918
Glaucoma,102a,23069922
Glaucoma,102a,23069994
Glaucoma,102a,23070079
Glaucoma,102a,23070179
Glaucoma,102a,23070183
Glaucoma,102a,23070285
Glaucoma,102a,23070308
Glaucoma,102a,23070377
Glaucoma,102a,23070423
Glaucoma,102a,23070426
Glaucoma,102a,23070699
Glaucoma,102a,23070834
Glaucoma,102a,23070932
Glaucoma,102a,23070945
Glaucoma,102a,23071012
Glaucoma,102a,23071144
Glaucoma,102a,23071159
Glaucoma,102a,23071180
Glaucoma,102a,23071207
Glaucoma,102a,23071222
Glaucoma,102a,23071297
Glaucoma,102a,23071301
Glaucoma,102a,23071432
Glaucoma,102a,23071438
Glaucoma,102a,23071458
Glaucoma,102a,23071517
Glaucoma,102a,23071676
Glaucoma,102a,23071694
Glaucoma,102a,23071875
Glaucoma,102a,23071893
Glaucoma,102a,23071983
Glaucoma,102a,23072033
Glaucoma,102a,23072073
Glaucoma,102a,23072124
Glaucoma,102a,23072191
Glaucoma,102a,23072341
Glaucoma,102a,23072391
Glaucoma,102a,23072645
Glaucoma,102a,23072729
Glaucoma,102a,23072738
Glaucoma,102a,23072756
Glaucoma,102a,23072759
Glaucoma,102a,23072812
Glaucoma,102a,23072939
Glaucoma,102a,23072965
Glaucoma,102a,23073007
Glaucoma,102a,23073045
Glaucoma,102a,23073088
Glaucoma,102a,23073218
Glaucoma,102a,23073242
Glaucoma,102a,23073614
Glaucoma,102a,23073670
Glaucoma,102a,23073766
Glaucoma,102a,23073851
Glaucoma,102a,23073917
Glaucoma,102a,23074029
Glaucoma,102a,23074042
Glaucoma,102a,23074045
Glaucoma,102a,23074061
Glaucoma,102a,23074078
Glaucoma,102a,23074082
Glaucoma,102a,23074409
Glaucoma,102a,23074502
Glaucoma,102a,23074582
Glaucoma,102a,23074585
Glaucoma,102a,23074627
Glaucoma,102a,23074786
Glaucoma,102a,23074843
Glaucoma,102a,23074947
Glaucoma,102a,23075002
Glaucoma,102a,23075068
Glaucoma,102a,23075136
Glaucoma,102a,23075206
Glaucoma,102a,23075240
Glaucoma,102a,23075305
Glaucoma,102a,23075380
Glaucoma,102a,23075520
Glaucoma,102a,23075538
Glaucoma,102a,23075576
Glaucoma,102a,23075662
Glaucoma,102a,23075811
Glaucoma,102a,23075867
Glaucoma,102a,23075962
Glaucoma,102a,23076045
Glaucoma,102a,23076054
Glaucoma,102a,23076079
Glaucoma,102a,23076123
Glaucoma,102a,23076149
Glaucoma,102a,23076170
Glaucoma,102a,23076180
Glaucoma,102a,23076246
Glaucoma,102a,23076509
Glaucoma,102a,23076512
Glaucoma,102a,23076537
Glaucoma,102a,23076550
Glaucoma,102a,23076559
Glaucoma,102a,23076576
Glaucoma,102a,23076597
Glaucoma,102a,23076767
Glaucoma,102a,23076784
Glaucoma,102a,23076793
Glaucoma,102a,23076871
Glaucoma,102a,23076936
Glaucoma,102a,23076980
Glaucoma,102a,23077039
Glaucoma,102a,23077040
Glaucoma,102a,23077061
Glaucoma,102a,23077150
Glaucoma,102a,23077156
Glaucoma,102a,23077245
Glaucoma,102a,23077286
Glaucoma,102a,23077310
Glaucoma,102a,23077378
Glaucoma,102a,23077396
Glaucoma,102a,23077518
Glaucoma,102a,23077533
Glaucoma,102a,23077582
Glaucoma,102a,23077674
Glaucoma,102a,23077713
Glaucoma,102a,23077827
Glaucoma,102a,23077875
Glaucoma,102a,23078110
Glaucoma,102a,23078140
Glaucoma,102a,23078209
Glaucoma,102a,23078280
Glaucoma,102a,23078313
Glaucoma,102a,23078349
Glaucoma,102a,23078372
Glaucoma,102a,23078403
Glaucoma,102a,23078563
Glaucoma,102a,23078718
Glaucoma,102a,23078731
Glaucoma,102a,23078758
Glaucoma,102a,23078849
Glaucoma,102a,23078926
Glaucoma,102a,23078963
Glaucoma,102a,23078974
Glaucoma,102a,23078982
Glaucoma,102a,23079069
Glaucoma,102a,23079127
Glaucoma,102a,23079182
Glaucoma,102a,23079188
Glaucoma,102a,23079212
Glaucoma,102a,23079253
Glaucoma,102a,23079314
Glaucoma,102a,23079321
Glaucoma,102a,23079335
Glaucoma,102a,23079369
Glaucoma,102a,23079402
Glaucoma,102a,23079426
Glaucoma,102a,23079554
Glaucoma,102a,23079594
Glaucoma,102a,23079601
Glaucoma,102a,23079654
Glaucoma,102a,23079706
Glaucoma,102a,23079747
Glaucoma,102a,23079842
Glaucoma,102a,23079876
Glaucoma,102a,23079903
Glaucoma,102a,23079992
Glaucoma,102a,23080055
Glaucoma,102a,23080072
Glaucoma,102a,23080084
Glaucoma,102a,23080175
Glaucoma,102a,23080196
Glaucoma,102a,23080416
Glaucoma,102a,23080418
Glaucoma,102a,23080468
Glaucoma,102a,23080487
Glaucoma,102a,23080552
Glaucoma,102a,23080574
Glaucoma,102a,23080609
Glaucoma,102a,23080712
Glaucoma,102a,23080811
Glaucoma,102a,23080915
Glaucoma,102a,23080945
Glaucoma,102a,23080948
Glaucoma,102a,23081002
Glaucoma,102a,23081144
Glaucoma,102a,23081170
Glaucoma,102a,23081205
Glaucoma,102a,23081258
Glaucoma,102a,23081433
Glaucoma,102a,23081598
Glaucoma,102a,23081665
Glaucoma,102a,23081727
Glaucoma,102a,23081783
Glaucoma,102a,23081798
Glaucoma,102a,23081818
Glaucoma,102a,23081839
Glaucoma,102a,23081927
Glaucoma,102a,23081989
Glaucoma,102a,23082068
Glaucoma,102a,23082207
Glaucoma,102a,23082361
Glaucoma,102a,23082376
Glaucoma,102a,23082388
Glaucoma,102a,23082418
Glaucoma,102a,23082466
Glaucoma,102a,23082492
Glaucoma,102a,23082511
Glaucoma,102a,23082675
Glaucoma,102a,23082800
Glaucoma,102a,23082804
Glaucoma,102a,23082814
Glaucoma,102a,23082815
Glaucoma,102a,23082877
Glaucoma,102a,23082967
Glaucoma,102a,23082982
Glaucoma,102a,23083293
Glaucoma,102a,23083397
Glaucoma,102a,23083407
Glaucoma,102a,23083435
Glaucoma,102a,23083584
Glaucoma,102a,23083671
Glaucoma,102a,23083704
Glaucoma,102a,23083732
Glaucoma,102a,23083738
Glaucoma,102a,23083926
Glaucoma,102a,23083931
Glaucoma,102a,23083985
Glaucoma,102a,23084005
Glaucoma,102a,23084135
Glaucoma,102a,23084242
Glaucoma,102a,23084250
Glaucoma,102a,23084313
Glaucoma,102a,23084317
Glaucoma,102a,23084324
Glaucoma,102a,23084411
Glaucoma,102a,23084421
Glaucoma,102a,23084450
Glaucoma,102a,23084658
Glaucoma,102a,23084696
Glaucoma,102a,23084724
Glaucoma,102a,23084763
Glaucoma,102a,23084779
Glaucoma,102a,23084831
Glaucoma,102a,23084836
Glaucoma,102a,23084858
Glaucoma,102a,23085073
Glaucoma,102a,23085076
Glaucoma,102a,23085108
Glaucoma,102a,23085130
Glaucoma,102a,23085179
Glaucoma,102a,23085185
Glaucoma,102a,23085187
Glaucoma,102a,23085210
Glaucoma,102a,23085224
Glaucoma,102a,23085271
Glaucoma,102a,23085358
Glaucoma,102a,23085473
Glaucoma,102a,23085478
Glaucoma,102a,23085513
Glaucoma,102a,23085549
Glaucoma,102a,23085631
Glaucoma,102a,23085643
Glaucoma,102a,23085656
Glaucoma,102a,23085808
Glaucoma,102a,23085826
Glaucoma,102a,23085856
Glaucoma,102a,23085889
Glaucoma,102a,23086008
Glaucoma,102a,23086047
Glaucoma,102a,23086074
Glaucoma,102a,23086079
Glaucoma,102a,23086166
Glaucoma,102a,23086184
Glaucoma,102a,23086257
Glaucoma,102a,23086278
Glaucoma,102a,23086319
Glaucoma,102a,23086378
Glaucoma,102a,23086421
Glaucoma,102a,23086443
Glaucoma,102a,23086504
Glaucoma,102a,23086543
Glaucoma,102a,23086571
Glaucoma,102a,23086603
Glaucoma,102a,23086655
Glaucoma,102a,23086813
Glaucoma,102a,23086970
Glaucoma,102a,23086983
Glaucoma,102a,23087099
Glaucoma,102a,23087105
Glaucoma,102a,23087194
Glaucoma,102a,23087203
Glaucoma,102a,23087232
Glaucoma,102a,23087255
Glaucoma,102a,23087276
Glaucoma,102a,23087310
Glaucoma,102a,23087418
Glaucoma,102a,23087426
Glaucoma,102a,23087461
Glaucoma,102a,23087497
Glaucoma,102a,23087505
Glaucoma,102a,23087518
Glaucoma,102a,23087520
Glaucoma,102a,23087535
Glaucoma,102a,23087713
Glaucoma,102a,23087723
Glaucoma,102a,23087775
Glaucoma,102a,23087812
Glaucoma,102a,23087834
Glaucoma,102a,23087846
Glaucoma,102a,23087848
Glaucoma,102a,23087870
Glaucoma,102a,23087925
Glaucoma,102a,23087931
Glaucoma,102a,23087993
Glaucoma,102a,23088012
Glaucoma,102a,23088109
Glaucoma,102a,23088129
Glaucoma,102a,23088233
Glaucoma,102a,23088312
Glaucoma,102a,23088635
Glaucoma,102a,23088684
Glaucoma,102a,23088813
Glaucoma,102a,23088816
Glaucoma,102a,23088884
Glaucoma,102a,23088897
Glaucoma,102a,23089086
Glaucoma,102a,23089124
Glaucoma,102a,23089203
Glaucoma,102a,23089247
Glaucoma,102a,23089370
Glaucoma,102a,23089377
Glaucoma,102a,23089388
Glaucoma,102a,23089522
Glaucoma,102a,23089584
Glaucoma,102a,23089783
Glaucoma,102a,23089823
Glaucoma,102a,23089869
Glaucoma,102a,23089871
Glaucoma,102a,23089886
Glaucoma,102a,23089971
Glaucoma,102a,23089977
Glaucoma,102a,23090086
Glaucoma,102a,23090138
Glaucoma,102a,23090229
Glaucoma,102a,23090244
Glaucoma,102a,23090263
Glaucoma,102a,23090362
Glaucoma,102a,23090442
Glaucoma,102a,23090532
Glaucoma,102a,23090584
Glaucoma,102a,23090587
Glaucoma,102a,23090598
Glaucoma,102a,23090655
Glaucoma,102a,23090755
Glaucoma,102a,23090931
Glaucoma,102a,23090934
Glaucoma,102a,23090990
Glaucoma,102a,23090992
Glaucoma,102a,23091066
Glaucoma,102a,23091120
Glaucoma,102a,23091157
Glaucoma,102a,23091168
Glaucoma,102a,23091208
Glaucoma,102a,23091265
Glaucoma,102a,23091344
Glaucoma,102a,23091435
Glaucoma,102a,23091472
Glaucoma,102a,23091544
Glaucoma,102a,23091568
Glaucoma,102a,23091620
Glaucoma,102a,23091654
Glaucoma,102a,23091673
Glaucoma,102a,23091700
Glaucoma,102a,23091795
Glaucoma,102a,23091976
Glaucoma,102a,23092104
Glaucoma,102a,23092152
Glaucoma,102a,23092219
Glaucoma,102a,23092235
Glaucoma,102a,23092272
Glaucoma,102a,23092323
Glaucoma,102a,23092397
Glaucoma,102a,23092415
Glaucoma,102a,23092510
Glaucoma,102a,23092514
Glaucoma,102a,23092552
Glaucoma,102a,23092564
Glaucoma,102a,23092653
Glaucoma,102a,23092690
Glaucoma,102a,23092742
Glaucoma,102a,23092772
Glaucoma,102a,23092776
Glaucoma,102a,23092786
Glaucoma,102a,23092938
Glaucoma,102a,23092943
Glaucoma,102a,23092944
Glaucoma,102a,23092957
Glaucoma,102a,23093011
Glaucoma,102a,23093117
Glaucoma,102a,23093204
Glaucoma,102a,23093205
Glaucoma,102a,23093235
Glaucoma,102a,23093324
Glaucoma,102a,23093387
Glaucoma,102a,23093405
Glaucoma,102a,23093459
Glaucoma,102a,23093513
Glaucoma,102a,23093592
Glaucoma,102a,23093616
Glaucoma,102a,23093723
Glaucoma,102a,23093819
Glaucoma,102a,23093924
Glaucoma,102a,23094019
Glaucoma,102a,23094023
Glaucoma,102a,23094318
Glaucoma,102a,23094334
Glaucoma,102a,23094346
Glaucoma,102a,23094377
Glaucoma,102a,23094459
Glaucoma,102a,23094470
Glaucoma,102a,23094496
Glaucoma,102a,23094512
Glaucoma,102a,23059213
Glaucoma,102a,23059706
Glaucoma,102a,23059945
Glaucoma,102a,23060178
Glaucoma,102a,23062672
Glaucoma,102a,23064036
Glaucoma,102a,23064282
Glaucoma,102a,23064438
Glaucoma,102a,23066066
Glaucoma,102a,23067692
Glaucoma,102a,23068219
Glaucoma,102a,23069219
Glaucoma,102a,23070122
Glaucoma,102a,23070454
Glaucoma,102a,23070488
Glaucoma,102a,23070798
Glaucoma,102a,23071000
Glaucoma,102a,23072293
Glaucoma,102a,23072583
Glaucoma,102a,23072700
Glaucoma,102a,23073689
Glaucoma,102a,23074686
Glaucoma,102a,23075968
Glaucoma,102a,23076954
Glaucoma,102a,23077772
Glaucoma,102a,23078333
Glaucoma,102a,23078565
Glaucoma,102a,23078624
Glaucoma,102a,23078693
Glaucoma,102a,23081446
Glaucoma,102a,23081678
Glaucoma,102a,23081865
Glaucoma,102a,23088632
Glaucoma,102a,23089204
Glaucoma,102a,23089720
Glaucoma,102a,23091392
Glaucoma,102a,23092330
Glaucoma,102a,23093202
Glaucoma,102a,23094045
Glaucoma,102a,23064390
Glaucoma,102a,23064967
Glaucoma,102a,23066096
Glaucoma,102a,23066917
Glaucoma,102a,23067429
Glaucoma,102a,23068380
Glaucoma,102a,23068650
Glaucoma,102a,23071071
Glaucoma,102a,23072480
Glaucoma,102a,23072501
Glaucoma,102a,23072819
Glaucoma,102a,23073553
Glaucoma,102a,23074055
Glaucoma,102a,23074613
Glaucoma,102a,23075554
Glaucoma,102a,23077852
Glaucoma,102a,23078339
Glaucoma,102a,23079210
Glaucoma,102a,23079336
Glaucoma,102a,23079679
Glaucoma,102a,23079697
Glaucoma,102a,23082587
Glaucoma,102a,23083521
Glaucoma,102a,23083663
Glaucoma,102a,23083845
Glaucoma,102a,23083855
Glaucoma,102a,23083981
Glaucoma,102a,23084158
Glaucoma,102a,23084799
Glaucoma,102a,23084866
Glaucoma,102a,23088031
Glaucoma,102a,23089148
Glaucoma,102a,23089423
Glaucoma,102a,23089468
Glaucoma,102a,23090500
Glaucoma,102a,23090639
Glaucoma,102a,23091365
Glaucoma,102a,23092141
Glaucoma,102a,23092790
Glaucoma,102a,23092902
Glaucoma,102a,23062230
Glaucoma,102a,23062785
Glaucoma,102a,23063022
Glaucoma,102a,23064033
Glaucoma,102a,23065467
Glaucoma,102a,23065472
Glaucoma,102a,23065652
Glaucoma,102a,23066214
Glaucoma,102a,23070245
Glaucoma,102a,23070565
Glaucoma,102a,23070676
Glaucoma,102a,23074539
Glaucoma,102a,23074614
Glaucoma,102a,23074901
Glaucoma,102a,23075241
Glaucoma,102a,23075473
Glaucoma,102a,23076199
Glaucoma,102a,23076230
Glaucoma,102a,23078799
Glaucoma,102a,23079001
Glaucoma,102a,23079575
Glaucoma,102a,23080154
Glaucoma,102a,23080165
Glaucoma,102a,23080392
Glaucoma,102a,23083166
Glaucoma,102a,23083352
Glaucoma,102a,23083621
Glaucoma,102a,23083993
Glaucoma,102a,23084802
Glaucoma,102a,23085200
Glaucoma,102a,23085227
Glaucoma,102a,23085734
Glaucoma,102a,23085835
Glaucoma,102a,23087717
Glaucoma,102a,23089315
Glaucoma,102a,23089861
Glaucoma,102a,23090006
Glaucoma,102a,23090905
Glaucoma,102a,23091082
Glaucoma,102a,23091450
Glaucoma,102a,23059254
Glaucoma,102a,23060763
Glaucoma,102a,23062658
Glaucoma,102a,23063231
Glaucoma,102a,23065127
Glaucoma,102a,23065168
Glaucoma,102a,23065697
Glaucoma,102a,23069201
Glaucoma,102a,23069379
Glaucoma,102a,23074659
Glaucoma,102a,23075080
Glaucoma,102a,23076068
Glaucoma,102a,23076245
Glaucoma,102a,23076363
Glaucoma,102a,23079055
Glaucoma,102a,23079597
Glaucoma,102a,23079737
Glaucoma,102a,23080990
Glaucoma,102a,23081719
Glaucoma,102a,23083784
Glaucoma,102a,23084071
Glaucoma,102a,23084610
Glaucoma,102a,23084803
Glaucoma,102a,23085600
Glaucoma,102a,23086929
Glaucoma,102a,23087050
Glaucoma,102a,23087221
Glaucoma,102a,23088762
Glaucoma,102a,23089402
Glaucoma,102a,23089923
Glaucoma,102a,23090491
Glaucoma,102a,23090874
Glaucoma,102a,23091702
Glaucoma,102a,23091820
Glaucoma,102a,23092487
Glaucoma,102a,23092911
Glaucoma,102a,23093855
Glaucoma,102a,23093917
Glaucoma,102a,23094004
Glaucoma,102a,23094490
Glaucoma,102a,23059232
Glaucoma,102a,23059894
Glaucoma,102a,23060717
Glaucoma,102a,23060768
Glaucoma,102a,23061280
Glaucoma,102a,23061293
Glaucoma,102a,23064737
Glaucoma,102a,23064828
Glaucoma,102a,23064906
Glaucoma,102a,23066468
Glaucoma,102a,23066929
Glaucoma,102a,23068698
Glaucoma,102a,23070061
Glaucoma,102a,23070329
Glaucoma,102a,23070581
Glaucoma,102a,23072107
Glaucoma,102a,23072617
Glaucoma,102a,23072632
Glaucoma,102a,23073304
Glaucoma,102a,23073852
Glaucoma,102a,23074099
Glaucoma,102a,23074863
Glaucoma,102a,23074910
Glaucoma,102a,23076154
Glaucoma,102a,23076184
Glaucoma,102a,23076823
Glaucoma,102a,23081008
Glaucoma,102a,23081432
Glaucoma,102a,23081885
Glaucoma,102a,23082340
Glaucoma,102a,23082730
Glaucoma,102a,23084485
Glaucoma,102a,23085021
Glaucoma,102a,23087227
Glaucoma,102a,23088299
Glaucoma,102a,23088671
Glaucoma,102a,23091090
Glaucoma,102a,23091426
Glaucoma,102a,23092736
Glaucoma,102a,23092951
Glaucoma,102a,23059236
Glaucoma,102a,23059311
Glaucoma,102a,23060542
Glaucoma,102a,23061808
Glaucoma,102a,23064882
Glaucoma,102a,23065846
Glaucoma,102a,23066398
Glaucoma,102a,23066625
Glaucoma,102a,23066864
Glaucoma,102a,23067598
Glaucoma,102a,23067813
Glaucoma,102a,23068485
Glaucoma,102a,23068610
Glaucoma,102a,23069458
Glaucoma,102a,23069781
Glaucoma,102a,23070286
Glaucoma,102a,23070415
Glaucoma,102a,23070859
Glaucoma,102a,23071215
Glaucoma,102a,23071613
Glaucoma,102a,23072685
Glaucoma,102a,23074544
Glaucoma,102a,23076514
Glaucoma,102a,23076909
Glaucoma,102a,23077670
Glaucoma,102a,23077801
Glaucoma,102a,23080043
Glaucoma,102a,23080357
Glaucoma,102a,23081761
Glaucoma,102a,23084892
Glaucoma,102a,23085066
Glaucoma,102a,23085432
Glaucoma,102a,23085920
Glaucoma,102a,23086465
Glaucoma,102a,23086790
Glaucoma,102a,23087096
Glaucoma,102a,23088914
Glaucoma,102a,23089375
Glaucoma,102a,23089650
Glaucoma,102a,23089856
Glaucoma,102a,23059872
Glaucoma,102a,23060171
Glaucoma,102a,23060934
Glaucoma,102a,23061489
Glaucoma,102a,23063861
Glaucoma,102a,23066252
Glaucoma,102a,23067371
Glaucoma,102a,23069456
Glaucoma,102a,23069990
Glaucoma,102a,23070813
Glaucoma,102a,23070815
Glaucoma,102a,23074737
Glaucoma,102a,23075733
Glaucoma,102a,23076813
Glaucoma,102a,23076878
Glaucoma,102a,23077829
Glaucoma,102a,23079329
Glaucoma,102a,23079347
Glaucoma,102a,23079744
Glaucoma,102a,23079944
Glaucoma,102a,23080229
Glaucoma,102a,23080360
Glaucoma,102a,23081048
Glaucoma,102a,23081057
Glaucoma,102a,23081331
Glaucoma,102a,23082442
Glaucoma,102a,23084065
Glaucoma,102a,23085152
Glaucoma,102a,23085165
Glaucoma,102a,23086595
Glaucoma,102a,23088130
Glaucoma,102a,23088329
Glaucoma,102a,23088346
Glaucoma,102a,23089146
Glaucoma,102a,23091083
Glaucoma,102a,23091880
Glaucoma,102a,23092338
Glaucoma,102a,23093242
Glaucoma,102a,23094095
Glaucoma,102a,23094235
Glaucoma,102a,23059664
Glaucoma,102a,23062222
Glaucoma,102a,23063010
Glaucoma,102a,23063608
Glaucoma,102a,23065512
Glaucoma,102a,23068078
Glaucoma,102a,23068407
Glaucoma,102a,23068692
Glaucoma,102a,23069124
Glaucoma,102a,23071856
Glaucoma,102a,23072399
Glaucoma,102a,23076087
Glaucoma,102a,23076475
Glaucoma,102a,23077004
Glaucoma,102a,23077568
Glaucoma,102a,23077775
Glaucoma,102a,23078128
Glaucoma,102a,23078270
Glaucoma,102a,23078981
Glaucoma,102a,23080662
Glaucoma,102a,23081085
Glaucoma,102a,23081279
Glaucoma,102a,23081643
Glaucoma,102a,23084541
Glaucoma,102a,23084854
Glaucoma,102a,23085068
Glaucoma,102a,23086318
Glaucoma,102a,23087034
Glaucoma,102a,23087377
Glaucoma,102a,23087726
Glaucoma,102a,23088390
Glaucoma,102a,23089034
Glaucoma,102a,23089936
Glaucoma,102a,23090011
Glaucoma,102a,23091204
Glaucoma,102a,23091839
Glaucoma,102a,23092123
Glaucoma,102a,23093135
Glaucoma,102a,23093299
Glaucoma,102a,23093820
Glaucoma,102a,23078779
Glaucoma,102a,23064197
Glaucoma,28c,23026245
Glaucoma,28c,23026249
Glaucoma,28c,23026250
Glaucoma,28c,23026258
Glaucoma,28c,23026262
Glaucoma,28c,23026267
Glaucoma,28c,23026269
Glaucoma,28c,23026274
Glaucoma,28c,23026275
Glaucoma,28c,23026290
Glaucoma,28c,23026291
Glaucoma,28c,23026294
Glaucoma,28c,23026300
Glaucoma,28c,23026309
Glaucoma,28c,23026338
Glaucoma,28c,23026365
Glaucoma,28c,23026369
Glaucoma,28c,23026372
Glaucoma,28c,23026377
Glaucoma,28c,23026379
Glaucoma,28c,23026388
Glaucoma,28c,23026416
Glaucoma,28c,23026418
Glaucoma,28c,23026422
Glaucoma,28c,23026426
Glaucoma,28c,23026433
Glaucoma,28c,23026447
Glaucoma,28c,23026448
Glaucoma,28c,23026450
Glaucoma,28c,23026462
Glaucoma,28c,23026463
Glaucoma,28c,23026466
Glaucoma,28c,23026467
Glaucoma,28c,23026470
Glaucoma,28c,23026472
Glaucoma,28c,23026479
Glaucoma,28c,23026492
Glaucoma,28c,23026505
Glaucoma,28c,23026507
Glaucoma,28c,23026515
Glaucoma,28c,23026520
Glaucoma,28c,23026528
Glaucoma,28c,23026530
Glaucoma,28c,23026533
Glaucoma,28c,23026540
Glaucoma,28c,23026545
Glaucoma,28c,23026556
Glaucoma,28c,23026566
Glaucoma,28c,23026592
Glaucoma,28c,23026593
Glaucoma,28c,23026594
Glaucoma,28c,23026596
Glaucoma,28c,23026597
Glaucoma,28c,23026603
Glaucoma,28c,23026609
Glaucoma,28c,23026612
Glaucoma,28c,23026623
Glaucoma,28c,23026627
Glaucoma,28c,23026636
Glaucoma,28c,23026646
Glaucoma,28c,23026652
Glaucoma,28c,23026656
Glaucoma,28c,23026658
Glaucoma,28c,23026665
Glaucoma,28c,23026667
Glaucoma,28c,23026677
Glaucoma,28c,23026686
Glaucoma,28c,23026691
Glaucoma,28c,23026692
Glaucoma,28c,23026693
Glaucoma,28c,23026701
Glaucoma,28c,23026714
Glaucoma,28c,23026717
Glaucoma,28c,23026720
Glaucoma,28c,23026732
Glaucoma,28c,23026754
Glaucoma,28c,23026766
Glaucoma,28c,23026771
Glaucoma,28c,23026776
Glaucoma,28c,23026788
Glaucoma,28c,23026795
Glaucoma,28c,23026799
Glaucoma,28c,23026802
Glaucoma,28c,23026811
Glaucoma,28c,23026817
Glaucoma,28c,23026822
Glaucoma,28c,23026832
Glaucoma,28c,23026838
Glaucoma,28c,23026841
Glaucoma,28c,23026842
Glaucoma,28c,23026867
Glaucoma,28c,23026868
Glaucoma,28c,23026879
Glaucoma,28c,23026880
Glaucoma,28c,23026886
Glaucoma,28c,23026889
Glaucoma,28c,23026902
Glaucoma,28c,23026930
Glaucoma,28c,23026944
Glaucoma,28c,23026945
Glaucoma,28c,23026947
Glaucoma,28c,23026949
Glaucoma,28c,23026958
Glaucoma,28c,23026961
Glaucoma,28c,23027006
Glaucoma,28c,23027009
Glaucoma,28c,23027017
Glaucoma,28c,23027020
Glaucoma,28c,23027024
Glaucoma,28c,23027027
Glaucoma,28c,23027034
Glaucoma,28c,23027051
Glaucoma,28c,23027052
Glaucoma,28c,23027055
Glaucoma,28c,23027057
Glaucoma,28c,23027065
Glaucoma,28c,23027067
Glaucoma,28c,23027094
Glaucoma,28c,23027123
Glaucoma,28c,23027124
Glaucoma,28c,23027141
Glaucoma,28c,23027148
Glaucoma,28c,23027151
Glaucoma,28c,23027152
Glaucoma,28c,23027153
Glaucoma,28c,23027155
Glaucoma,28c,23027159
Glaucoma,28c,23027162
Glaucoma,28c,23027168
Glaucoma,28c,23027170
Glaucoma,28c,23027171
Glaucoma,28c,23027174
Glaucoma,28c,23027194
Glaucoma,28c,23027195
Glaucoma,28c,23027205
Glaucoma,28c,23027224
Glaucoma,28c,23027248
Glaucoma,28c,23027250
Glaucoma,28c,23027254
Glaucoma,28c,23027269
Glaucoma,28c,23027273
Glaucoma,28c,23027279
Glaucoma,28c,23027282
Glaucoma,28c,23027287
Glaucoma,28c,23027299
Glaucoma,28c,23027302
Glaucoma,28c,23027305
Glaucoma,28c,23027308
Glaucoma,28c,23027325
Glaucoma,28c,23027326
Glaucoma,28c,23027329
Glaucoma,28c,23027343
Glaucoma,28c,23027348
Glaucoma,28c,23027359
Glaucoma,28c,23027380
Glaucoma,28c,23027381
Glaucoma,28c,23027403
Glaucoma,28c,23027406
Glaucoma,28c,23027412
Glaucoma,28c,23027415
Glaucoma,28c,23027432
Glaucoma,28c,23027433
Glaucoma,28c,23027447
Glaucoma,28c,23027451
Glaucoma,28c,23027460
Glaucoma,28c,23027463
Glaucoma,28c,23027474
Glaucoma,28c,23027486
Glaucoma,28c,23027488
Glaucoma,28c,23027498
Glaucoma,28c,23027506
Glaucoma,28c,23027515
Glaucoma,28c,23027518
Glaucoma,28c,23027531
Glaucoma,28c,23027546
Glaucoma,28c,23027556
Glaucoma,28c,23027559
Glaucoma,28c,23027561
Glaucoma,28c,23027563
Glaucoma,28c,23027564
Glaucoma,28c,23027572
Glaucoma,28c,23027573
Glaucoma,28c,23027579
Glaucoma,28c,23027605
Glaucoma,28c,23027606
Glaucoma,28c,23027659
Glaucoma,28c,23027676
Glaucoma,28c,23027683
Glaucoma,28c,23027685
Glaucoma,28c,23027710
Glaucoma,28c,23027716
Glaucoma,28c,23027723
Glaucoma,28c,23027724
Glaucoma,28c,23027725
Glaucoma,28c,23027726
Glaucoma,28c,23027735
Glaucoma,28c,23027751
Glaucoma,28c,23027779
Glaucoma,28c,23027787
Glaucoma,28c,23027790
Glaucoma,28c,23027794
Glaucoma,28c,23027800
Glaucoma,28c,23027802
Glaucoma,28c,23027804
Glaucoma,28c,23027805
Glaucoma,28c,23027811
Glaucoma,28c,23027819
Glaucoma,28c,23027827
Glaucoma,28c,23027830
Glaucoma,28c,23027833
Glaucoma,28c,23027837
Glaucoma,28c,23027840
Glaucoma,28c,23027844
Glaucoma,28c,23027846
Glaucoma,28c,23027848
Glaucoma,28c,23027862
Glaucoma,28c,23027865
Glaucoma,28c,23027870
Glaucoma,28c,23027871
Glaucoma,28c,23027897
Glaucoma,28c,23027899
Glaucoma,28c,23027902
Glaucoma,28c,23027918
Glaucoma,28c,23027932
Glaucoma,28c,23027939
Glaucoma,28c,23027948
Glaucoma,28c,23027953
Glaucoma,28c,23027970
Glaucoma,28c,23027972
Glaucoma,28c,23027974
Glaucoma,28c,23027978
Glaucoma,28c,23027982
Glaucoma,28c,23027983
Glaucoma,28c,23027986
Glaucoma,28c,23027994
Glaucoma,28c,23027995
Glaucoma,28c,23028000
Glaucoma,28c,23028001
Glaucoma,28c,23028006
Glaucoma,28c,23028011
Glaucoma,28c,23028016
Glaucoma,28c,23028027
Glaucoma,28c,23028029
Glaucoma,28c,23028051
Glaucoma,28c,23028055
Glaucoma,28c,23028064
Glaucoma,28c,23028084
Glaucoma,28c,23028088
Glaucoma,28c,23028091
Glaucoma,28c,23028092
Glaucoma,28c,23028099
Glaucoma,28c,23028102
Glaucoma,28c,23028125
Glaucoma,28c,23028155
Glaucoma,28c,23028160
Glaucoma,28c,23028165
Glaucoma,28c,23028182
Glaucoma,28c,23028186
Glaucoma,28c,23028190
Glaucoma,28c,23028210
Glaucoma,28c,23028217
Glaucoma,28c,23028240
Glaucoma,28c,23028244
Glaucoma,28c,23028257
Glaucoma,28c,23028270
Glaucoma,28c,23028272
Glaucoma,28c,23028281
Glaucoma,28c,23028282
Glaucoma,28c,23028295
Glaucoma,28c,23028297
Glaucoma,28c,23028298
Glaucoma,28c,23028315
Glaucoma,28c,23028322
Glaucoma,28c,23028335
Glaucoma,28c,23028362
Glaucoma,28c,23028367
Glaucoma,28c,23028368
Glaucoma,28c,23028374
Glaucoma,28c,23028384
Glaucoma,28c,23028399
Glaucoma,28c,23028401
Glaucoma,28c,23028402
Glaucoma,28c,23028404
Glaucoma,28c,23028405
Glaucoma,28c,23028409
Glaucoma,28c,23028410
Glaucoma,28c,23028420
Glaucoma,28c,23028422
Glaucoma,28c,23028427
Glaucoma,28c,23028432
Glaucoma,28c,23028441
Glaucoma,28c,23028445
Glaucoma,28c,23028461
Glaucoma,28c,23028467
Glaucoma,28c,23028475
Glaucoma,28c,23028482
Glaucoma,28c,23028487
Glaucoma,28c,23028502
Glaucoma,28c,23028510
Glaucoma,28c,23028518
Glaucoma,28c,23028532
Glaucoma,28c,23028533
Glaucoma,28c,23028538
Glaucoma,28c,23028550
Glaucoma,28c,23028559
Glaucoma,28c,23028579
Glaucoma,28c,23028593
Glaucoma,28c,23028621
Glaucoma,28c,23028629
Glaucoma,28c,23028630
Glaucoma,28c,23028631
Glaucoma,28c,23028647
Glaucoma,28c,23028651
Glaucoma,28c,23028652
Glaucoma,28c,23028662
Glaucoma,28c,23028664
Glaucoma,28c,23028665
Glaucoma,28c,23028667
Glaucoma,28c,23028677
Glaucoma,28c,23028680
Glaucoma,28c,23028685
Glaucoma,28c,23028691
Glaucoma,28c,23028695
Glaucoma,28c,23028699
Glaucoma,28c,23028703
Glaucoma,28c,23028710
Glaucoma,28c,23028714
Glaucoma,28c,23028715
Glaucoma,28c,23028724
Glaucoma,28c,23028731
Glaucoma,28c,23028750
Glaucoma,28c,23028757
Glaucoma,28c,23028760
Glaucoma,28c,23028772
Glaucoma,28c,23028787
Glaucoma,28c,23028790
Glaucoma,28c,23028802
Glaucoma,28c,23028808
Glaucoma,28c,23028817
Glaucoma,28c,23028819
Glaucoma,28c,23028828
Glaucoma,28c,23028830
Glaucoma,28c,23028834
Glaucoma,28c,23028840
Glaucoma,28c,23028841
Glaucoma,28c,23028857
Glaucoma,28c,23028881
Glaucoma,28c,23028885
Glaucoma,28c,23028895
Glaucoma,28c,23028912
Glaucoma,28c,23028914
Glaucoma,28c,23028916
Glaucoma,28c,23028923
Glaucoma,28c,23028926
Glaucoma,28c,23028927
Glaucoma,28c,23028929
Glaucoma,28c,23028950
Glaucoma,28c,23028960
Glaucoma,28c,23028962
Glaucoma,28c,23028969
Glaucoma,28c,23028977
Glaucoma,28c,23028989
Glaucoma,28c,23028997
Glaucoma,28c,23028999
Glaucoma,28c,23029000
Glaucoma,28c,23029008
Glaucoma,28c,23029015
Glaucoma,28c,23029021
Glaucoma,28c,23029028
Glaucoma,28c,23029030
Glaucoma,28c,23029031
Glaucoma,28c,23029045
Glaucoma,28c,23029055
Glaucoma,28c,23029056
Glaucoma,28c,23029077
Glaucoma,28c,23029081
Glaucoma,28c,23029082
Glaucoma,28c,23029088
Glaucoma,28c,23029093
Glaucoma,28c,23029101
Glaucoma,28c,23029102
Glaucoma,28c,23029106
Glaucoma,28c,23029112
Glaucoma,28c,23029118
Glaucoma,28c,23029127
Glaucoma,28c,23029151
Glaucoma,28c,23029164
Glaucoma,28c,23029166
Glaucoma,28c,23029178
Glaucoma,28c,23029181
Glaucoma,28c,23029183
Glaucoma,28c,23029196
Glaucoma,28c,23029212
Glaucoma,28c,23029231
Glaucoma,28c,23029236
Glaucoma,28c,23029255
Glaucoma,28c,23029257
Glaucoma,28c,23029262
Glaucoma,28c,23029268
Glaucoma,28c,23029275
Glaucoma,28c,23029276
Glaucoma,28c,23029278
Glaucoma,28c,23029280
Glaucoma,28c,23029284
Glaucoma,28c,23029299
Glaucoma,28c,23029309
Glaucoma,28c,23029312
Glaucoma,28c,23029319
Glaucoma,28c,23029332
Glaucoma,28c,23029333
Glaucoma,28c,23029336
Glaucoma,28c,23029343
Glaucoma,28c,23029349
Glaucoma,28c,23029351
Glaucoma,28c,23029353
Glaucoma,28c,23029356
Glaucoma,28c,23029361
Glaucoma,28c,23029372
Glaucoma,28c,23029379
Glaucoma,28c,23029386
Glaucoma,28c,23029395
Glaucoma,28c,23029398
Glaucoma,28c,23029404
Glaucoma,28c,23029413
Glaucoma,28c,23029414
Glaucoma,28c,23029418
Glaucoma,28c,23029422
Glaucoma,28c,23029424
Glaucoma,28c,23029436
Glaucoma,28c,23029451
Glaucoma,28c,23029473
Glaucoma,28c,23029476
Glaucoma,28c,23029482
Glaucoma,28c,23029486
Glaucoma,28c,23029487
Glaucoma,28c,23029500
Glaucoma,28c,23029503
Glaucoma,28c,23029511
Glaucoma,28c,23029513
Glaucoma,28c,23029524
Glaucoma,28c,23029528
Glaucoma,28c,23029535
Glaucoma,28c,23029539
Glaucoma,28c,23029540
Glaucoma,28c,23029542
Glaucoma,28c,23029544
Glaucoma,28c,23029557
Glaucoma,28c,23029561
Glaucoma,28c,23029564
Glaucoma,28c,23029574
Glaucoma,28c,23029580
Glaucoma,28c,23029581
Glaucoma,28c,23029582
Glaucoma,28c,23029589
Glaucoma,28c,23029594
Glaucoma,28c,23029595
Glaucoma,28c,23029604
Glaucoma,28c,23029607
Glaucoma,28c,23029642
Glaucoma,28c,23029644
Glaucoma,28c,23029655
Glaucoma,28c,23029656
Glaucoma,28c,23029672
Glaucoma,28c,23029687
Glaucoma,28c,23029698
Glaucoma,28c,23029709
Glaucoma,28c,23029710
Glaucoma,28c,23029716
Glaucoma,28c,23029720
Glaucoma,28c,23029729
Glaucoma,28c,23029731
Glaucoma,28c,23029735
Glaucoma,28c,23029755
Glaucoma,28c,23029765
Glaucoma,28c,23029766
Glaucoma,28c,23029773
Glaucoma,28c,23029774
Glaucoma,28c,23029778
Glaucoma,28c,23029782
Glaucoma,28c,23029797
Glaucoma,28c,23029803
Glaucoma,28c,23029810
Glaucoma,28c,23029811
Glaucoma,28c,23029816
Glaucoma,28c,23029822
Glaucoma,28c,23029825
Glaucoma,28c,23029845
Glaucoma,28c,23029855
Glaucoma,28c,23029858
Glaucoma,28c,23029871
Glaucoma,28c,23029873
Glaucoma,28c,23029892
Glaucoma,28c,23029911
Glaucoma,28c,23029926
Glaucoma,28c,23029938
Glaucoma,28c,23029941
Glaucoma,28c,23029950
Glaucoma,28c,23029954
Glaucoma,28c,23029966
Glaucoma,28c,23029974
Glaucoma,28c,23029978
Glaucoma,28c,23029988
Glaucoma,28c,23029994
Glaucoma,28c,23029997
Glaucoma,28c,23030017
Glaucoma,28c,23030018
Glaucoma,28c,23030022
Glaucoma,28c,23030023
Glaucoma,28c,23030028
Glaucoma,28c,23030029
Glaucoma,28c,23030034
Glaucoma,28c,23030044
Glaucoma,28c,23030050
Glaucoma,28c,23030055
Glaucoma,28c,23030080
Glaucoma,28c,23030096
Glaucoma,28c,23030097
Glaucoma,28c,23030102
Glaucoma,28c,23030104
Glaucoma,28c,23030106
Glaucoma,28c,23030109
Glaucoma,28c,23030114
Glaucoma,28c,23030133
Glaucoma,28c,23030143
Glaucoma,28c,23030158
Glaucoma,28c,23030162
Glaucoma,28c,23030169
Glaucoma,28c,23030176
Glaucoma,28c,23030185
Glaucoma,28c,23030191
Glaucoma,28c,23030193
Glaucoma,28c,23030194
Glaucoma,28c,23030231
Glaucoma,28c,23030241
Glaucoma,28c,23030256
Glaucoma,28c,23030280
Glaucoma,28c,23030284
Glaucoma,28c,23030305
Glaucoma,28c,23030307
Glaucoma,28c,23030313
Glaucoma,28c,23030320
Glaucoma,28c,23030335
Glaucoma,28c,23030343
Glaucoma,28c,23030352
Glaucoma,28c,23030366
Glaucoma,28c,23030370
Glaucoma,28c,23030375
Glaucoma,28c,23030381
Glaucoma,28c,23030398
Glaucoma,28c,23030405
Glaucoma,28c,23030408
Glaucoma,28c,23030432
Glaucoma,28c,23030444
Glaucoma,28c,23030446
Glaucoma,28c,23030456
Glaucoma,28c,23030457
Glaucoma,28c,23030459
Glaucoma,28c,23030463
Glaucoma,28c,23030490
Glaucoma,28c,23030503
Glaucoma,28c,23030509
Glaucoma,28c,23030523
Glaucoma,28c,23030525
Glaucoma,28c,23030534
Glaucoma,28c,23030538
Glaucoma,28c,23030541
Glaucoma,28c,23030549
Glaucoma,28c,23030559
Glaucoma,28c,23030560
Glaucoma,28c,23030582
Glaucoma,28c,23030589
Glaucoma,28c,23030590
Glaucoma,28c,23030597
Glaucoma,28c,23030610
Glaucoma,28c,23030623
Glaucoma,28c,23030633
Glaucoma,28c,23030642
Glaucoma,28c,23030664
Glaucoma,28c,23030674
Glaucoma,28c,23030675
Glaucoma,28c,23030679
Glaucoma,28c,23030683
Glaucoma,28c,23030706
Glaucoma,28c,23030712
Glaucoma,28c,23030715
Glaucoma,28c,23030728
Glaucoma,28c,23030731
Glaucoma,28c,23030737
Glaucoma,28c,23030750
Glaucoma,28c,23030759
Glaucoma,28c,23030764
Glaucoma,28c,23030767
Glaucoma,28c,23030768
Glaucoma,28c,23030778
Glaucoma,28c,23030793
Glaucoma,28c,23030806
Glaucoma,28c,23030831
Glaucoma,28c,23030837
Glaucoma,28c,23030843
Glaucoma,28c,23030846
Glaucoma,28c,23029214
Glaucoma,28c,23029899
Glaucoma,28c,23026243
Glaucoma,28c,23026634
Glaucoma,28c,23026690
Glaucoma,28c,23027431
Glaucoma,28c,23027734
Glaucoma,28c,23028154
Glaucoma,28c,23028604
Glaucoma,28c,23028646
Glaucoma,28c,23029494
Glaucoma,28c,23029559
Glaucoma,28c,23029914
Glaucoma,28c,23029968
Glaucoma,28c,23030146
Glaucoma,28c,23030238
Glaucoma,28c,23030268
Glaucoma,28c,23030346
Glaucoma,28c,23030453
Glaucoma,28c,23026335
Glaucoma,28c,23028224
Glaucoma,28c,23028974
Glaucoma,28c,23026349
Glaucoma,28c,23026362
Glaucoma,28c,23026599
Glaucoma,28c,23026619
Glaucoma,28c,23027025
Glaucoma,28c,23027050
Glaucoma,28c,23027073
Glaucoma,28c,23027083
Glaucoma,28c,23027134
Glaucoma,28c,23027261
Glaucoma,28c,23027288
Glaucoma,28c,23027323
Glaucoma,28c,23027365
Glaucoma,28c,23027400
Glaucoma,28c,23027442
Glaucoma,28c,23027744
Glaucoma,28c,23028378
Glaucoma,28c,23028556
Glaucoma,28c,23028591
Glaucoma,28c,23028607
Glaucoma,28c,23028670
Glaucoma,28c,23028764
Glaucoma,28c,23028797
Glaucoma,28c,23028932
Glaucoma,28c,23029122
Glaucoma,28c,23029149
Glaucoma,28c,23029162
Glaucoma,28c,23029339
Glaucoma,28c,23029569
Glaucoma,28c,23029883
Glaucoma,28c,23029967
Glaucoma,28c,23029976
Glaucoma,28c,23030116
Glaucoma,28c,23030221
Glaucoma,28c,23030365
Glaucoma,28c,23030563
Glaucoma,28c,23030611
Glaucoma,28c,23030711
Glaucoma,28c,23030719
Glaucoma,28c,23030836
Glaucoma,28c,23027088
Glaucoma,28c,23028720
Glaucoma,95a,23030872
Glaucoma,95a,23031000
Glaucoma,95a,23031022
Glaucoma,95a,23031029
Glaucoma,95a,23031068
Glaucoma,95a,23031080
Glaucoma,95a,23031145
Glaucoma,95a,23031189
Glaucoma,95a,23031250
Glaucoma,95a,23031419
Glaucoma,95a,23031519
Glaucoma,95a,23031522
Glaucoma,95a,23031555
Glaucoma,95a,23031629
Glaucoma,95a,23031702
Glaucoma,95a,23031772
Glaucoma,95a,23031804
Glaucoma,95a,23031863
Glaucoma,95a,23031910
Glaucoma,95a,23031948
Glaucoma,95a,23032068
Glaucoma,95a,23032075
Glaucoma,95a,23032108
Glaucoma,95a,23032184
Glaucoma,95a,23032201
Glaucoma,95a,23032267
Glaucoma,95a,23032362
Glaucoma,95a,23032440
Glaucoma,95a,23032481
Glaucoma,95a,23032533
Glaucoma,95a,23032545
Glaucoma,95a,23032546
Glaucoma,95a,23032549
Glaucoma,95a,23032585
Glaucoma,95a,23032590
Glaucoma,95a,23032602
Glaucoma,95a,23032613
Glaucoma,95a,23032632
Glaucoma,95a,23032683
Glaucoma,95a,23032697
Glaucoma,95a,23032729
Glaucoma,95a,23032737
Glaucoma,95a,23032741
Glaucoma,95a,23032756
Glaucoma,95a,23032828
Glaucoma,95a,23032927
Glaucoma,95a,23032978
Glaucoma,95a,23033024
Glaucoma,95a,23033026
Glaucoma,95a,23033028
Glaucoma,95a,23033077
Glaucoma,95a,23033137
Glaucoma,95a,23033171
Glaucoma,95a,23033266
Glaucoma,95a,23033405
Glaucoma,95a,23033440
Glaucoma,95a,23033511
Glaucoma,95a,23033544
Glaucoma,95a,23033555
Glaucoma,95a,23033564
Glaucoma,95a,23033624
Glaucoma,95a,23033658
Glaucoma,95a,23033668
Glaucoma,95a,23033730
Glaucoma,95a,23033774
Glaucoma,95a,23033794
Glaucoma,95a,23033895
Glaucoma,95a,23034006
Glaucoma,95a,23034055
Glaucoma,95a,23034203
Glaucoma,95a,23034278
Glaucoma,95a,23034354
Glaucoma,95a,23034392
Glaucoma,95a,23034431
Glaucoma,95a,23034483
Glaucoma,95a,23034484
Glaucoma,95a,23034505
Glaucoma,95a,23034551
Glaucoma,95a,23034582
Glaucoma,95a,23034744
Glaucoma,95a,23034920
Glaucoma,95a,23035058
Glaucoma,95a,23035144
Glaucoma,95a,23035147
Glaucoma,95a,23035221
Glaucoma,95a,23035291
Glaucoma,95a,23035308
Glaucoma,95a,23035357
Glaucoma,95a,23035384
Glaucoma,95a,23035408
Glaucoma,95a,23035435
Glaucoma,95a,23035459
Glaucoma,95a,23035520
Glaucoma,95a,23035648
Glaucoma,95a,23035673
Glaucoma,95a,23035680
Glaucoma,95a,23035764
Glaucoma,95a,23035871
Glaucoma,95a,23035877
Glaucoma,95a,23035898
Glaucoma,95a,23035899
Glaucoma,95a,23035978
Glaucoma,95a,23035993
Glaucoma,95a,23036060
Glaucoma,95a,23036090
Glaucoma,95a,23036123
Glaucoma,95a,23036144
Glaucoma,95a,23036180
Glaucoma,95a,23036202
Glaucoma,95a,23036245
Glaucoma,95a,23036267
Glaucoma,95a,23036322
Glaucoma,95a,23036340
Glaucoma,95a,23036434
Glaucoma,95a,23036444
Glaucoma,95a,23036447
Glaucoma,95a,23036494
Glaucoma,95a,23036593
Glaucoma,95a,23036679
Glaucoma,95a,23036707
Glaucoma,95a,23036753
Glaucoma,95a,23036816
Glaucoma,95a,23036852
Glaucoma,95a,23036909
Glaucoma,95a,23036946
Glaucoma,95a,23036964
Glaucoma,95a,23037013
Glaucoma,95a,23037032
Glaucoma,95a,23037360
Glaucoma,95a,23037461
Glaucoma,95a,23037494
Glaucoma,95a,23037586
Glaucoma,95a,23037651
Glaucoma,95a,23037682
Glaucoma,95a,23037700
Glaucoma,95a,23037716
Glaucoma,95a,23037742
Glaucoma,95a,23037790
Glaucoma,95a,23037804
Glaucoma,95a,23037874
Glaucoma,95a,23037876
Glaucoma,95a,23037904
Glaucoma,95a,23038113
Glaucoma,95a,23038154
Glaucoma,95a,23038193
Glaucoma,95a,23038247
Glaucoma,95a,23038326
Glaucoma,95a,23038372
Glaucoma,95a,23038476
Glaucoma,95a,23038479
Glaucoma,95a,23038527
Glaucoma,95a,23038613
Glaucoma,95a,23038705
Glaucoma,95a,23038706
Glaucoma,95a,23038833
Glaucoma,95a,23038868
Glaucoma,95a,23038951
Glaucoma,95a,23039054
Glaucoma,95a,23039187
Glaucoma,95a,23039288
Glaucoma,95a,23039376
Glaucoma,95a,23039389
Glaucoma,95a,23039395
Glaucoma,95a,23039481
Glaucoma,95a,23039553
Glaucoma,95a,23039558
Glaucoma,95a,23039561
Glaucoma,95a,23039690
Glaucoma,95a,23039724
Glaucoma,95a,23039731
Glaucoma,95a,23039761
Glaucoma,95a,23039784
Glaucoma,95a,23039868
Glaucoma,95a,23039915
Glaucoma,95a,23039985
Glaucoma,95a,23039996
Glaucoma,95a,23040007
Glaucoma,95a,23040010
Glaucoma,95a,23040060
Glaucoma,95a,23040124
Glaucoma,95a,23040270
Glaucoma,95a,23040287
Glaucoma,95a,23040380
Glaucoma,95a,23040397
Glaucoma,95a,23040411
Glaucoma,95a,23040429
Glaucoma,95a,23040460
Glaucoma,95a,23040471
Glaucoma,95a,23040490
Glaucoma,95a,23040577
Glaucoma,95a,23040593
Glaucoma,95a,23040656
Glaucoma,95a,23040668
Glaucoma,95a,23040727
Glaucoma,95a,23040822
Glaucoma,95a,23040845
Glaucoma,95a,23040970
Glaucoma,95a,23040974
Glaucoma,95a,23041003
Glaucoma,95a,23041017
Glaucoma,95a,23041024
Glaucoma,95a,23041092
Glaucoma,95a,23041126
Glaucoma,95a,23041191
Glaucoma,95a,23041244
Glaucoma,95a,23041328
Glaucoma,95a,23041420
Glaucoma,95a,23041470
Glaucoma,95a,23041497
Glaucoma,95a,23041505
Glaucoma,95a,23041514
Glaucoma,95a,23041546
Glaucoma,95a,23041598
Glaucoma,95a,23041605
Glaucoma,95a,23041626
Glaucoma,95a,23041686
Glaucoma,95a,23041783
Glaucoma,95a,23041807
Glaucoma,95a,23041825
Glaucoma,95a,23041892
Glaucoma,95a,23041902
Glaucoma,95a,23041948
Glaucoma,95a,23041968
Glaucoma,95a,23042112
Glaucoma,95a,23042140
Glaucoma,95a,23042147
Glaucoma,95a,23042154
Glaucoma,95a,23042225
Glaucoma,95a,23042312
Glaucoma,95a,23042322
Glaucoma,95a,23042383
Glaucoma,95a,23042435
Glaucoma,95a,23042537
Glaucoma,95a,23042540
Glaucoma,95a,23042646
Glaucoma,95a,23042663
Glaucoma,95a,23042695
Glaucoma,95a,23042703
Glaucoma,95a,23042708
Glaucoma,95a,23042817
Glaucoma,95a,23042854
Glaucoma,95a,23042864
Glaucoma,95a,23042866
Glaucoma,95a,23042883
Glaucoma,95a,23043025
Glaucoma,95a,23043115
Glaucoma,95a,23043229
Glaucoma,95a,23043256
Glaucoma,95a,23043342
Glaucoma,95a,23043398
Glaucoma,95a,23043411
Glaucoma,95a,23043467
Glaucoma,95a,23043495
Glaucoma,95a,23043535
Glaucoma,95a,23043699
Glaucoma,95a,23043713
Glaucoma,95a,23043751
Glaucoma,95a,23043844
Glaucoma,95a,23043999
Glaucoma,95a,23044043
Glaucoma,95a,23044081
Glaucoma,95a,23044095
Glaucoma,95a,23044121
Glaucoma,95a,23044125
Glaucoma,95a,23044127
Glaucoma,95a,23044186
Glaucoma,95a,23044203
Glaucoma,95a,23044327
Glaucoma,95a,23044332
Glaucoma,95a,23044382
Glaucoma,95a,23044408
Glaucoma,95a,23044503
Glaucoma,95a,23044513
Glaucoma,95a,23044518
Glaucoma,95a,23044642
Glaucoma,95a,23044682
Glaucoma,95a,23044685
Glaucoma,95a,23044720
Glaucoma,95a,23044772
Glaucoma,95a,23044828
Glaucoma,95a,23044831
Glaucoma,95a,23044850
Glaucoma,95a,23044870
Glaucoma,95a,23044944
Glaucoma,95a,23044968
Glaucoma,95a,23044984
Glaucoma,95a,23044993
Glaucoma,95a,23045027
Glaucoma,95a,23045140
Glaucoma,95a,23045205
Glaucoma,95a,23045209
Glaucoma,95a,23045295
Glaucoma,95a,23045306
Glaucoma,95a,23045321
Glaucoma,95a,23045472
Glaucoma,95a,23045510
Glaucoma,95a,23045821
Glaucoma,95a,23045855
Glaucoma,95a,23045947
Glaucoma,95a,23046051
Glaucoma,95a,23046086
Glaucoma,95a,23046100
Glaucoma,95a,23046137
Glaucoma,95a,23046156
Glaucoma,95a,23046173
Glaucoma,95a,23046175
Glaucoma,95a,23046238
Glaucoma,95a,23046259
Glaucoma,95a,23046262
Glaucoma,95a,23046327
Glaucoma,95a,23046369
Glaucoma,95a,23046377
Glaucoma,95a,23046393
Glaucoma,95a,23046462
Glaucoma,95a,23046509
Glaucoma,95a,23046542
Glaucoma,95a,23046564
Glaucoma,95a,23046604
Glaucoma,95a,23046746
Glaucoma,95a,23046761
Glaucoma,95a,23046782
Glaucoma,95a,23046818
Glaucoma,95a,23046899
Glaucoma,95a,23046917
Glaucoma,95a,23047043
Glaucoma,95a,23047078
Glaucoma,95a,23047098
Glaucoma,95a,23047138
Glaucoma,95a,23047172
Glaucoma,95a,23047234
Glaucoma,95a,23047319
Glaucoma,95a,23047328
Glaucoma,95a,23047434
Glaucoma,95a,23047506
Glaucoma,95a,23047547
Glaucoma,95a,23047588
Glaucoma,95a,23047644
Glaucoma,95a,23047704
Glaucoma,95a,23047711
Glaucoma,95a,23047774
Glaucoma,95a,23047835
Glaucoma,95a,23048014
Glaucoma,95a,23048030
Glaucoma,95a,23048090
Glaucoma,95a,23048151
Glaucoma,95a,23048163
Glaucoma,95a,23048251
Glaucoma,95a,23048289
Glaucoma,95a,23048294
Glaucoma,95a,23048332
Glaucoma,95a,23048377
Glaucoma,95a,23048441
Glaucoma,95a,23048474
Glaucoma,95a,23048603
Glaucoma,95a,23048618
Glaucoma,95a,23048644
Glaucoma,95a,23048649
Glaucoma,95a,23048672
Glaucoma,95a,23048679
Glaucoma,95a,23048723
Glaucoma,95a,23048777
Glaucoma,95a,23048826
Glaucoma,95a,23048842
Glaucoma,95a,23048958
Glaucoma,95a,23049064
Glaucoma,95a,23049098
Glaucoma,95a,23049234
Glaucoma,95a,23049388
Glaucoma,95a,23049422
Glaucoma,95a,23049460
Glaucoma,95a,23049511
Glaucoma,95a,23049528
Glaucoma,95a,23049552
Glaucoma,95a,23049575
Glaucoma,95a,23049579
Glaucoma,95a,23049585
Glaucoma,95a,23049709
Glaucoma,95a,23049777
Glaucoma,95a,23049869
Glaucoma,95a,23049885
Glaucoma,95a,23049900
Glaucoma,95a,23049923
Glaucoma,95a,23049935
Glaucoma,95a,23049937
Glaucoma,95a,23049995
Glaucoma,95a,23050034
Glaucoma,95a,23050046
Glaucoma,95a,23050161
Glaucoma,95a,23050192
Glaucoma,95a,23050206
Glaucoma,95a,23050292
Glaucoma,95a,23050298
Glaucoma,95a,23050324
Glaucoma,95a,23050326
Glaucoma,95a,23050344
Glaucoma,95a,23050378
Glaucoma,95a,23050413
Glaucoma,95a,23050528
Glaucoma,95a,23050539
Glaucoma,95a,23050633
Glaucoma,95a,23050667
Glaucoma,95a,23050684
Glaucoma,95a,23050794
Glaucoma,95a,23050896
Glaucoma,95a,23050993
Glaucoma,95a,23051052
Glaucoma,95a,23051171
Glaucoma,95a,23051183
Glaucoma,95a,23051245
Glaucoma,95a,23051252
Glaucoma,95a,23051303
Glaucoma,95a,23051391
Glaucoma,95a,23051431
Glaucoma,95a,23051504
Glaucoma,95a,23051544
Glaucoma,95a,23051557
Glaucoma,95a,23051608
Glaucoma,95a,23051643
Glaucoma,95a,23051669
Glaucoma,95a,23051676
Glaucoma,95a,23051692
Glaucoma,95a,23051778
Glaucoma,95a,23051838
Glaucoma,95a,23051895
Glaucoma,95a,23051943
Glaucoma,95a,23051973
Glaucoma,95a,23052020
Glaucoma,95a,23052046
Glaucoma,95a,23052080
Glaucoma,95a,23052181
Glaucoma,95a,23052283
Glaucoma,95a,23052398
Glaucoma,95a,23052442
Glaucoma,95a,23052498
Glaucoma,95a,23052557
Glaucoma,95a,23052588
Glaucoma,95a,23052625
Glaucoma,95a,23052672
Glaucoma,95a,23052740
Glaucoma,95a,23052791
Glaucoma,95a,23052832
Glaucoma,95a,23052846
Glaucoma,95a,23052900
Glaucoma,95a,23052950
Glaucoma,95a,23052972
Glaucoma,95a,23053026
Glaucoma,95a,23053060
Glaucoma,95a,23053084
Glaucoma,95a,23053138
Glaucoma,95a,23053197
Glaucoma,95a,23053247
Glaucoma,95a,23053339
Glaucoma,95a,23053432
Glaucoma,95a,23053467
Glaucoma,95a,23053496
Glaucoma,95a,23053514
Glaucoma,95a,23053587
Glaucoma,95a,23053608
Glaucoma,95a,23053616
Glaucoma,95a,23053643
Glaucoma,95a,23053674
Glaucoma,95a,23053708
Glaucoma,95a,23053719
Glaucoma,95a,23053730
Glaucoma,95a,23053775
Glaucoma,95a,23053784
Glaucoma,95a,23053798
Glaucoma,95a,23053917
Glaucoma,95a,23053955
Glaucoma,95a,23053988
Glaucoma,95a,23054035
Glaucoma,95a,23054090
Glaucoma,95a,23054121
Glaucoma,95a,23054169
Glaucoma,95a,23054196
Glaucoma,95a,23054209
Glaucoma,95a,23054227
Glaucoma,95a,23054260
Glaucoma,95a,23054264
Glaucoma,95a,23054298
Glaucoma,95a,23054313
Glaucoma,95a,23054409
Glaucoma,95a,23054425
Glaucoma,95a,23054432
Glaucoma,95a,23054448
Glaucoma,95a,23054480
Glaucoma,95a,23054577
Glaucoma,95a,23054616
Glaucoma,95a,23054670
Glaucoma,95a,23054752
Glaucoma,95a,23054858
Glaucoma,95a,23054867
Glaucoma,95a,23054912
Glaucoma,95a,23054988
Glaucoma,95a,23054997
Glaucoma,95a,23055008
Glaucoma,95a,23055070
Glaucoma,95a,23055073
Glaucoma,95a,23055092
Glaucoma,95a,23055104
Glaucoma,95a,23055117
Glaucoma,95a,23055124
Glaucoma,95a,23055151
Glaucoma,95a,23055161
Glaucoma,95a,23055208
Glaucoma,95a,23055257
Glaucoma,95a,23055298
Glaucoma,95a,23055342
Glaucoma,95a,23055372
Glaucoma,95a,23055401
Glaucoma,95a,23055408
Glaucoma,95a,23055430
Glaucoma,95a,23055460
Glaucoma,95a,23055492
Glaucoma,95a,23055517
Glaucoma,95a,23055598
Glaucoma,95a,23055651
Glaucoma,95a,23055662
Glaucoma,95a,23055747
Glaucoma,95a,23055827
Glaucoma,95a,23055839
Glaucoma,95a,23055843
Glaucoma,95a,23055858
Glaucoma,95a,23055860
Glaucoma,95a,23055888
Glaucoma,95a,23055936
Glaucoma,95a,23055968
Glaucoma,95a,23055991
Glaucoma,95a,23056038
Glaucoma,95a,23056071
Glaucoma,95a,23056076
Glaucoma,95a,23056164
Glaucoma,95a,23056266
Glaucoma,95a,23056309
Glaucoma,95a,23056318
Glaucoma,95a,23056357
Glaucoma,95a,23056371
Glaucoma,95a,23056390
Glaucoma,95a,23056473
Glaucoma,95a,23056482
Glaucoma,95a,23056527
Glaucoma,95a,23056546
Glaucoma,95a,23056600
Glaucoma,95a,23056613
Glaucoma,95a,23056640
Glaucoma,95a,23056641
Glaucoma,95a,23056657
Glaucoma,95a,23056692
Glaucoma,95a,23056721
Glaucoma,95a,23056733
Glaucoma,95a,23056839
Glaucoma,95a,23056865
Glaucoma,95a,23056912
Glaucoma,95a,23056952
Glaucoma,95a,23056995
Glaucoma,95a,23057005
Glaucoma,95a,23057080
Glaucoma,95a,23057124
Glaucoma,95a,23057184
Glaucoma,95a,23057203
Glaucoma,95a,23057276
Glaucoma,95a,23057325
Glaucoma,95a,23057343
Glaucoma,95a,23057348
Glaucoma,95a,23057355
Glaucoma,95a,23057384
Glaucoma,95a,23057401
Glaucoma,95a,23057431
Glaucoma,95a,23057526
Glaucoma,95a,23057606
Glaucoma,95a,23057611
Glaucoma,95a,23057641
Glaucoma,95a,23057716
Glaucoma,95a,23057796
Glaucoma,95a,23057869
Glaucoma,95a,23057879
Glaucoma,95a,23057883
Glaucoma,95a,23057924
Glaucoma,95a,23057941
Glaucoma,95a,23057985
Glaucoma,95a,23058057
Glaucoma,95a,23058212
Glaucoma,95a,23058323
Glaucoma,95a,23058351
Glaucoma,95a,23058373
Glaucoma,95a,23058386
Glaucoma,95a,23058449
Glaucoma,95a,23058453
Glaucoma,95a,23058584
Glaucoma,95a,23058611
Glaucoma,95a,23058680
Glaucoma,95a,23058685
Glaucoma,95a,23058707
Glaucoma,95a,23058746
Glaucoma,95a,23058957
Glaucoma,95a,23058978
Glaucoma,95a,23058989
Glaucoma,95a,23059046
Glaucoma,95a,23059047
Glaucoma,95a,23059085
Glaucoma,95a,23032171
Glaucoma,95a,23032435
Glaucoma,95a,23033314
Glaucoma,95a,23033524
Glaucoma,95a,23033792
Glaucoma,95a,23034349
Glaucoma,95a,23034374
Glaucoma,95a,23035516
Glaucoma,95a,23036625
Glaucoma,95a,23037325
Glaucoma,95a,23040246
Glaucoma,95a,23041436
Glaucoma,95a,23041654
Glaucoma,95a,23041878
Glaucoma,95a,23042289
Glaucoma,95a,23042361
Glaucoma,95a,23043847
Glaucoma,95a,23044727
Glaucoma,95a,23044882
Glaucoma,95a,23046562
Glaucoma,95a,23047174
Glaucoma,95a,23047884
Glaucoma,95a,23047892
Glaucoma,95a,23048843
Glaucoma,95a,23050399
Glaucoma,95a,23050682
Glaucoma,95a,23051849
Glaucoma,95a,23052057
Glaucoma,95a,23052414
Glaucoma,95a,23052542
Glaucoma,95a,23053991
Glaucoma,95a,23054205
Glaucoma,95a,23055085
Glaucoma,95a,23056619
Glaucoma,95a,23057016
Glaucoma,95a,23057172
Glaucoma,95a,23058275
Glaucoma,95a,23058541
Glaucoma,95a,23058791
Glaucoma,95a,23058932
Glaucoma,95a,23030916
Glaucoma,95a,23031193
Glaucoma,95a,23031700
Glaucoma,95a,23031873
Glaucoma,95a,23031943
Glaucoma,95a,23032527
Glaucoma,95a,23033167
Glaucoma,95a,23033867
Glaucoma,95a,23033980
Glaucoma,95a,23034271
Glaucoma,95a,23034775
Glaucoma,95a,23035920
Glaucoma,95a,23037017
Glaucoma,95a,23037442
Glaucoma,95a,23038758
Glaucoma,95a,23038880
Glaucoma,95a,23039538
Glaucoma,95a,23040127
Glaucoma,95a,23040545
Glaucoma,95a,23040620
Glaucoma,95a,23042259
Glaucoma,95a,23044224
Glaucoma,95a,23044243
Glaucoma,95a,23044590
Glaucoma,95a,23046720
Glaucoma,95a,23047723
Glaucoma,95a,23049198
Glaucoma,95a,23050278
Glaucoma,95a,23051799
Glaucoma,95a,23052168
Glaucoma,95a,23052335
Glaucoma,95a,23053302
Glaucoma,95a,23054660
Glaucoma,95a,23054691
Glaucoma,95a,23055337
Glaucoma,95a,23055364
Glaucoma,95a,23055761
Glaucoma,95a,23056187
Glaucoma,95a,23057573
Glaucoma,95a,23058131
Glaucoma,95a,23030905
Glaucoma,95a,23030956
Glaucoma,95a,23032253
Glaucoma,95a,23033031
Glaucoma,95a,23033318
Glaucoma,95a,23034416
Glaucoma,95a,23034684
Glaucoma,95a,23035626
Glaucoma,95a,23036133
Glaucoma,95a,23036813
Glaucoma,95a,23037214
Glaucoma,95a,23037297
Glaucoma,95a,23039115
Glaucoma,95a,23039296
Glaucoma,95a,23041273
Glaucoma,95a,23041366
Glaucoma,95a,23042548
Glaucoma,95a,23042561
Glaucoma,95a,23044726
Glaucoma,95a,23045036
Glaucoma,95a,23046202
Glaucoma,95a,23047335
Glaucoma,95a,23048304
Glaucoma,95a,23048507
Glaucoma,95a,23049250
Glaucoma,95a,23049746
Glaucoma,95a,23049971
Glaucoma,95a,23050307
Glaucoma,95a,23052466
Glaucoma,95a,23053203
Glaucoma,95a,23053296
Glaucoma,95a,23054730
Glaucoma,95a,23054804
Glaucoma,95a,23056570
Glaucoma,95a,23056860
Glaucoma,95a,23057079
Glaucoma,95a,23057217
Glaucoma,95a,23057444
Glaucoma,95a,23058147
Glaucoma,95a,23058409
Glaucoma,95a,23032884
Glaucoma,95a,23033893
Glaucoma,95a,23035541
Glaucoma,95a,23037622
Glaucoma,95a,23038597
Glaucoma,95a,23038892
Glaucoma,95a,23039706
Glaucoma,95a,23039861
Glaucoma,95a,23040428
Glaucoma,95a,23040674
Glaucoma,95a,23041726
Glaucoma,95a,23043541
Glaucoma,95a,23044417
Glaucoma,95a,23044918
Glaucoma,95a,23045101
Glaucoma,95a,23046231
Glaucoma,95a,23048231
Glaucoma,95a,23048376
Glaucoma,95a,23048639
Glaucoma,95a,23048753
Glaucoma,95a,23048944
Glaucoma,95a,23049712
Glaucoma,95a,23050231
Glaucoma,95a,23051062
Glaucoma,95a,23051484
Glaucoma,95a,23051620
Glaucoma,95a,23052549
Glaucoma,95a,23053802
Glaucoma,95a,23054625
Glaucoma,95a,23055166
Glaucoma,95a,23055751
Glaucoma,95a,23056083
Glaucoma,95a,23057225
Glaucoma,95a,23058805
Glaucoma,95a,23031247
Glaucoma,95a,23031677
Glaucoma,95a,23034196
Glaucoma,95a,23035926
Glaucoma,95a,23037086
Glaucoma,95a,23037116
Glaucoma,95a,23037556
Glaucoma,95a,23038057
Glaucoma,95a,23041006
Glaucoma,95a,23041596
Glaucoma,95a,23041739
Glaucoma,95a,23042577
Glaucoma,95a,23042731
Glaucoma,95a,23042941
Glaucoma,95a,23043446
Glaucoma,95a,23044171
Glaucoma,95a,23044273
Glaucoma,95a,23044437
Glaucoma,95a,23044567
Glaucoma,95a,23044568
Glaucoma,95a,23044704
Glaucoma,95a,23044945
Glaucoma,95a,23046210
Glaucoma,95a,23046239
Glaucoma,95a,23046802
Glaucoma,95a,23048109
Glaucoma,95a,23048990
Glaucoma,95a,23050363
Glaucoma,95a,23051968
Glaucoma,95a,23052053
Glaucoma,95a,23052686
Glaucoma,95a,23053970
Glaucoma,95a,23054240
Glaucoma,95a,23054883
Glaucoma,95a,23055499
Glaucoma,95a,23056862
Glaucoma,95a,23056886
Glaucoma,95a,23057034
Glaucoma,95a,23057050
Glaucoma,95a,23058370
Glaucoma,95a,23031362
Glaucoma,95a,23031446
Glaucoma,95a,23032394
Glaucoma,95a,23032778
Glaucoma,95a,23032958
Glaucoma,95a,23033515
Glaucoma,95a,23034360
Glaucoma,95a,23034535
Glaucoma,95a,23034976
Glaucoma,95a,23035126
Glaucoma,95a,23037795
Glaucoma,95a,23037796
Glaucoma,95a,23038488
Glaucoma,95a,23039007
Glaucoma,95a,23039741
Glaucoma,95a,23039796
Glaucoma,95a,23039872
Glaucoma,95a,23040951
Glaucoma,95a,23043175
Glaucoma,95a,23043972
Glaucoma,95a,23044180
Glaucoma,95a,23044540
Glaucoma,95a,23044905
Glaucoma,95a,23045581
Glaucoma,95a,23046182
Glaucoma,95a,23046307
Glaucoma,95a,23047480
Glaucoma,95a,23048183
Glaucoma,95a,23048271
Glaucoma,95a,23048729
Glaucoma,95a,23048928
Glaucoma,95a,23049567
Glaucoma,95a,23050353
Glaucoma,95a,23053010
Glaucoma,95a,23053673
Glaucoma,95a,23054381
Glaucoma,95a,23054507
Glaucoma,95a,23056281
Glaucoma,95a,23057582
Glaucoma,95a,23058899
Glaucoma,95a,23031652
Glaucoma,95a,23031919
Glaucoma,95a,23032541
Glaucoma,95a,23034998
Glaucoma,95a,23035979
Glaucoma,95a,23036424
Glaucoma,95a,23039434
Glaucoma,95a,23040024
Glaucoma,95a,23040483
Glaucoma,95a,23040712
Glaucoma,95a,23041223
Glaucoma,95a,23041568
Glaucoma,95a,23041688
Glaucoma,95a,23042099
Glaucoma,95a,23042215
Glaucoma,95a,23042444
Glaucoma,95a,23045288
Glaucoma,95a,23045539
Glaucoma,95a,23048526
Glaucoma,95a,23049095
Glaucoma,95a,23049411
Glaucoma,95a,23049871
Glaucoma,95a,23050146
Glaucoma,95a,23050340
Glaucoma,95a,23050572
Glaucoma,95a,23051122
Glaucoma,95a,23051568
Glaucoma,95a,23051690
Glaucoma,95a,23052579
Glaucoma,95a,23052637
Glaucoma,95a,23054115
Glaucoma,95a,23054159
Glaucoma,95a,23055001
Glaucoma,95a,23055444
Glaucoma,95a,23056713
Glaucoma,95a,23056915
Glaucoma,95a,23057304
Glaucoma,95a,23057513
Glaucoma,95a,23058318
Glaucoma,95a,23058916
Glaucoma,95a,23031508
Glaucoma,95a,23031834
Glaucoma,95a,23032286
Glaucoma,95a,23032368
Glaucoma,95a,23032918
Glaucoma,95a,23034950
Glaucoma,95a,23035078
Glaucoma,95a,23037058
Glaucoma,95a,23037170
Glaucoma,95a,23038127
Glaucoma,95a,23038716
Glaucoma,95a,23039314
Glaucoma,95a,23039315
Glaucoma,95a,23040898
Glaucoma,95a,23041306
Glaucoma,95a,23042052
Glaucoma,95a,23044076
Glaucoma,95a,23044211
Glaucoma,95a,23044887
Glaucoma,95a,23045081
Glaucoma,95a,23045888
Glaucoma,95a,23046836
Glaucoma,95a,23048026
Glaucoma,95a,23048428
Glaucoma,95a,23050473
Glaucoma,95a,23050485
Glaucoma,95a,23051379
Glaucoma,95a,23051459
Glaucoma,95a,23051465
Glaucoma,95a,23052760
Glaucoma,95a,23053381
Glaucoma,95a,23053878
Glaucoma,95a,23055246
Glaucoma,95a,23055317
Glaucoma,95a,23055350
Glaucoma,95a,23056127
Glaucoma,95a,23057173
Glaucoma,95a,23057977
Glaucoma,95a,23058317
Glaucoma,95a,23058912
Glaucoma,95a,23034737
HIHA,UP1008,105331838
HIHA,UP1008,105331912
HIHA,UP1008,105331932
HIHA,UP1008,105332036
HIHA,UP1008,105332056
HIHA,UP1008,105332096
HIHA,UP1008,105332141
HIHA,UP1008,105332163
HIHA,UP1008,105332169
HIHA,UP1008,105332232
HIHA,UP1008,105332234
HIHA,UP1008,105332247
HIHA,UP1008,105332255
HIHA,UP1008,105332269
HIHA,UP1008,105332280
HIHA,UP1008,105332282
HIHA,UP1008,105332299
HIHA,UP1008,105332318
HIHA,UP1008,105332343
HIHA,UP1008,105332360
HIHA,UP1008,105332365
HIHA,UP1008,105332379
HIHA,UP1008,105332414
HIHA,UP1008,105332426
HIHA,UP1008,105332454
HIHA,UP1008,105332523
HIHA,UP1008,105332536
HIHA,UP1008,105332546
HIHA,UP1008,105332599
HIHA,UP1008,105332600
HIHA,UP1008,105332622
HIHA,UP1008,105332679
HIHA,UP1008,105332722
HIHA,UP1008,105332802
HIHA,UP1008,105332889
HIHA,UP1008,105332902
HIHA,UP1008,105332911
HIHA,UP1008,105332943
HIHA,UP1008,105332989
HIHA,UP1008,105333105
HIHA,UP1008,105333132
HIHA,UP1008,105333165
HIHA,UP1008,105333264
HIHA,UP1008,105333284
HIHA,UP1008,105333367
HIHA,UP1008,105333386
HIHA,UP1008,105333427
HIHA,UP1008,105333441
HIHA,UP1008,105333506
HIHA,UP1008,105333594
HIHA,UP1008,105333609
HIHA,UP1008,105333617
HIHA,UP1008,105333692
HIHA,UP1008,105333749
HIHA,UP1008,105333801
HIHA,UP1008,105333906
HIHA,UP1008,105333938
HIHA,UP1008,105333987
HIHA,UP1008,105334036
HIHA,UP1008,105334055
HIHA,UP1008,105334074
HIHA,UP1008,105334126
HIHA,UP1008,105334145
HIHA,UP1008,105334152
HIHA,UP1008,105334164
HIHA,UP1008,105334185
HIHA,UP1008,105334196
HIHA,UP1008,105334199
HIHA,UP1008,105334258
HIHA,UP1008,105334302
HIHA,UP1008,105334336
HIHA,UP1008,105334410
HIHA,UP1008,105334457
HIHA,UP1008,105334518
HIHA,UP1008,105334526
HIHA,UP1008,105334549
HIHA,UP1008,105334580
HIHA,UP1008,105334630
HIHA,UP1008,105334643
HIHA,UP1008,105334684
HIHA,UP1008,105334687
HIHA,UP1008,105334709
HIHA,UP1008,105334716
HIHA,UP1008,105334718
HIHA,UP1008,105334747
HIHA,UP1008,105334817
HIHA,UP1008,105334856
HIHA,UP1008,105334882
HIHA,UP1008,105334887
HIHA,UP1008,105334889
HIHA,UP1008,105334922
HIHA,UP1008,105334934
HIHA,UP1008,105334972
HIHA,UP1008,105335004
HIHA,UP1008,105335018
HIHA,UP1008,105335125
HIHA,UP1008,105335199
HIHA,UP1008,105335209
HIHA,UP1008,105335268
HIHA,UP1008,105335281
HIHA,UP1008,105335391
HIHA,UP1008,105335396
HIHA,UP1008,105335465
HIHA,UP1008,105335474
HIHA,UP1008,105335486
HIHA,UP1008,105335561
HIHA,UP1008,105335575
HIHA,UP1008,105335661
HIHA,UP1008,105335728
HIHA,UP1008,105335730
HIHA,UP1008,105335735
HIHA,UP1008,105335810
HIHA,UP1008,105335827
HIHA,UP1008,105335834
HIHA,UP1008,105335836
HIHA,UP1008,105335845
HIHA,UP1008,105335861
HIHA,UP1008,105335871
HIHA,UP1008,105335915
HIHA,UP1008,105335930
HIHA,UP1008,105336011
HIHA,UP1008,105336078
HIHA,UP1008,105336165
HIHA,UP1008,105336179
HIHA,UP1008,105336191
HIHA,UP1008,105336193
HIHA,UP1008,105336201
HIHA,UP1008,105336222
HIHA,UP1008,105336269
HIHA,UP1008,105336350
HIHA,UP1008,105336412
HIHA,UP1008,105336478
HIHA,UP1008,105336485
HIHA,UP1008,105336566
HIHA,UP1008,105336589
HIHA,UP1008,105336645
HIHA,UP1008,105336662
HIHA,UP1008,105336663
HIHA,UP1008,105336675
HIHA,UP1008,105336684
HIHA,UP1008,105336699
HIHA,UP1008,105336721
HIHA,UP1008,105336759
HIHA,UP1008,105336784
HIHA,UP1008,105336786
HIHA,UP1008,105336788
HIHA,UP1008,105336842
HIHA,UP1008,105336900
HIHA,UP1008,105336952
HIHA,UP1008,105337053
HIHA,UP1008,105337140
HIHA,UP1008,105337141
HIHA,UP1008,105337161
HIHA,UP1008,105337264
HIHA,UP1008,105337289
HIHA,UP1008,105337292
HIHA,UP1008,105337350
HIHA,UP1008,105337382
HIHA,UP1008,105337388
HIHA,UP1008,105337415
HIHA,UP1008,105337444
HIHA,UP1008,105337476
HIHA,UP1008,105337581
HIHA,UP1008,105337603
HIHA,UP1008,105337637
HIHA,UP1008,105337790
HIHA,UP1008,105337800
HIHA,UP1008,105337868
HIHA,UP1008,105337871
HIHA,UP1008,105337899
HIHA,UP1008,105337930
HIHA,UP1008,105337957
HIHA,UP1008,105337966
HIHA,UP1008,105338005
HIHA,UP1008,105338019
HIHA,UP1008,105338065
HIHA,UP1008,105338077
HIHA,UP1008,105338089
HIHA,UP1008,105338090
HIHA,UP1008,105338097
HIHA,UP1008,105338099
HIHA,UP1008,105338117
HIHA,UP1008,105338235
HIHA,UP1008,105338258
HIHA,UP1008,105338298
HIHA,UP1008,105338341
HIHA,UP1008,105338393
HIHA,UP1008,105338398
HIHA,UP1008,105338408
HIHA,UP1008,105338431
HIHA,UP1008,105338455
HIHA,UP1008,105338464
HIHA,UP1008,105338485
HIHA,UP1008,105338537
HIHA,UP1008,105338580
HIHA,UP1008,105338600
HIHA,UP1008,105338608
HIHA,UP1008,105338630
HIHA,UP1008,105338687
HIHA,UP1008,105338696
HIHA,UP1008,105338697
HIHA,UP1008,105338756
HIHA,UP1008,105338766
HIHA,UP1008,105338794
HIHA,UP1008,105338797
HIHA,UP1008,105338848
HIHA,UP1008,105338862
HIHA,UP1008,105338884
HIHA,UP1008,105338897
HIHA,UP1008,105338940
HIHA,UP1008,105338970
HIHA,UP1008,105339049
HIHA,UP1008,105339067
HIHA,UP1008,105339117
HIHA,UP1008,105339119
HIHA,UP1008,105339141
HIHA,UP1008,105339183
HIHA,UP1008,105339189
HIHA,UP1008,105339216
HIHA,UP1008,105339235
HIHA,UP1008,105339250
HIHA,UP1008,105339260
HIHA,UP1008,105339333
HIHA,UP1008,105339338
HIHA,UP1008,105339367
HIHA,UP1008,105339405
HIHA,UP1008,105339502
HIHA,UP1008,105339558
HIHA,UP1008,105339622
HIHA,UP1008,105339681
HIHA,UP1008,105339695
HIHA,UP1008,105339722
HIHA,UP1008,105339808
HIHA,UP1008,105339838
HIHA,UP1008,105339850
HIHA,UP1008,105339866
HIHA,UP1008,105339924
HIHA,UP1008,105339969
HIHA,UP1008,105339986
HIHA,UP1008,105340004
HIHA,UP1008,105340031
HIHA,UP1008,105340078
HIHA,UP1008,105340085
HIHA,UP1008,105340133
HIHA,UP1008,105340141
HIHA,UP1008,105340170
HIHA,UP1008,105340179
HIHA,UP1008,105340208
HIHA,UP1008,105340244
HIHA,UP1008,105340304
HIHA,UP1008,105340362
HIHA,UP1008,105340364
HIHA,UP1008,105340368
HIHA,UP1008,105340394
HIHA,UP1008,105340404
HIHA,UP1008,105340435
HIHA,UP1008,105340463
HIHA,UP1008,105340492
HIHA,UP1008,105340550
HIHA,UP1008,105340572
HIHA,UP1008,105340577
HIHA,UP1008,105340622
HIHA,UP1008,105340627
HIHA,UP1008,105340694
HIHA,UP1008,105340698
HIHA,UP1008,105340769
HIHA,UP1008,105340941
HIHA,UP1008,105340952
HIHA,UP1008,105340960
HIHA,UP1008,105340972
HIHA,UP1008,105341032
HIHA,UP1008,105341128
HIHA,UP1008,105341153
HIHA,UP1008,105341154
HIHA,UP1008,105341193
HIHA,UP1008,105341273
HIHA,UP1008,105341292
HIHA,UP1008,105341294
HIHA,UP1008,105341295
HIHA,UP1008,105341311
HIHA,UP1008,105341332
HIHA,UP1008,105341354
HIHA,UP1008,105341356
HIHA,UP1008,105341540
HIHA,UP1008,105341600
HIHA,UP1008,105341618
HIHA,UP1008,105341629
HIHA,UP1008,105341670
HIHA,UP1008,105341697
HIHA,UP1008,105341743
HIHA,UP1008,105341759
HIHA,UP1008,105341771
HIHA,UP1008,105341784
HIHA,UP1008,105341843
HIHA,UP1008,105341845
HIHA,UP1008,105341856
HIHA,UP1008,105341899
HIHA,UP1008,105341916
HIHA,UP1008,105341921
HIHA,UP1008,105341944
HIHA,UP1008,105341959
HIHA,UP1008,105341988
HIHA,UP1008,105342000
HIHA,UP1008,105342028
HIHA,UP1008,105342052
HIHA,UP1008,105342065
HIHA,UP1008,105342090
HIHA,UP1008,105342106
HIHA,UP1008,105342111
HIHA,UP1008,105342138
HIHA,UP1008,105342142
HIHA,UP1008,105342176
HIHA,UP1008,105342178
HIHA,UP1008,105342247
HIHA,UP1008,105342261
HIHA,UP1008,105342302
HIHA,UP1008,105342328
HIHA,UP1008,105342333
HIHA,UP1008,105342365
HIHA,UP1008,105342407
HIHA,UP1008,105342419
HIHA,UP1008,105342434
HIHA,UP1008,105342454
HIHA,UP1008,105342497
HIHA,UP1008,105342515
HIHA,UP1008,105342546
HIHA,UP1008,105342583
HIHA,UP1008,105342617
HIHA,UP1008,105342623
HIHA,UP1008,105342650
HIHA,UP1008,105342689
HIHA,UP1008,105342705
HIHA,UP1008,105342709
HIHA,UP1008,105342714
HIHA,UP1008,105342740
HIHA,UP1008,105342784
HIHA,UP1008,105342863
HIHA,UP1008,105342893
HIHA,UP1008,105343106
HIHA,UP1008,105343247
HIHA,UP1008,105343281
HIHA,UP1008,105343307
HIHA,UP1008,105343314
HIHA,UP1008,105343320
HIHA,UP1008,105343323
HIHA,UP1008,105343359
HIHA,UP1008,105343412
HIHA,UP1008,105343428
HIHA,UP1008,105343435
HIHA,UP1008,105343447
HIHA,UP1008,105343500
HIHA,UP1008,105343502
HIHA,UP1008,105343534
HIHA,UP1008,105343542
HIHA,UP1008,105343580
HIHA,UP1008,105343592
HIHA,UP1008,105343614
HIHA,UP1008,105343665
HIHA,UP1008,105343728
HIHA,UP1008,105343781
HIHA,UP1008,105343823
HIHA,UP1008,105343827
HIHA,UP1008,105343849
HIHA,UP1008,105343905
HIHA,UP1008,105343918
HIHA,UP1008,105343942
HIHA,UP1008,105343955
HIHA,UP1008,105344043
HIHA,UP1008,105344063
HIHA,UP1008,105344074
HIHA,UP1008,105344099
HIHA,UP1008,105344119
HIHA,UP1008,105344146
HIHA,UP1008,105344194
HIHA,UP1008,105344282
HIHA,UP1008,105344343
HIHA,UP1008,105344382
HIHA,UP1008,105344413
HIHA,UP1008,105344435
HIHA,UP1008,105344517
HIHA,UP1008,105344533
HIHA,UP1008,105344611
HIHA,UP1008,105344636
HIHA,UP1008,105344654
HIHA,UP1008,105344659
HIHA,UP1008,105344661
HIHA,UP1008,105344663
HIHA,UP1008,105344728
HIHA,UP1008,105344779
HIHA,UP1008,105344784
HIHA,UP1008,105344800
HIHA,UP1008,105344813
HIHA,UP1008,105344837
HIHA,UP1008,105344873
HIHA,UP1008,105344885
HIHA,UP1008,105344916
HIHA,UP1008,105344934
HIHA,UP1008,105344968
HIHA,UP1008,105345060
HIHA,UP1008,105345084
HIHA,UP1008,105345219
HIHA,UP1008,105345260
HIHA,UP1008,105345285
HIHA,UP1008,105345316
HIHA,UP1008,105345397
HIHA,UP1008,105345428
HIHA,UP1008,105345473
HIHA,UP1008,105345529
HIHA,UP1008,105345566
HIHA,UP1008,105345573
HIHA,UP1008,105345632
HIHA,UP1008,105345674
HIHA,UP1008,105345734
HIHA,UP1008,105345806
HIHA,UP1008,105345814
HIHA,UP1008,105345834
HIHA,UP1008,105345854
HIHA,UP1008,105345858
HIHA,UP1008,105345882
HIHA,UP1008,105345988
HIHA,UP1008,105346040
HIHA,UP1008,105346089
HIHA,UP1008,105346135
HIHA,UP1008,105346156
HIHA,UP1008,105346186
HIHA,UP1008,105346189
HIHA,UP1008,105346296
HIHA,UP1008,105346318
HIHA,UP1008,105346368
HIHA,UP1008,105346373
HIHA,UP1008,105346404
HIHA,UP1008,105346415
HIHA,UP1008,105346434
HIHA,UP1008,105346436
HIHA,UP1008,105346474
HIHA,UP1008,105346519
HIHA,UP1008,105346535
HIHA,UP1008,105346599
HIHA,UP1008,105346619
HIHA,UP1008,105346624
HIHA,UP1008,105346639
HIHA,UP1008,105346644
HIHA,UP1008,105346655
HIHA,UP1008,105346661
HIHA,UP1008,105346694
HIHA,UP1008,105346762
HIHA,UP1008,105346778
HIHA,UP1008,105346797
HIHA,UP1008,105346841
HIHA,UP1008,105346855
HIHA,UP1008,105346895
HIHA,UP1008,105347002
HIHA,UP1008,105347011
HIHA,UP1008,105347017
HIHA,UP1008,105347049
HIHA,UP1008,105347081
HIHA,UP1008,105347116
HIHA,UP1008,105347142
HIHA,UP1008,105347160
HIHA,UP1008,105347212
HIHA,UP1008,105347213
HIHA,UP1008,105347216
HIHA,UP1008,105347220
HIHA,UP1008,105347247
HIHA,UP1008,105347342
HIHA,UP1008,105347451
HIHA,UP1008,105347453
HIHA,UP1008,105347545
HIHA,UP1008,105347644
HIHA,UP1008,105347652
HIHA,UP1008,105347706
HIHA,UP1008,105347709
HIHA,UP1008,105347769
HIHA,UP1008,105347818
HIHA,UP1008,105347936
HIHA,UP1008,105348061
HIHA,UP1008,105348153
HIHA,UP1008,105348176
HIHA,UP1008,105348206
HIHA,UP1008,105348245
HIHA,UP1008,105348370
HIHA,UP1008,105348382
HIHA,UP1008,105348414
HIHA,UP1008,105348521
HIHA,UP1008,105348617
HIHA,UP1008,105348641
HIHA,UP1008,105348652
HIHA,UP1008,105348669
HIHA,UP1008,105348818
HIHA,UP1008,105348859
HIHA,UP1008,105348873
HIHA,UP1008,105348918
HIHA,UP1008,105348938
HIHA,UP1008,105349017
HIHA,UP1008,105349039
HIHA,UP1008,105349040
HIHA,UP1008,105349070
HIHA,UP1008,105349118
HIHA,UP1008,105349158
HIHA,UP1008,105349163
HIHA,UP1008,105349180
HIHA,UP1008,105349195
HIHA,UP1008,105349212
HIHA,UP1008,105349220
HIHA,UP1008,105349225
HIHA,UP1008,105349269
HIHA,UP1008,105349290
HIHA,UP1008,105349365
HIHA,UP1008,105349384
HIHA,UP1008,105349408
HIHA,UP1008,105349414
HIHA,UP1008,105349440
HIHA,UP1008,105349452
HIHA,UP1008,105349469
HIHA,UP1008,105349544
HIHA,UP1008,105349570
HIHA,UP1008,105349586
HIHA,UP1008,105349612
HIHA,UP1008,105349626
HIHA,UP1008,105349719
HIHA,UP1008,105349731
HIHA,UP1008,105349732
HIHA,UP1008,105349899
HIHA,UP1008,105349959
HIHA,UP1008,105349981
HIHA,UP1008,105350019
HIHA,UP1008,105350054
HIHA,UP1008,105350112
HIHA,UP1008,105350116
HIHA,UP1008,105350144
HIHA,UP1008,105350183
HIHA,UP1008,105350218
HIHA,UP1008,105350248
HIHA,UP1008,105350252
HIHA,UP1008,105350319
HIHA,UP1008,105350349
HIHA,UP1008,105350360
HIHA,UP1008,105350384
HIHA,UP1008,105350510
HIHA,UP1008,105350544
HIHA,UP1008,105350586
HIHA,UP1008,105350627
HIHA,UP1008,105350669
HIHA,UP1008,105350678
HIHA,UP1008,105350707
HIHA,UP1008,105350713
HIHA,UP1008,105350771
HIHA,UP1008,105350828
HIHA,UP1008,105350837
HIHA,UP1008,105350898
HIHA,UP1008,105350955
HIHA,UP1008,105350965
HIHA,UP1008,105351047
HIHA,UP1008,105351101
HIHA,UP1008,105351104
HIHA,UP1008,105351105
HIHA,UP1008,105351196
HIHA,UP1008,105351214
HIHA,UP1008,105351245
HIHA,UP1008,105351276
HIHA,UP1008,105351304
HIHA,UP1008,105351305
HIHA,UP1008,105351348
HIHA,UP1008,105351383
HIHA,UP1008,105351472
HIHA,UP1008,105351526
HIHA,UP1008,105351568
HIHA,UP1008,105351610
HIHA,UP1008,105351638
HIHA,UP1008,105351663
HIHA,UP1008,105351732
HIHA,UP1008,105351777
HIHA,UP1008,105351813
HIHA,UP1008,105351939
HIHA,UP1008,105352013
HIHA,UP1008,105352029
HIHA,UP1008,105352113
HIHA,UP1008,105352117
HIHA,UP1008,105352121
HIHA,UP1008,105352137
HIHA,UP1008,105352143
HIHA,UP1008,105352155
HIHA,UP1008,105352158
HIHA,UP1008,105352160
HIHA,UP1008,105352194
HIHA,UP1008,105352197
HIHA,UP1008,105352220
HIHA,UP1008,105352300
HIHA,UP1008,105352315
HIHA,UP1008,105352381
HIHA,UP1008,105352401
HIHA,UP1008,105352409
HIHA,UP1008,105352412
HIHA,UP1008,105352498
HIHA,UP1008,105352532
HIHA,UP1008,105352547
HIHA,UP1008,105352574
HIHA,UP1008,105352676
HIHA,UP1008,105352698
HIHA,UP1008,105352717
HIHA,UP1008,105332314
HIHA,UP1008,105332320
HIHA,UP1008,105332451
HIHA,UP1008,105332944
HIHA,UP1008,105333138
HIHA,UP1008,105335592
HIHA,UP1008,105336360
HIHA,UP1008,105336384
HIHA,UP1008,105336656
HIHA,UP1008,105337646
HIHA,UP1008,105339350
HIHA,UP1008,105339819
HIHA,UP1008,105341503
HIHA,UP1008,105342127
HIHA,UP1008,105342452
HIHA,UP1008,105342571
HIHA,UP1008,105345638
HIHA,UP1008,105347870
HIHA,UP1008,105348216
HIHA,UP1008,105348291
HIHA,UP1008,105348375
HIHA,UP1008,105348571
HIHA,UP1008,105348868
HIHA,UP1008,105349815
HIHA,UP1008,105350362
HIHA,UP1008,105351095
HIHA,UP1008,105352438
HIHA,UP1008,105334971
HIHA,UP1008,105336151
HIHA,UP1008,105337068
HIHA,UP1008,105338193
HIHA,UP1008,105339232
HIHA,UP1008,105339397
HIHA,UP1008,105339732
HIHA,UP1008,105340160
HIHA,UP1008,105340366
HIHA,UP1008,105340563
HIHA,UP1008,105341936
HIHA,UP1008,105342368
HIHA,UP1008,105342541
HIHA,UP1008,105342878
HIHA,UP1008,105343735
HIHA,UP1008,105344474
HIHA,UP1008,105344599
HIHA,UP1008,105344684
HIHA,UP1008,105344810
HIHA,UP1008,105345026
HIHA,UP1008,105345296
HIHA,UP1008,105345871
HIHA,UP1008,105346081
HIHA,UP1008,105346147
HIHA,UP1008,105346280
HIHA,UP1008,105346816
HIHA,UP1008,105347114
HIHA,UP1008,105347625
HIHA,UP1008,105347707
HIHA,UP1008,105348360
HIHA,UP1008,105348496
HIHA,UP1008,105348509
HIHA,UP1008,105349112
HIHA,UP1008,105349720
HIHA,UP1008,105350457
HIHA,UP1008,105350500
HIHA,UP1008,105351315
HIHA,UP1008,105351704
HIHA,UP1008,105351944
HIHA,UP1008,105352615
HIHA,UP1008,105334211
HIHA,UP1008,105335070
HIHA,UP1008,105336026
HIHA,UP1008,105336641
HIHA,UP1008,105337773
HIHA,UP1008,105337779
HIHA,UP1008,105337807
HIHA,UP1008,105338012
HIHA,UP1008,105338520
HIHA,UP1008,105338962
HIHA,UP1008,105339857
HIHA,UP1008,105341147
HIHA,UP1008,105341437
HIHA,UP1008,105341938
HIHA,UP1008,105342309
HIHA,UP1008,105342661
HIHA,UP1008,105342735
HIHA,UP1008,105343186
HIHA,UP1008,105343322
HIHA,UP1008,105343372
HIHA,UP1008,105343740
HIHA,UP1008,105344808
HIHA,UP1008,105345495
HIHA,UP1008,105345786
HIHA,UP1008,105345931
HIHA,UP1008,105345959
HIHA,UP1008,105346267
HIHA,UP1008,105347646
HIHA,UP1008,105348952
HIHA,UP1008,105349136
HIHA,UP1008,105349576
HIHA,UP1008,105349603
HIHA,UP1008,105349878
HIHA,UP1008,105350124
HIHA,UP1008,105350266
HIHA,UP1008,105350534
HIHA,UP1008,105350764
HIHA,UP1008,105351687
HIHA,UP1008,105351690
HIHA,UP1008,105351848
HIHA,UP1008,105331947
HIHA,UP1008,105331973
HIHA,UP1008,105332057
HIHA,UP1008,105332328
HIHA,UP1008,105333014
HIHA,UP1008,105333515
HIHA,UP1008,105335007
HIHA,UP1008,105337883
HIHA,UP1008,105338120
HIHA,UP1008,105338269
HIHA,UP1008,105340401
HIHA,UP1008,105340501
HIHA,UP1008,105340596
HIHA,UP1008,105340675
HIHA,UP1008,105341207
HIHA,UP1008,105341965
HIHA,UP1008,105342297
HIHA,UP1008,105342557
HIHA,UP1008,105342928
HIHA,UP1008,105343010
HIHA,UP1008,105343310
HIHA,UP1008,105343342
HIHA,UP1008,105344252
HIHA,UP1008,105344589
HIHA,UP1008,105345048
HIHA,UP1008,105345184
HIHA,UP1008,105345482
HIHA,UP1008,105345511
HIHA,UP1008,105345557
HIHA,UP1008,105345673
HIHA,UP1008,105346310
HIHA,UP1008,105347295
HIHA,UP1008,105347473
HIHA,UP1008,105348032
HIHA,UP1008,105348280
HIHA,UP1008,105349960
HIHA,UP1008,105350800
HIHA,UP1008,105350967
HIHA,UP1008,105352055
HIHA,UP1008,105352159
HIHA,UP1008,105332543
HIHA,UP1008,105332977
HIHA,UP1008,105333701
HIHA,UP1008,105333738
HIHA,UP1008,105333865
HIHA,UP1008,105333954
HIHA,UP1008,105334237
HIHA,UP1008,105334421
HIHA,UP1008,105334639
HIHA,UP1008,105334757
HIHA,UP1008,105335631
HIHA,UP1008,105335653
HIHA,UP1008,105337404
HIHA,UP1008,105337495
HIHA,UP1008,105337771
HIHA,UP1008,105339282
HIHA,UP1008,105340379
HIHA,UP1008,105340773
HIHA,UP1008,105341604
HIHA,UP1008,105342606
HIHA,UP1008,105342976
HIHA,UP1008,105343398
HIHA,UP1008,105343518
HIHA,UP1008,105344384
HIHA,UP1008,105344862
HIHA,UP1008,105345186
HIHA,UP1008,105346419
HIHA,UP1008,105346481
HIHA,UP1008,105346759
HIHA,UP1008,105346965
HIHA,UP1008,105346977
HIHA,UP1008,105348182
HIHA,UP1008,105348615
HIHA,UP1008,105349008
HIHA,UP1008,105350213
HIHA,UP1008,105350464
HIHA,UP1008,105350757
HIHA,UP1008,105350813
HIHA,UP1008,105350937
HIHA,UP1008,105351420
HIHA,UP1008,105332423
HIHA,UP1008,105334303
HIHA,UP1008,105335945
HIHA,UP1008,105336079
HIHA,UP1008,105336139
HIHA,UP1008,105336682
HIHA,UP1008,105337103
HIHA,UP1008,105337727
HIHA,UP1008,105338163
HIHA,UP1008,105338247
HIHA,UP1008,105338664
HIHA,UP1008,105338923
HIHA,UP1008,105339098
HIHA,UP1008,105339693
HIHA,UP1008,105339967
HIHA,UP1008,105340444
HIHA,UP1008,105340648
HIHA,UP1008,105340795
HIHA,UP1008,105341088
HIHA,UP1008,105341799
HIHA,UP1008,105342097
HIHA,UP1008,105342251
HIHA,UP1008,105342291
HIHA,UP1008,105342427
HIHA,UP1008,105342747
HIHA,UP1008,105343427
HIHA,UP1008,105343625
HIHA,UP1008,105344593
HIHA,UP1008,105345802
HIHA,UP1008,105346273
HIHA,UP1008,105346803
HIHA,UP1008,105347425
HIHA,UP1008,105347669
HIHA,UP1008,105349105
HIHA,UP1008,105349456
HIHA,UP1008,105349602
HIHA,UP1008,105350473
HIHA,UP1008,105351593
HIHA,UP1008,105351606
HIHA,UP1008,105351951
HIHA,UP1008,105331847
HIHA,UP1008,105331865
HIHA,UP1008,105333161
HIHA,UP1008,105338549
HIHA,UP1008,105339836
HIHA,UP1008,105343589
HIHA,UP1008,105350287
HIHA,UP1008,105352274
HIHA,UP1008,105332006
HIHA,UP1008,105332349
HIHA,UP1008,105332725
HIHA,UP1008,105335330
HIHA,UP1008,105335908
HIHA,UP1008,105338289
HIHA,UP1008,105338689
HIHA,UP1008,105339391
HIHA,UP1008,105340203
HIHA,UP1008,105341680
HIHA,UP1008,105345125
HIHA,UP1008,105346158
HIHA,UP1008,105347739
HIHA,UP1008,105351795
HIHA,UP1008,105331975
HIHA,UP1008,105337491
HIHA,UP1008,105338806
HIHA,UP1008,105339934
HIHA,UP1008,105344045
HIHA,UP1008,105344215
HIHA,UP1008,105344244
HIHA,UP1008,105347397
HIHA,UP1008,105349334
HIHA,UP1008,105350547
HIHA,UP1008,105350715
HIHA,UP1011,105352777
HIHA,UP1011,105352832
HIHA,UP1011,105352849
HIHA,UP1011,105352858
HIHA,UP1011,105352859
HIHA,UP1011,105352860
HIHA,UP1011,105352874
HIHA,UP1011,105352908
HIHA,UP1011,105352927
HIHA,UP1011,105352939
HIHA,UP1011,105352942
HIHA,UP1011,105353019
HIHA,UP1011,105353048
HIHA,UP1011,105353180
HIHA,UP1011,105353226
HIHA,UP1011,105353243
HIHA,UP1011,105353244
HIHA,UP1011,105353257
HIHA,UP1011,105353273
HIHA,UP1011,105353275
HIHA,UP1011,105353293
HIHA,UP1011,105353378
HIHA,UP1011,105353414
HIHA,UP1011,105353444
HIHA,UP1011,105353468
HIHA,UP1011,105353481
HIHA,UP1011,105353521
HIHA,UP1011,105353546
HIHA,UP1011,105353563
HIHA,UP1011,105353567
HIHA,UP1011,105353572
HIHA,UP1011,105353576
HIHA,UP1011,105353582
HIHA,UP1011,105353587
HIHA,UP1011,105353630
HIHA,UP1011,105353636
HIHA,UP1011,105353649
HIHA,UP1011,105353683
HIHA,UP1011,105353685
HIHA,UP1011,105353735
HIHA,UP1011,105353767
HIHA,UP1011,105353778
HIHA,UP1011,105353779
HIHA,UP1011,105353811
HIHA,UP1011,105353859
HIHA,UP1011,105353894
HIHA,UP1011,105353897
HIHA,UP1011,105353910
HIHA,UP1011,105353960
HIHA,UP1011,105354000
HIHA,UP1011,105354053
HIHA,UP1011,105354060
HIHA,UP1011,105354112
HIHA,UP1011,105354122
HIHA,UP1011,105354137
HIHA,UP1011,105354190
HIHA,UP1011,105354196
HIHA,UP1011,105354287
HIHA,UP1011,105354334
HIHA,UP1011,105354403
HIHA,UP1011,105354405
HIHA,UP1011,105354413
HIHA,UP1011,105354435
HIHA,UP1011,105354446
HIHA,UP1011,105354480
HIHA,UP1011,105354514
HIHA,UP1011,105354538
HIHA,UP1011,105354577
HIHA,UP1011,105354580
HIHA,UP1011,105354583
HIHA,UP1011,105354604
HIHA,UP1011,105354624
HIHA,UP1011,105354651
HIHA,UP1011,105354670
HIHA,UP1011,105354690
HIHA,UP1011,105354719
HIHA,UP1011,105354783
HIHA,UP1011,105354871
HIHA,UP1011,105354876
HIHA,UP1011,105354877
HIHA,UP1011,105354920
HIHA,UP1011,105354925
HIHA,UP1011,105354929
HIHA,UP1011,105355003
HIHA,UP1011,105355021
HIHA,UP1011,105355023
HIHA,UP1011,105355181
HIHA,UP1011,105355265
HIHA,UP1011,105355294
HIHA,UP1011,105355302
HIHA,UP1011,105355369
HIHA,UP1011,105355378
HIHA,UP1011,105355398
HIHA,UP1011,105355403
HIHA,UP1011,105355505
HIHA,UP1011,105355512
HIHA,UP1011,105355516
HIHA,UP1011,105355531
HIHA,UP1011,105355608
HIHA,UP1011,105355616
HIHA,UP1011,105355634
HIHA,UP1011,105355641
HIHA,UP1011,105355659
HIHA,UP1011,105355662
HIHA,UP1011,105355686
HIHA,UP1011,105355727
HIHA,UP1011,105355750
HIHA,UP1011,105355754
HIHA,UP1011,105355757
HIHA,UP1011,105355761
HIHA,UP1011,105355785
HIHA,UP1011,105355801
HIHA,UP1011,105355803
HIHA,UP1011,105355804
HIHA,UP1011,105355810
HIHA,UP1011,105355875
HIHA,UP1011,105355878
HIHA,UP1011,105355883
HIHA,UP1011,105355899
HIHA,UP1011,105355918
HIHA,UP1011,105355947
HIHA,UP1011,105355964
HIHA,UP1011,105356002
HIHA,UP1011,105356052
HIHA,UP1011,105356070
HIHA,UP1011,105356074
HIHA,UP1011,105356086
HIHA,UP1011,105356130
HIHA,UP1011,105356134
HIHA,UP1011,105356136
HIHA,UP1011,105356166
HIHA,UP1011,105356222
HIHA,UP1011,105356228
HIHA,UP1011,105356273
HIHA,UP1011,105356274
HIHA,UP1011,105356287
HIHA,UP1011,105356307
HIHA,UP1011,105356358
HIHA,UP1011,105356361
HIHA,UP1011,105356379
HIHA,UP1011,105356428
HIHA,UP1011,105356431
HIHA,UP1011,105356457
HIHA,UP1011,105356526
HIHA,UP1011,105356552
HIHA,UP1011,105356561
HIHA,UP1011,105356598
HIHA,UP1011,105356645
HIHA,UP1011,105356649
HIHA,UP1011,105356666
HIHA,UP1011,105356674
HIHA,UP1011,105356689
HIHA,UP1011,105356711
HIHA,UP1011,105356725
HIHA,UP1011,105356743
HIHA,UP1011,105356806
HIHA,UP1011,105356840
HIHA,UP1011,105356872
HIHA,UP1011,105356920
HIHA,UP1011,105356954
HIHA,UP1011,105356991
HIHA,UP1011,105356992
HIHA,UP1011,105356996
HIHA,UP1011,105357003
HIHA,UP1011,105357057
HIHA,UP1011,105357059
HIHA,UP1011,105357108
HIHA,UP1011,105357187
HIHA,UP1011,105357195
HIHA,UP1011,105357253
HIHA,UP1011,105357262
HIHA,UP1011,105357292
HIHA,UP1011,105357321
HIHA,UP1011,105357327
HIHA,UP1011,105357336
HIHA,UP1011,105357338
HIHA,UP1011,105357382
HIHA,UP1011,105357409
HIHA,UP1011,105357410
HIHA,UP1011,105357415
HIHA,UP1011,105357444
HIHA,UP1011,105357466
HIHA,UP1011,105357476
HIHA,UP1011,105357481
HIHA,UP1011,105357492
HIHA,UP1011,105357510
HIHA,UP1011,105357555
HIHA,UP1011,105357602
HIHA,UP1011,105357659
HIHA,UP1011,105357684
HIHA,UP1011,105357691
HIHA,UP1011,105357721
HIHA,UP1011,105357722
HIHA,UP1011,105357792
HIHA,UP1011,105357803
HIHA,UP1011,105357811
HIHA,UP1011,105357821
HIHA,UP1011,105357835
HIHA,UP1011,105357840
HIHA,UP1011,105357851
HIHA,UP1011,105357881
HIHA,UP1011,105357892
HIHA,UP1011,105357915
HIHA,UP1011,105357938
HIHA,UP1011,105358024
HIHA,UP1011,105358040
HIHA,UP1011,105358057
HIHA,UP1011,105358097
HIHA,UP1011,105358149
HIHA,UP1011,105358189
HIHA,UP1011,105358201
HIHA,UP1011,105358204
HIHA,UP1011,105358287
HIHA,UP1011,105358330
HIHA,UP1011,105358339
HIHA,UP1011,105358355
HIHA,UP1011,105358369
HIHA,UP1011,105358372
HIHA,UP1011,105358395
HIHA,UP1011,105358441
HIHA,UP1011,105358455
HIHA,UP1011,105358475
HIHA,UP1011,105358476
HIHA,UP1011,105358482
HIHA,UP1011,105358521
HIHA,UP1011,105358528
HIHA,UP1011,105358542
HIHA,UP1011,105358570
HIHA,UP1011,105358577
HIHA,UP1011,105358679
HIHA,UP1011,105358681
HIHA,UP1011,105358716
HIHA,UP1011,105358766
HIHA,UP1011,105358787
HIHA,UP1011,105358807
HIHA,UP1011,105358821
HIHA,UP1011,105358854
HIHA,UP1011,105358857
HIHA,UP1011,105358883
HIHA,UP1011,105358909
HIHA,UP1011,105358916
HIHA,UP1011,105358974
HIHA,UP1011,105358980
HIHA,UP1011,105358986
HIHA,UP1011,105359003
HIHA,UP1011,105359037
HIHA,UP1011,105359041
HIHA,UP1011,105359047
HIHA,UP1011,105359114
HIHA,UP1011,105359125
HIHA,UP1011,105359213
HIHA,UP1011,105359242
HIHA,UP1011,105359253
HIHA,UP1011,105359273
HIHA,UP1011,105359314
HIHA,UP1011,105359320
HIHA,UP1011,105359371
HIHA,UP1011,105359415
HIHA,UP1011,105359436
HIHA,UP1011,105359440
HIHA,UP1011,105359442
HIHA,UP1011,105359448
HIHA,UP1011,105359504
HIHA,UP1011,105359508
HIHA,UP1011,105359534
HIHA,UP1011,105359591
HIHA,UP1011,105359595
HIHA,UP1011,105359612
HIHA,UP1011,105359622
HIHA,UP1011,105359658
HIHA,UP1011,105359683
HIHA,UP1011,105359699
HIHA,UP1011,105359711
HIHA,UP1011,105359723
HIHA,UP1011,105359748
HIHA,UP1011,105359768
HIHA,UP1011,105359769
HIHA,UP1011,105359771
HIHA,UP1011,105359788
HIHA,UP1011,105359799
HIHA,UP1011,105359857
HIHA,UP1011,105359858
HIHA,UP1011,105359878
HIHA,UP1011,105359884
HIHA,UP1011,105359904
HIHA,UP1011,105359916
HIHA,UP1011,105359918
HIHA,UP1011,105359927
HIHA,UP1011,105359979
HIHA,UP1011,105359983
HIHA,UP1011,105360012
HIHA,UP1011,105360018
HIHA,UP1011,105360059
HIHA,UP1011,105360071
HIHA,UP1011,105360104
HIHA,UP1011,105360110
HIHA,UP1011,105360139
HIHA,UP1011,105360145
HIHA,UP1011,105360208
HIHA,UP1011,105360234
HIHA,UP1011,105360235
HIHA,UP1011,105360261
HIHA,UP1011,105360304
HIHA,UP1011,105360307
HIHA,UP1011,105360337
HIHA,UP1011,105360343
HIHA,UP1011,105360358
HIHA,UP1011,105360360
HIHA,UP1011,105360396
HIHA,UP1011,105360408
HIHA,UP1011,105360441
HIHA,UP1011,105360448
HIHA,UP1011,105360477
HIHA,UP1011,105360491
HIHA,UP1011,105360499
HIHA,UP1011,105360500
HIHA,UP1011,105360507
HIHA,UP1011,105360527
HIHA,UP1011,105360530
HIHA,UP1011,105360538
HIHA,UP1011,105360555
HIHA,UP1011,105360631
HIHA,UP1011,105360659
HIHA,UP1011,105360696
HIHA,UP1011,105360697
HIHA,UP1011,105360709
HIHA,UP1011,105360763
HIHA,UP1011,105360767
HIHA,UP1011,105360805
HIHA,UP1011,105360843
HIHA,UP1011,105360858
HIHA,UP1011,105360899
HIHA,UP1011,105360947
HIHA,UP1011,105360959
HIHA,UP1011,105360967
HIHA,UP1011,105360986
HIHA,UP1011,105360995
HIHA,UP1011,105361004
HIHA,UP1011,105361048
HIHA,UP1011,105361072
HIHA,UP1011,105361110
HIHA,UP1011,105361117
HIHA,UP1011,105361121
HIHA,UP1011,105361153
HIHA,UP1011,105361210
HIHA,UP1011,105361242
HIHA,UP1011,105361249
HIHA,UP1011,105361281
HIHA,UP1011,105361282
HIHA,UP1011,105361284
HIHA,UP1011,105361307
HIHA,UP1011,105361312
HIHA,UP1011,105361322
HIHA,UP1011,105361345
HIHA,UP1011,105361352
HIHA,UP1011,105361355
HIHA,UP1011,105361370
HIHA,UP1011,105361408
HIHA,UP1011,105361427
HIHA,UP1011,105361549
HIHA,UP1011,105361555
HIHA,UP1011,105361560
HIHA,UP1011,105361566
HIHA,UP1011,105361600
HIHA,UP1011,105361676
HIHA,UP1011,105361679
HIHA,UP1011,105361710
HIHA,UP1011,105361718
HIHA,UP1011,105361722
HIHA,UP1011,105361728
HIHA,UP1011,105361736
HIHA,UP1011,105361745
HIHA,UP1011,105361747
HIHA,UP1011,105361764
HIHA,UP1011,105361778
HIHA,UP1011,105361779
HIHA,UP1011,105361799
HIHA,UP1011,105361861
HIHA,UP1011,105361898
HIHA,UP1011,105361937
HIHA,UP1011,105361967
HIHA,UP1011,105362025
HIHA,UP1011,105362026
HIHA,UP1011,105362042
HIHA,UP1011,105362052
HIHA,UP1011,105362096
HIHA,UP1011,105362104
HIHA,UP1011,105362114
HIHA,UP1011,105362121
HIHA,UP1011,105362164
HIHA,UP1011,105362170
HIHA,UP1011,105362249
HIHA,UP1011,105362253
HIHA,UP1011,105362260
HIHA,UP1011,105362277
HIHA,UP1011,105362340
HIHA,UP1011,105362350
HIHA,UP1011,105362369
HIHA,UP1011,105362372
HIHA,UP1011,105362381
HIHA,UP1011,105362395
HIHA,UP1011,105362403
HIHA,UP1011,105362490
HIHA,UP1011,105362499
HIHA,UP1011,105362533
HIHA,UP1011,105362547
HIHA,UP1011,105362551
HIHA,UP1011,105362607
HIHA,UP1011,105362609
HIHA,UP1011,105362627
HIHA,UP1011,105362653
HIHA,UP1011,105362658
HIHA,UP1011,105362667
HIHA,UP1011,105362687
HIHA,UP1011,105362691
HIHA,UP1011,105362713
HIHA,UP1011,105362731
HIHA,UP1011,105362736
HIHA,UP1011,105362814
HIHA,UP1011,105362818
HIHA,UP1011,105362868
HIHA,UP1011,105362869
HIHA,UP1011,105362875
HIHA,UP1011,105362943
HIHA,UP1011,105362986
HIHA,UP1011,105363000
HIHA,UP1011,105363020
HIHA,UP1011,105363031
HIHA,UP1011,105363076
HIHA,UP1011,105363108
HIHA,UP1011,105363176
HIHA,UP1011,105363181
HIHA,UP1011,105363205
HIHA,UP1011,105363217
HIHA,UP1011,105363244
HIHA,UP1011,105363280
HIHA,UP1011,105363285
HIHA,UP1011,105363293
HIHA,UP1011,105363326
HIHA,UP1011,105363347
HIHA,UP1011,105363348
HIHA,UP1011,105363350
HIHA,UP1011,105363364
HIHA,UP1011,105363390
HIHA,UP1011,105363420
HIHA,UP1011,105363430
HIHA,UP1011,105363447
HIHA,UP1011,105363452
HIHA,UP1011,105363495
HIHA,UP1011,105363517
HIHA,UP1011,105363687
HIHA,UP1011,105363697
HIHA,UP1011,105363726
HIHA,UP1011,105363747
HIHA,UP1011,105363749
HIHA,UP1011,105363751
HIHA,UP1011,105363754
HIHA,UP1011,105363755
HIHA,UP1011,105363780
HIHA,UP1011,105363814
HIHA,UP1011,105363832
HIHA,UP1011,105363880
HIHA,UP1011,105363884
HIHA,UP1011,105363890
HIHA,UP1011,105363940
HIHA,UP1011,105363955
HIHA,UP1011,105363979
HIHA,UP1011,105364009
HIHA,UP1011,105364029
HIHA,UP1011,105364035
HIHA,UP1011,105364047
HIHA,UP1011,105364094
HIHA,UP1011,105364138
HIHA,UP1011,105364141
HIHA,UP1011,105364170
HIHA,UP1011,105364250
HIHA,UP1011,105364316
HIHA,UP1011,105364323
HIHA,UP1011,105364336
HIHA,UP1011,105364338
HIHA,UP1011,105364356
HIHA,UP1011,105364364
HIHA,UP1011,105364366
HIHA,UP1011,105364376
HIHA,UP1011,105364431
HIHA,UP1011,105364475
HIHA,UP1011,105364600
HIHA,UP1011,105364656
HIHA,UP1011,105364686
HIHA,UP1011,105364699
HIHA,UP1011,105364715
HIHA,UP1011,105364723
HIHA,UP1011,105364732
HIHA,UP1011,105364831
HIHA,UP1011,105364855
HIHA,UP1011,105364862
HIHA,UP1011,105364864
HIHA,UP1011,105364939
HIHA,UP1011,105364948
HIHA,UP1011,105364960
HIHA,UP1011,105364990
HIHA,UP1011,105364996
HIHA,UP1011,105365048
HIHA,UP1011,105365091
HIHA,UP1011,105365113
HIHA,UP1011,105365157
HIHA,UP1011,105365181
HIHA,UP1011,105365194
HIHA,UP1011,105365197
HIHA,UP1011,105365253
HIHA,UP1011,105365295
HIHA,UP1011,105365312
HIHA,UP1011,105365329
HIHA,UP1011,105365368
HIHA,UP1011,105365384
HIHA,UP1011,105365408
HIHA,UP1011,105365415
HIHA,UP1011,105365440
HIHA,UP1011,105365451
HIHA,UP1011,105365506
HIHA,UP1011,105365537
HIHA,UP1011,105365583
HIHA,UP1011,105365628
HIHA,UP1011,105365667
HIHA,UP1011,105365691
HIHA,UP1011,105365705
HIHA,UP1011,105365772
HIHA,UP1011,105365812
HIHA,UP1011,105365833
HIHA,UP1011,105365845
HIHA,UP1011,105366008
HIHA,UP1011,105366076
HIHA,UP1011,105366083
HIHA,UP1011,105366090
HIHA,UP1011,105366098
HIHA,UP1011,105366178
HIHA,UP1011,105366193
HIHA,UP1011,105366221
HIHA,UP1011,105366240
HIHA,UP1011,105366254
HIHA,UP1011,105366265
HIHA,UP1011,105366266
HIHA,UP1011,105366267
HIHA,UP1011,105366300
HIHA,UP1011,105366302
HIHA,UP1011,105366312
HIHA,UP1011,105366316
HIHA,UP1011,105366334
HIHA,UP1011,105366349
HIHA,UP1011,105366366
HIHA,UP1011,105366395
HIHA,UP1011,105366396
HIHA,UP1011,105366414
HIHA,UP1011,105366511
HIHA,UP1011,105366538
HIHA,UP1011,105366547
HIHA,UP1011,105366560
HIHA,UP1011,105366565
HIHA,UP1011,105366583
HIHA,UP1011,105366584
HIHA,UP1011,105366586
HIHA,UP1011,105366602
HIHA,UP1011,105366606
HIHA,UP1011,105366631
HIHA,UP1011,105366699
HIHA,UP1011,105366707
HIHA,UP1011,105366711
HIHA,UP1011,105366712
HIHA,UP1011,105366781
HIHA,UP1011,105366797
HIHA,UP1011,105366823
HIHA,UP1011,105366826
HIHA,UP1011,105366835
HIHA,UP1011,105366840
HIHA,UP1011,105366854
HIHA,UP1011,105366857
HIHA,UP1011,105366902
HIHA,UP1011,105366914
HIHA,UP1011,105366939
HIHA,UP1011,105366947
HIHA,UP1011,105366948
HIHA,UP1011,105366965
HIHA,UP1011,105366977
HIHA,UP1011,105366997
HIHA,UP1011,105367010
HIHA,UP1011,105367015
HIHA,UP1011,105367045
HIHA,UP1011,105367073
HIHA,UP1011,105367100
HIHA,UP1011,105367103
HIHA,UP1011,105367143
HIHA,UP1011,105367163
HIHA,UP1011,105367169
HIHA,UP1011,105367197
HIHA,UP1011,105367198
HIHA,UP1011,105367210
HIHA,UP1011,105367219
HIHA,UP1011,105367224
HIHA,UP1011,105367240
HIHA,UP1011,105367362
HIHA,UP1011,105352895
HIHA,UP1011,105353744
HIHA,UP1011,105360030
HIHA,UP1011,105362941
HIHA,UP1011,105364058
HIHA,UP1011,105354141
HIHA,UP1011,105354300
HIHA,UP1011,105354629
HIHA,UP1011,105354818
HIHA,UP1011,105354847
HIHA,UP1011,105355195
HIHA,UP1011,105355745
HIHA,UP1011,105356450
HIHA,UP1011,105356898
HIHA,UP1011,105357395
HIHA,UP1011,105357576
HIHA,UP1011,105357579
HIHA,UP1011,105357624
HIHA,UP1011,105358968
HIHA,UP1011,105359359
HIHA,UP1011,105360351
HIHA,UP1011,105360485
HIHA,UP1011,105360550
HIHA,UP1011,105360619
HIHA,UP1011,105360914
HIHA,UP1011,105361061
HIHA,UP1011,105361073
HIHA,UP1011,105361315
HIHA,UP1011,105361460
HIHA,UP1011,105362123
HIHA,UP1011,105362980
HIHA,UP1011,105363030
HIHA,UP1011,105363120
HIHA,UP1011,105363162
HIHA,UP1011,105363421
HIHA,UP1011,105363681
HIHA,UP1011,105365007
HIHA,UP1011,105365335
HIHA,UP1011,105365366
HIHA,UP1011,105365823
HIHA,UP1011,105366245
HIHA,UP1011,105366489
HIHA,UP1011,105366743
HIHA,UP1011,105366747
HIHA,UP1011,105366955
HIHA,UP1011,105352823
HIHA,UP1011,105353988
HIHA,UP1011,105355600
HIHA,UP1011,105356688
HIHA,UP1011,105356766
HIHA,UP1011,105357022
HIHA,UP1011,105357289
HIHA,UP1011,105357674
HIHA,UP1011,105357704
HIHA,UP1011,105358139
HIHA,UP1011,105358224
HIHA,UP1011,105358694
HIHA,UP1011,105359780
HIHA,UP1011,105360062
HIHA,UP1011,105360476
HIHA,UP1011,105360585
HIHA,UP1011,105360617
HIHA,UP1011,105361550
HIHA,UP1011,105361853
HIHA,UP1011,105362060
HIHA,UP1011,105362925
HIHA,UP1011,105362985
HIHA,UP1011,105363343
HIHA,UP1011,105363478
HIHA,UP1011,105363686
HIHA,UP1011,105364309
HIHA,UP1011,105364340
HIHA,UP1011,105364554
HIHA,UP1011,105364807
HIHA,UP1011,105364931
HIHA,UP1011,105365302
HIHA,UP1011,105366373
HIHA,UP1011,105366407
HIHA,UP1011,105366435
HIHA,UP1011,105366834
HIHA,UP1011,105366968
HIHA,UP1011,105367112
HIHA,UP1011,105367165
HIHA,UP1011,105367247
HIHA,UP1011,105367264
HIHA,UP1011,105353131
HIHA,UP1011,105353799
HIHA,UP1011,105354313
HIHA,UP1011,105354387
HIHA,UP1011,105354737
HIHA,UP1011,105354937
HIHA,UP1011,105355107
HIHA,UP1011,105355180
HIHA,UP1011,105356173
HIHA,UP1011,105356289
HIHA,UP1011,105356660
HIHA,UP1011,105357147
HIHA,UP1011,105357520
HIHA,UP1011,105357736
HIHA,UP1011,105357783
HIHA,UP1011,105358520
HIHA,UP1011,105358709
HIHA,UP1011,105358972
HIHA,UP1011,105359241
HIHA,UP1011,105359338
HIHA,UP1011,105359864
HIHA,UP1011,105359987
HIHA,UP1011,105360168
HIHA,UP1011,105360903
HIHA,UP1011,105361013
HIHA,UP1011,105361165
HIHA,UP1011,105361455
HIHA,UP1011,105361829
HIHA,UP1011,105361956
HIHA,UP1011,105362434
HIHA,UP1011,105362790
HIHA,UP1011,105364603
HIHA,UP1011,105364646
HIHA,UP1011,105365320
HIHA,UP1011,105365894
HIHA,UP1011,105366174
HIHA,UP1011,105366257
HIHA,UP1011,105366393
HIHA,UP1011,105367200
HIHA,UP1011,105367281
HIHA,UP1011,105352754
HIHA,UP1011,105353353
HIHA,UP1011,105353360
HIHA,UP1011,105353904
HIHA,UP1011,105354867
HIHA,UP1011,105354902
HIHA,UP1011,105355798
HIHA,UP1011,105356035
HIHA,UP1011,105356073
HIHA,UP1011,105356347
HIHA,UP1011,105356378
HIHA,UP1011,105356434
HIHA,UP1011,105356756
HIHA,UP1011,105356893
HIHA,UP1011,105357581
HIHA,UP1011,105357766
HIHA,UP1011,105357932
HIHA,UP1011,105358490
HIHA,UP1011,105359053
HIHA,UP1011,105359068
HIHA,UP1011,105359597
HIHA,UP1011,105359605
HIHA,UP1011,105359777
HIHA,UP1011,105359967
HIHA,UP1011,105361975
HIHA,UP1011,105362162
HIHA,UP1011,105362454
HIHA,UP1011,105363422
HIHA,UP1011,105363614
HIHA,UP1011,105364295
HIHA,UP1011,105364594
HIHA,UP1011,105364866
HIHA,UP1011,105364982
HIHA,UP1011,105365446
HIHA,UP1011,105365616
HIHA,UP1011,105366541
HIHA,UP1011,105366979
HIHA,UP1011,105367031
HIHA,UP1011,105367259
HIHA,UP1011,105367293
HIHA,UP1011,105352831
HIHA,UP1011,105352940
HIHA,UP1011,105353308
HIHA,UP1011,105353331
HIHA,UP1011,105354047
HIHA,UP1011,105354415
HIHA,UP1011,105354673
HIHA,UP1011,105354909
HIHA,UP1011,105355411
HIHA,UP1011,105355470
HIHA,UP1011,105356182
HIHA,UP1011,105357186
HIHA,UP1011,105358272
HIHA,UP1011,105358555
HIHA,UP1011,105358903
HIHA,UP1011,105358963
HIHA,UP1011,105359315
HIHA,UP1011,105359782
HIHA,UP1011,105359942
HIHA,UP1011,105360581
HIHA,UP1011,105361177
HIHA,UP1011,105361605
HIHA,UP1011,105362012
HIHA,UP1011,105362441
HIHA,UP1011,105363051
HIHA,UP1011,105363243
HIHA,UP1011,105363745
HIHA,UP1011,105364101
HIHA,UP1011,105364175
HIHA,UP1011,105364192
HIHA,UP1011,105364198
HIHA,UP1011,105364334
HIHA,UP1011,105364445
HIHA,UP1011,105365133
HIHA,UP1011,105365737
HIHA,UP1011,105366181
HIHA,UP1011,105366848
HIHA,UP1011,105366852
HIHA,UP1011,105367013
HIHA,UP1011,105367144
HIHA,UP1011,105356781
HIHA,UP1011,105356974
HIHA,UP1011,105365511
HIHA,UP1011,105366091
HIHA,UP1011,105353798
HIHA,UP1011,105354294
HIHA,UP1011,105355703
HIHA,UP1011,105356895
HIHA,UP1011,105357357
HIHA,UP1011,105359974
HIHA,UP1011,105362228
HIHA,UP1011,105364354
HIHA,UP1011,105364449
HIHA,UP1011,105364742
HIHA,UP1011,105365205
HIHA,UP1011,105353014
HIHA,UP1011,105353983
HIHA,UP1011,105355741
HIHA,UP1011,105356056
HIHA,UP1011,105357248
HIHA,UP1011,105357453
HIHA,UP1011,105357648
HIHA,UP1011,105358314
HIHA,UP1011,105358961
HIHA,UP1011,105359825
HIHA,UP1011,105360473
HIHA,UP1011,105360634
HIHA,UP1011,105360757
HIHA,UP1011,105361614
HIHA,UP1011,105361938
HIHA,UP1011,105362962
HIHA,UP1011,105363037
HIHA,UP1011,105363229
HIHA,UP1011,105363816
HIHA,UP1011,105364712
HIHA,UP1011,105364761
HIHA,UP1011,105365338
HIHA,UP1011,105365568
HIHA,UP1011,105367286
HIHA,UP1011,105354233
HIHA,UP1011,105355300
HIHA,UP1011,105358352
HIHA,UP1012,105367391
HIHA,UP1012,105367411
HIHA,UP1012,105367415
HIHA,UP1012,105367423
HIHA,UP1012,105367434
HIHA,UP1012,105367590
HIHA,UP1012,105367592
HIHA,UP1012,105367639
HIHA,UP1012,105367650
HIHA,UP1012,105367659
HIHA,UP1012,105367665
HIHA,UP1012,105367778
HIHA,UP1012,105367788
HIHA,UP1012,105367831
HIHA,UP1012,105367834
HIHA,UP1012,105367836
HIHA,UP1012,105367873
HIHA,UP1012,105367892
HIHA,UP1012,105367922
HIHA,UP1012,105367957
HIHA,UP1012,105367964
HIHA,UP1012,105367985
HIHA,UP1012,105368117
HIHA,UP1012,105368120
HIHA,UP1012,105368127
HIHA,UP1012,105368136
HIHA,UP1012,105368141
HIHA,UP1012,105368148
HIHA,UP1012,105368218
HIHA,UP1012,105368223
HIHA,UP1012,105368303
HIHA,UP1012,105368305
HIHA,UP1012,105368311
HIHA,UP1012,105368331
HIHA,UP1012,105368339
HIHA,UP1012,105368376
HIHA,UP1012,105368383
HIHA,UP1012,105368480
HIHA,UP1012,105368536
HIHA,UP1012,105368555
HIHA,UP1012,105368596
HIHA,UP1012,105368602
HIHA,UP1012,105368620
HIHA,UP1012,105368686
HIHA,UP1012,105368734
HIHA,UP1012,105368749
HIHA,UP1012,105368755
HIHA,UP1012,105368769
HIHA,UP1012,105368772
HIHA,UP1012,105368780
HIHA,UP1012,105368782
HIHA,UP1012,105368823
HIHA,UP1012,105368862
HIHA,UP1012,105368874
HIHA,UP1012,105368881
HIHA,UP1012,105368888
HIHA,UP1012,105368948
HIHA,UP1012,105368957
HIHA,UP1012,105368992
HIHA,UP1012,105369006
HIHA,UP1012,105369030
HIHA,UP1012,105369078
HIHA,UP1012,105369089
HIHA,UP1012,105369106
HIHA,UP1012,105369109
HIHA,UP1012,105369119
HIHA,UP1012,105369222
HIHA,UP1012,105369235
HIHA,UP1012,105369242
HIHA,UP1012,105369329
HIHA,UP1012,105369335
HIHA,UP1012,105369458
HIHA,UP1012,105369472
HIHA,UP1012,105369476
HIHA,UP1012,105369502
HIHA,UP1012,105369510
HIHA,UP1012,105369525
HIHA,UP1012,105369541
HIHA,UP1012,105369591
HIHA,UP1012,105369595
HIHA,UP1012,105369650
HIHA,UP1012,105369750
HIHA,UP1012,105369823
HIHA,UP1012,105369839
HIHA,UP1012,105369892
HIHA,UP1012,105369903
HIHA,UP1012,105369914
HIHA,UP1012,105370047
HIHA,UP1012,105370073
HIHA,UP1012,105370114
HIHA,UP1012,105370137
HIHA,UP1012,105370151
HIHA,UP1012,105370155
HIHA,UP1012,105370195
HIHA,UP1012,105370217
HIHA,UP1012,105370330
HIHA,UP1012,105370334
HIHA,UP1012,105370353
HIHA,UP1012,105370364
HIHA,UP1012,105370413
HIHA,UP1012,105370417
HIHA,UP1012,105370419
HIHA,UP1012,105370443
HIHA,UP1012,105370462
HIHA,UP1012,105370520
HIHA,UP1012,105370529
HIHA,UP1012,105370531
HIHA,UP1012,105370544
HIHA,UP1012,105370582
HIHA,UP1012,105370663
HIHA,UP1012,105370684
HIHA,UP1012,105370696
HIHA,UP1012,105370717
HIHA,UP1012,105370751
HIHA,UP1012,105370780
HIHA,UP1012,105370783
HIHA,UP1012,105370848
HIHA,UP1012,105370873
HIHA,UP1012,105370881
HIHA,UP1012,105370898
HIHA,UP1012,105370930
HIHA,UP1012,105370957
HIHA,UP1012,105370959
HIHA,UP1012,105370981
HIHA,UP1012,105370990
HIHA,UP1012,105370991
HIHA,UP1012,105370993
HIHA,UP1012,105371030
HIHA,UP1012,105371039
HIHA,UP1012,105371081
HIHA,UP1012,105371098
HIHA,UP1012,105371134
HIHA,UP1012,105371155
HIHA,UP1012,105371169
HIHA,UP1012,105371175
HIHA,UP1012,105371196
HIHA,UP1012,105371209
HIHA,UP1012,105371223
HIHA,UP1012,105371228
HIHA,UP1012,105371256
HIHA,UP1012,105371261
HIHA,UP1012,105371264
HIHA,UP1012,105371270
HIHA,UP1012,105371279
HIHA,UP1012,105371302
HIHA,UP1012,105371399
HIHA,UP1012,105371418
HIHA,UP1012,105371436
HIHA,UP1012,105371441
HIHA,UP1012,105371518
HIHA,UP1012,105371674
HIHA,UP1012,105371687
HIHA,UP1012,105371766
HIHA,UP1012,105371832
HIHA,UP1012,105371834
HIHA,UP1012,105371877
HIHA,UP1012,105371887
HIHA,UP1012,105371900
HIHA,UP1012,105371922
HIHA,UP1012,105371927
HIHA,UP1012,105371958
HIHA,UP1012,105372048
HIHA,UP1012,105372049
HIHA,UP1012,105372052
HIHA,UP1012,105372090
HIHA,UP1012,105372118
HIHA,UP1012,105372139
HIHA,UP1012,105372141
HIHA,UP1012,105372148
HIHA,UP1012,105372166
HIHA,UP1012,105372183
HIHA,UP1012,105372217
HIHA,UP1012,105372303
HIHA,UP1012,105372323
HIHA,UP1012,105372339
HIHA,UP1012,105372343
HIHA,UP1012,105372374
HIHA,UP1012,105372427
HIHA,UP1012,105372437
HIHA,UP1012,105372476
HIHA,UP1012,105372487
HIHA,UP1012,105372493
HIHA,UP1012,105372549
HIHA,UP1012,105372573
HIHA,UP1012,105372587
HIHA,UP1012,105372623
HIHA,UP1012,105372680
HIHA,UP1012,105372706
HIHA,UP1012,105372785
HIHA,UP1012,105372790
HIHA,UP1012,105372797
HIHA,UP1012,105372807
HIHA,UP1012,105372814
HIHA,UP1012,105372868
HIHA,UP1012,105372944
HIHA,UP1012,105372967
HIHA,UP1012,105373007
HIHA,UP1012,105373020
HIHA,UP1012,105373079
HIHA,UP1012,105373114
HIHA,UP1012,105373137
HIHA,UP1012,105373175
HIHA,UP1012,105373227
HIHA,UP1012,105373229
HIHA,UP1012,105373245
HIHA,UP1012,105373287
HIHA,UP1012,105373330
HIHA,UP1012,105373336
HIHA,UP1012,105373339
HIHA,UP1012,105373349
HIHA,UP1012,105373363
HIHA,UP1012,105373393
HIHA,UP1012,105373465
HIHA,UP1012,105373467
HIHA,UP1012,105373474
HIHA,UP1012,105373506
HIHA,UP1012,105373508
HIHA,UP1012,105373537
HIHA,UP1012,105373565
HIHA,UP1012,105373620
HIHA,UP1012,105373649
HIHA,UP1012,105373685
HIHA,UP1012,105373752
HIHA,UP1012,105373754
HIHA,UP1012,105373797
HIHA,UP1012,105373821
HIHA,UP1012,105373901
HIHA,UP1012,105373933
HIHA,UP1012,105373948
HIHA,UP1012,105373973
HIHA,UP1012,105373990
HIHA,UP1012,105374012
HIHA,UP1012,105374038
HIHA,UP1012,105374059
HIHA,UP1012,105374118
HIHA,UP1012,105374161
HIHA,UP1012,105374166
HIHA,UP1012,105374167
HIHA,UP1012,105374191
HIHA,UP1012,105374200
HIHA,UP1012,105374209
HIHA,UP1012,105374212
HIHA,UP1012,105374240
HIHA,UP1012,105374253
HIHA,UP1012,105374255
HIHA,UP1012,105374273
HIHA,UP1012,105374354
HIHA,UP1012,105374408
HIHA,UP1012,105374434
HIHA,UP1012,105374443
HIHA,UP1012,105374471
HIHA,UP1012,105374487
HIHA,UP1012,105374538
HIHA,UP1012,105374542
HIHA,UP1012,105374554
HIHA,UP1012,105374561
HIHA,UP1012,105374564
HIHA,UP1012,105374591
HIHA,UP1012,105374660
HIHA,UP1012,105374696
HIHA,UP1012,105374797
HIHA,UP1012,105374802
HIHA,UP1012,105374805
HIHA,UP1012,105374840
HIHA,UP1012,105374841
HIHA,UP1012,105374868
HIHA,UP1012,105374870
HIHA,UP1012,105374874
HIHA,UP1012,105374895
HIHA,UP1012,105374928
HIHA,UP1012,105374956
HIHA,UP1012,105375080
HIHA,UP1012,105375083
HIHA,UP1012,105375112
HIHA,UP1012,105375116
HIHA,UP1012,105375118
HIHA,UP1012,105375137
HIHA,UP1012,105375160
HIHA,UP1012,105375232
HIHA,UP1012,105375233
HIHA,UP1012,105375254
HIHA,UP1012,105375264
HIHA,UP1012,105375307
HIHA,UP1012,105375326
HIHA,UP1012,105375389
HIHA,UP1012,105375392
HIHA,UP1012,105375402
HIHA,UP1012,105375466
HIHA,UP1012,105375487
HIHA,UP1012,105375491
HIHA,UP1012,105375600
HIHA,UP1012,105375651
HIHA,UP1012,105375724
HIHA,UP1012,105375748
HIHA,UP1012,105375874
HIHA,UP1012,105375904
HIHA,UP1012,105375926
HIHA,UP1012,105375956
HIHA,UP1012,105375976
HIHA,UP1012,105376016
HIHA,UP1012,105376060
HIHA,UP1012,105376083
HIHA,UP1012,105376109
HIHA,UP1012,105376111
HIHA,UP1012,105376112
HIHA,UP1012,105376149
HIHA,UP1012,105376209
HIHA,UP1012,105376212
HIHA,UP1012,105376288
HIHA,UP1012,105376329
HIHA,UP1012,105376437
HIHA,UP1012,105376468
HIHA,UP1012,105376534
HIHA,UP1012,105376584
HIHA,UP1012,105376591
HIHA,UP1012,105376595
HIHA,UP1012,105376602
HIHA,UP1012,105376605
HIHA,UP1012,105376623
HIHA,UP1012,105376627
HIHA,UP1012,105376682
HIHA,UP1012,105376687
HIHA,UP1012,105376776
HIHA,UP1012,105376812
HIHA,UP1012,105376841
HIHA,UP1012,105376847
HIHA,UP1012,105376900
HIHA,UP1012,105376901
HIHA,UP1012,105376906
HIHA,UP1012,105376911
HIHA,UP1012,105376914
HIHA,UP1012,105376978
HIHA,UP1012,105376997
HIHA,UP1012,105377042
HIHA,UP1012,105377049
HIHA,UP1012,105377089
HIHA,UP1012,105377107
HIHA,UP1012,105377139
HIHA,UP1012,105377171
HIHA,UP1012,105377210
HIHA,UP1012,105377239
HIHA,UP1012,105377304
HIHA,UP1012,105377336
HIHA,UP1012,105377340
HIHA,UP1012,105377341
HIHA,UP1012,105377390
HIHA,UP1012,105377432
HIHA,UP1012,105377453
HIHA,UP1012,105377482
HIHA,UP1012,105377512
HIHA,UP1012,105377548
HIHA,UP1012,105377568
HIHA,UP1012,105377581
HIHA,UP1012,105377595
HIHA,UP1012,105377610
HIHA,UP1012,105377615
HIHA,UP1012,105377621
HIHA,UP1012,105377654
HIHA,UP1012,105377696
HIHA,UP1012,105377698
HIHA,UP1012,105377701
HIHA,UP1012,105377727
HIHA,UP1012,105377789
HIHA,UP1012,105377820
HIHA,UP1012,105377840
HIHA,UP1012,105377844
HIHA,UP1012,105377859
HIHA,UP1012,105377868
HIHA,UP1012,105377896
HIHA,UP1012,105377905
HIHA,UP1012,105377928
HIHA,UP1012,105377950
HIHA,UP1012,105377955
HIHA,UP1012,105378019
HIHA,UP1012,105378030
HIHA,UP1012,105378074
HIHA,UP1012,105378089
HIHA,UP1012,105378090
HIHA,UP1012,105378133
HIHA,UP1012,105378149
HIHA,UP1012,105378151
HIHA,UP1012,105378181
HIHA,UP1012,105378288
HIHA,UP1012,105378325
HIHA,UP1012,105378349
HIHA,UP1012,105378426
HIHA,UP1012,105378430
HIHA,UP1012,105378436
HIHA,UP1012,105378439
HIHA,UP1012,105378462
HIHA,UP1012,105378486
HIHA,UP1012,105378501
HIHA,UP1012,105378527
HIHA,UP1012,105378540
HIHA,UP1012,105378556
HIHA,UP1012,105378558
HIHA,UP1012,105378586
HIHA,UP1012,105378594
HIHA,UP1012,105378621
HIHA,UP1012,105378637
HIHA,UP1012,105378660
HIHA,UP1012,105378663
HIHA,UP1012,105378675
HIHA,UP1012,105378753
HIHA,UP1012,105378782
HIHA,UP1012,105378804
HIHA,UP1012,105378874
HIHA,UP1012,105378981
HIHA,UP1012,105379020
HIHA,UP1012,105379037
HIHA,UP1012,105379041
HIHA,UP1012,105379097
HIHA,UP1012,105379155
HIHA,UP1012,105379218
HIHA,UP1012,105379223
HIHA,UP1012,105379279
HIHA,UP1012,105379295
HIHA,UP1012,105379298
HIHA,UP1012,105379301
HIHA,UP1012,105379333
HIHA,UP1012,105379349
HIHA,UP1012,105379353
HIHA,UP1012,105379443
HIHA,UP1012,105379475
HIHA,UP1012,105379489
HIHA,UP1012,105379507
HIHA,UP1012,105379568
HIHA,UP1012,105379589
HIHA,UP1012,105379632
HIHA,UP1012,105379637
HIHA,UP1012,105379675
HIHA,UP1012,105379681
HIHA,UP1012,105379709
HIHA,UP1012,105379730
HIHA,UP1012,105379756
HIHA,UP1012,105379783
HIHA,UP1012,105379789
HIHA,UP1012,105379820
HIHA,UP1012,105379823
HIHA,UP1012,105379831
HIHA,UP1012,105379891
HIHA,UP1012,105379900
HIHA,UP1012,105379902
HIHA,UP1012,105379914
HIHA,UP1012,105379923
HIHA,UP1012,105379939
HIHA,UP1012,105379967
HIHA,UP1012,105380000
HIHA,UP1012,105380013
HIHA,UP1012,105380020
HIHA,UP1012,105380028
HIHA,UP1012,105380096
HIHA,UP1012,105380117
HIHA,UP1012,105380136
HIHA,UP1012,105380140
HIHA,UP1012,105380155
HIHA,UP1012,105380209
HIHA,UP1012,105380254
HIHA,UP1012,105380263
HIHA,UP1012,105380265
HIHA,UP1012,105380270
HIHA,UP1012,105380348
HIHA,UP1012,105380352
HIHA,UP1012,105380378
HIHA,UP1012,105380437
HIHA,UP1012,105380455
HIHA,UP1012,105380471
HIHA,UP1012,105380474
HIHA,UP1012,105380476
HIHA,UP1012,105380486
HIHA,UP1012,105380494
HIHA,UP1012,105380532
HIHA,UP1012,105380552
HIHA,UP1012,105380555
HIHA,UP1012,105380606
HIHA,UP1012,105380641
HIHA,UP1012,105380664
HIHA,UP1012,105380682
HIHA,UP1012,105380718
HIHA,UP1012,105380731
HIHA,UP1012,105380750
HIHA,UP1012,105380755
HIHA,UP1012,105380835
HIHA,UP1012,105380923
HIHA,UP1012,105380933
HIHA,UP1012,105380940
HIHA,UP1012,105380993
HIHA,UP1012,105381025
HIHA,UP1012,105381031
HIHA,UP1012,105381054
HIHA,UP1012,105381061
HIHA,UP1012,105381069
HIHA,UP1012,105381070
HIHA,UP1012,105381094
HIHA,UP1012,105381113
HIHA,UP1012,105381116
HIHA,UP1012,105381118
HIHA,UP1012,105381121
HIHA,UP1012,105381145
HIHA,UP1012,105381151
HIHA,UP1012,105381177
HIHA,UP1012,105381197
HIHA,UP1012,105381221
HIHA,UP1012,105381234
HIHA,UP1012,105381255
HIHA,UP1012,105381273
HIHA,UP1012,105381299
HIHA,UP1012,105381319
HIHA,UP1012,105381325
HIHA,UP1012,105381328
HIHA,UP1012,105381333
HIHA,UP1012,105381338
HIHA,UP1012,105381359
HIHA,UP1012,105381410
HIHA,UP1012,105381436
HIHA,UP1012,105381454
HIHA,UP1012,105381479
HIHA,UP1012,105381485
HIHA,UP1012,105381552
HIHA,UP1012,105381581
HIHA,UP1012,105381626
HIHA,UP1012,105381761
HIHA,UP1012,105381768
HIHA,UP1012,105381790
HIHA,UP1012,105381807
HIHA,UP1012,105381853
HIHA,UP1012,105381874
HIHA,UP1012,105381903
HIHA,UP1012,105381905
HIHA,UP1012,105381914
HIHA,UP1012,105381921
HIHA,UP1012,105381930
HIHA,UP1012,105381937
HIHA,UP1012,105381997
HIHA,UP1012,105382030
HIHA,UP1012,105382041
HIHA,UP1012,105382045
HIHA,UP1012,105382050
HIHA,UP1012,105382082
HIHA,UP1012,105382138
HIHA,UP1012,105382156
HIHA,UP1012,105382168
HIHA,UP1012,105382190
HIHA,UP1012,105382192
HIHA,UP1012,105382275
HIHA,UP1012,105382313
HIHA,UP1012,105382352
HIHA,UP1012,105382396
HIHA,UP1012,105382431
HIHA,UP1012,105382535
HIHA,UP1012,105382549
HIHA,UP1012,105382553
HIHA,UP1012,105382572
HIHA,UP1012,105382631
HIHA,UP1012,105382658
HIHA,UP1012,105382685
HIHA,UP1012,105382695
HIHA,UP1012,105382732
HIHA,UP1012,105382779
HIHA,UP1012,105382787
HIHA,UP1012,105382858
HIHA,UP1012,105382871
HIHA,UP1012,105382897
HIHA,UP1012,105382902
HIHA,UP1012,105382935
HIHA,UP1012,105382977
HIHA,UP1012,105382980
HIHA,UP1012,105382986
HIHA,UP1012,105382992
HIHA,UP1012,105383024
HIHA,UP1012,105383032
HIHA,UP1012,105383036
HIHA,UP1012,105383065
HIHA,UP1012,105383068
HIHA,UP1012,105383073
HIHA,UP1012,105383085
HIHA,UP1012,105383091
HIHA,UP1012,105383118
HIHA,UP1012,105383176
HIHA,UP1012,105383188
HIHA,UP1012,105383231
HIHA,UP1012,105383246
HIHA,UP1012,105383258
HIHA,UP1012,105383295
HIHA,UP1012,105383334
HIHA,UP1012,105383345
HIHA,UP1012,105383354
HIHA,UP1012,105383357
HIHA,UP1012,105383366
HIHA,UP1012,105383386
HIHA,UP1012,105383387
HIHA,UP1012,105383398
HIHA,UP1012,105383408
HIHA,UP1012,105383430
HIHA,UP1012,105383436
HIHA,UP1012,105383437
HIHA,UP1012,105383457
HIHA,UP1012,105383483
HIHA,UP1012,105383512
HIHA,UP1012,105383513
HIHA,UP1012,105369660
HIHA,UP1012,105371398
HIHA,UP1012,105373073
HIHA,UP1012,105374036
HIHA,UP1012,105377261
HIHA,UP1012,105382822
HIHA,UP1012,105367994
HIHA,UP1012,105369126
HIHA,UP1012,105369351
HIHA,UP1012,105369410
HIHA,UP1012,105371759
HIHA,UP1012,105371862
HIHA,UP1012,105371930
HIHA,UP1012,105372022
HIHA,UP1012,105372031
HIHA,UP1012,105372450
HIHA,UP1012,105372827
HIHA,UP1012,105372888
HIHA,UP1012,105372913
HIHA,UP1012,105373716
HIHA,UP1012,105374291
HIHA,UP1012,105374398
HIHA,UP1012,105374832
HIHA,UP1012,105374903
HIHA,UP1012,105375301
HIHA,UP1012,105375442
HIHA,UP1012,105376301
HIHA,UP1012,105376514
HIHA,UP1012,105376569
HIHA,UP1012,105377024
HIHA,UP1012,105377448
HIHA,UP1012,105377461
HIHA,UP1012,105377645
HIHA,UP1012,105378390
HIHA,UP1012,105378609
HIHA,UP1012,105378796
HIHA,UP1012,105380044
HIHA,UP1012,105380379
HIHA,UP1012,105380644
HIHA,UP1012,105380988
HIHA,UP1012,105381533
HIHA,UP1012,105381873
HIHA,UP1012,105382581
HIHA,UP1012,105382739
HIHA,UP1012,105383099
HIHA,UP1012,105383477
HIHA,UP1012,105367393
HIHA,UP1012,105368237
HIHA,UP1012,105368290
HIHA,UP1012,105368420
HIHA,UP1012,105368846
HIHA,UP1012,105369019
HIHA,UP1012,105369658
HIHA,UP1012,105369862
HIHA,UP1012,105369942
HIHA,UP1012,105370125
HIHA,UP1012,105372079
HIHA,UP1012,105372225
HIHA,UP1012,105372661
HIHA,UP1012,105372840
HIHA,UP1012,105373694
HIHA,UP1012,105373770
HIHA,UP1012,105374544
HIHA,UP1012,105374881
HIHA,UP1012,105375228
HIHA,UP1012,105376153
HIHA,UP1012,105376817
HIHA,UP1012,105377192
HIHA,UP1012,105377922
HIHA,UP1012,105378157
HIHA,UP1012,105378850
HIHA,UP1012,105379292
HIHA,UP1012,105379307
HIHA,UP1012,105379356
HIHA,UP1012,105379582
HIHA,UP1012,105380073
HIHA,UP1012,105380129
HIHA,UP1012,105380290
HIHA,UP1012,105380344
HIHA,UP1012,105380721
HIHA,UP1012,105380912
HIHA,UP1012,105381135
HIHA,UP1012,105381301
HIHA,UP1012,105381588
HIHA,UP1012,105381925
HIHA,UP1012,105382950
HIHA,UP1012,105367819
HIHA,UP1012,105368125
HIHA,UP1012,105368312
HIHA,UP1012,105370594
HIHA,UP1012,105371045
HIHA,UP1012,105371089
HIHA,UP1012,105371600
HIHA,UP1012,105371714
HIHA,UP1012,105372612
HIHA,UP1012,105374145
HIHA,UP1012,105374432
HIHA,UP1012,105375473
HIHA,UP1012,105375570
HIHA,UP1012,105375957
HIHA,UP1012,105376027
HIHA,UP1012,105376201
HIHA,UP1012,105376223
HIHA,UP1012,105376225
HIHA,UP1012,105376451
HIHA,UP1012,105376615
HIHA,UP1012,105376813
HIHA,UP1012,105377240
HIHA,UP1012,105377742
HIHA,UP1012,105378123
HIHA,UP1012,105378280
HIHA,UP1012,105379025
HIHA,UP1012,105379369
HIHA,UP1012,105379704
HIHA,UP1012,105380480
HIHA,UP1012,105380653
HIHA,UP1012,105381213
HIHA,UP1012,105381351
HIHA,UP1012,105381399
HIHA,UP1012,105381439
HIHA,UP1012,105382080
HIHA,UP1012,105382542
HIHA,UP1012,105382771
HIHA,UP1012,105383087
HIHA,UP1012,105383104
HIHA,UP1012,105383421
HIHA,UP1012,105367379
HIHA,UP1012,105367582
HIHA,UP1012,105368424
HIHA,UP1012,105368748
HIHA,UP1012,105368835
HIHA,UP1012,105369191
HIHA,UP1012,105369348
HIHA,UP1012,105369554
HIHA,UP1012,105369573
HIHA,UP1012,105369600
HIHA,UP1012,105370343
HIHA,UP1012,105370562
HIHA,UP1012,105371059
HIHA,UP1012,105371173
HIHA,UP1012,105371334
HIHA,UP1012,105372041
HIHA,UP1012,105372349
HIHA,UP1012,105372357
HIHA,UP1012,105373204
HIHA,UP1012,105373850
HIHA,UP1012,105373909
HIHA,UP1012,105373912
HIHA,UP1012,105374045
HIHA,UP1012,105374477
HIHA,UP1012,105374588
HIHA,UP1012,105374906
HIHA,UP1012,105375834
HIHA,UP1012,105375949
HIHA,UP1012,105377796
HIHA,UP1012,105378246
HIHA,UP1012,105379122
HIHA,UP1012,105379226
HIHA,UP1012,105379414
HIHA,UP1012,105380158
HIHA,UP1012,105380751
HIHA,UP1012,105381719
HIHA,UP1012,105382863
HIHA,UP1012,105383178
HIHA,UP1012,105383238
HIHA,UP1012,105383552
HIHA,UP1012,105368632
HIHA,UP1012,105368671
HIHA,UP1012,105368812
HIHA,UP1012,105368837
HIHA,UP1012,105370451
HIHA,UP1012,105371191
HIHA,UP1012,105371817
HIHA,UP1012,105371994
HIHA,UP1012,105372001
HIHA,UP1012,105372894
HIHA,UP1012,105373440
HIHA,UP1012,105373670
HIHA,UP1012,105374312
HIHA,UP1012,105374498
HIHA,UP1012,105375269
HIHA,UP1012,105375287
HIHA,UP1012,105375499
HIHA,UP1012,105376059
HIHA,UP1012,105376174
HIHA,UP1012,105376394
HIHA,UP1012,105376539
HIHA,UP1012,105376872
HIHA,UP1012,105377083
HIHA,UP1012,105377402
HIHA,UP1012,105377411
HIHA,UP1012,105378537
HIHA,UP1012,105378542
HIHA,UP1012,105379080
HIHA,UP1012,105379167
HIHA,UP1012,105379788
HIHA,UP1012,105379894
HIHA,UP1012,105380738
HIHA,UP1012,105380841
HIHA,UP1012,105380941
HIHA,UP1012,105381320
HIHA,UP1012,105381569
HIHA,UP1012,105381859
HIHA,UP1012,105382086
HIHA,UP1012,105382464
HIHA,UP1012,105383455
HIHA,UP1012,105368344
HIHA,UP1012,105371599
HIHA,UP1012,105372978
HIHA,UP1012,105373599
HIHA,UP1012,105376694
HIHA,UP1012,105382335
HIHA,UP1012,105382910
HIHA,UP1012,105370096
HIHA,UP1012,105375656
HIHA,UP1012,105380019
HIHA,UP1012,105380358
HIHA,UP1012,105382307
HIHA,UP1012,105368606
HIHA,UP1012,105368786
HIHA,UP1012,105369752
HIHA,UP1012,105369776
HIHA,UP1012,105369796
HIHA,UP1012,105370360
HIHA,UP1012,105370547
HIHA,UP1012,105370563
HIHA,UP1012,105372800
HIHA,UP1012,105373068
HIHA,UP1012,105373301
HIHA,UP1012,105373566
HIHA,UP1012,105374383
HIHA,UP1012,105375039
HIHA,UP1012,105375447
HIHA,UP1012,105375462
HIHA,UP1012,105375489
HIHA,UP1012,105376126
HIHA,UP1012,105376136
HIHA,UP1012,105377120
HIHA,UP1012,105377675
HIHA,UP1012,105378333
HIHA,UP1012,105380025
HIHA,UP1012,105380345
HIHA,UP1012,105383213
HIHA,UP1014,105383555
HIHA,UP1014,105383572
HIHA,UP1014,105383583
HIHA,UP1014,105383611
HIHA,UP1014,105383613
HIHA,UP1014,105383654
HIHA,UP1014,105383690
HIHA,UP1014,105383715
HIHA,UP1014,105383725
HIHA,UP1014,105383821
HIHA,UP1014,105383824
HIHA,UP1014,105383831
HIHA,UP1014,105383854
HIHA,UP1014,105383895
HIHA,UP1014,105383918
HIHA,UP1014,105383940
HIHA,UP1014,105383947
HIHA,UP1014,105383955
HIHA,UP1014,105383986
HIHA,UP1014,105384039
HIHA,UP1014,105384069
HIHA,UP1014,105384079
HIHA,UP1014,105384097
HIHA,UP1014,105384162
HIHA,UP1014,105384208
HIHA,UP1014,105384226
HIHA,UP1014,105384345
HIHA,UP1014,105384376
HIHA,UP1014,105384546
HIHA,UP1014,105384552
HIHA,UP1014,105384565
HIHA,UP1014,105384593
HIHA,UP1014,105384602
HIHA,UP1014,105384634
HIHA,UP1014,105384745
HIHA,UP1014,105384847
HIHA,UP1014,105384855
HIHA,UP1014,105384890
HIHA,UP1014,105384893
HIHA,UP1014,105384928
HIHA,UP1014,105384945
HIHA,UP1014,105384960
HIHA,UP1014,105385034
HIHA,UP1014,105385038
HIHA,UP1014,105385104
HIHA,UP1014,105385141
HIHA,UP1014,105385155
HIHA,UP1014,105385185
HIHA,UP1014,105385209
HIHA,UP1014,105385253
HIHA,UP1014,105385269
HIHA,UP1014,105385324
HIHA,UP1014,105385380
HIHA,UP1014,105385392
HIHA,UP1014,105385415
HIHA,UP1014,105385429
HIHA,UP1014,105385459
HIHA,UP1014,105385520
HIHA,UP1014,105385531
HIHA,UP1014,105385566
HIHA,UP1014,105385576
HIHA,UP1014,105385597
HIHA,UP1014,105385599
HIHA,UP1014,105385626
HIHA,UP1014,105385675
HIHA,UP1014,105385702
HIHA,UP1014,105385707
HIHA,UP1014,105385761
HIHA,UP1014,105385770
HIHA,UP1014,105385871
HIHA,UP1014,105385874
HIHA,UP1014,105385918
HIHA,UP1014,105385919
HIHA,UP1014,105385953
HIHA,UP1014,105386017
HIHA,UP1014,105386049
HIHA,UP1014,105386108
HIHA,UP1014,105386198
HIHA,UP1014,105386199
HIHA,UP1014,105386265
HIHA,UP1014,105386282
HIHA,UP1014,105386304
HIHA,UP1014,105386327
HIHA,UP1014,105386340
HIHA,UP1014,105386431
HIHA,UP1014,105386505
HIHA,UP1014,105386550
HIHA,UP1014,105386560
HIHA,UP1014,105386561
HIHA,UP1014,105386571
HIHA,UP1014,105386586
HIHA,UP1014,105386614
HIHA,UP1014,105386617
HIHA,UP1014,105386619
HIHA,UP1014,105386657
HIHA,UP1014,105386672
HIHA,UP1014,105386674
HIHA,UP1014,105386679
HIHA,UP1014,105386717
HIHA,UP1014,105386723
HIHA,UP1014,105386779
HIHA,UP1014,105386837
HIHA,UP1014,105386846
HIHA,UP1014,105386904
HIHA,UP1014,105387013
HIHA,UP1014,105387033
HIHA,UP1014,105387087
HIHA,UP1014,105387101
HIHA,UP1014,105387102
HIHA,UP1014,105387107
HIHA,UP1014,105387125
HIHA,UP1014,105387154
HIHA,UP1014,105387164
HIHA,UP1014,105387178
HIHA,UP1014,105387227
HIHA,UP1014,105387236
HIHA,UP1014,105387244
HIHA,UP1014,105387246
HIHA,UP1014,105387278
HIHA,UP1014,105387281
HIHA,UP1014,105387282
HIHA,UP1014,105387445
HIHA,UP1014,105387508
HIHA,UP1014,105387554
HIHA,UP1014,105387575
HIHA,UP1014,105387591
HIHA,UP1014,105387749
HIHA,UP1014,105387845
HIHA,UP1014,105387875
HIHA,UP1014,105387904
HIHA,UP1014,105387909
HIHA,UP1014,105387943
HIHA,UP1014,105387987
HIHA,UP1014,105388012
HIHA,UP1014,105388056
HIHA,UP1014,105388113
HIHA,UP1014,105388139
HIHA,UP1014,105388155
HIHA,UP1014,105388202
HIHA,UP1014,105388207
HIHA,UP1014,105388241
HIHA,UP1014,105388300
HIHA,UP1014,105388392
HIHA,UP1014,105388453
HIHA,UP1014,105388492
HIHA,UP1014,105388497
HIHA,UP1014,105388535
HIHA,UP1014,105388557
HIHA,UP1014,105388574
HIHA,UP1014,105388576
HIHA,UP1014,105388703
HIHA,UP1014,105388711
HIHA,UP1014,105388777
HIHA,UP1014,105388789
HIHA,UP1014,105388806
HIHA,UP1014,105388807
HIHA,UP1014,105388843
HIHA,UP1014,105388882
HIHA,UP1014,105388908
HIHA,UP1014,105388912
HIHA,UP1014,105389029
HIHA,UP1014,105389052
HIHA,UP1014,105389066
HIHA,UP1014,105389089
HIHA,UP1014,105389142
HIHA,UP1014,105389155
HIHA,UP1014,105389174
HIHA,UP1014,105389272
HIHA,UP1014,105389329
HIHA,UP1014,105389334
HIHA,UP1014,105389379
HIHA,UP1014,105389385
HIHA,UP1014,105389389
HIHA,UP1014,105389392
HIHA,UP1014,105389458
HIHA,UP1014,105389501
HIHA,UP1014,105389518
HIHA,UP1014,105389555
HIHA,UP1014,105389597
HIHA,UP1014,105389604
HIHA,UP1014,105389640
HIHA,UP1014,105389674
HIHA,UP1014,105389688
HIHA,UP1014,105389694
HIHA,UP1014,105389797
HIHA,UP1014,105389875
HIHA,UP1014,105389929
HIHA,UP1014,105389984
HIHA,UP1014,105389989
HIHA,UP1014,105390103
HIHA,UP1014,105390113
HIHA,UP1014,105390117
HIHA,UP1014,105390170
HIHA,UP1014,105390187
HIHA,UP1014,105390193
HIHA,UP1014,105390277
HIHA,UP1014,105390280
HIHA,UP1014,105390315
HIHA,UP1014,105390408
HIHA,UP1014,105390416
HIHA,UP1014,105390466
HIHA,UP1014,105390472
HIHA,UP1014,105390520
HIHA,UP1014,105390564
HIHA,UP1014,105390587
HIHA,UP1014,105390631
HIHA,UP1014,105390643
HIHA,UP1014,105390663
HIHA,UP1014,105390678
HIHA,UP1014,105390737
HIHA,UP1014,105390810
HIHA,UP1014,105390850
HIHA,UP1014,105390855
HIHA,UP1014,105390916
HIHA,UP1014,105390917
HIHA,UP1014,105391036
HIHA,UP1014,105391055
HIHA,UP1014,105391348
HIHA,UP1014,105391349
HIHA,UP1014,105391405
HIHA,UP1014,105391492
HIHA,UP1014,105391500
HIHA,UP1014,105391570
HIHA,UP1014,105391583
HIHA,UP1014,105391586
HIHA,UP1014,105391589
HIHA,UP1014,105391667
HIHA,UP1014,105391709
HIHA,UP1014,105391755
HIHA,UP1014,105391764
HIHA,UP1014,105391797
HIHA,UP1014,105391849
HIHA,UP1014,105391954
HIHA,UP1014,105391985
HIHA,UP1014,105392043
HIHA,UP1014,105392079
HIHA,UP1014,105392166
HIHA,UP1014,105392186
HIHA,UP1014,105392268
HIHA,UP1014,105392274
HIHA,UP1014,105392284
HIHA,UP1014,105392287
HIHA,UP1014,105392323
HIHA,UP1014,105392338
HIHA,UP1014,105392391
HIHA,UP1014,105392454
HIHA,UP1014,105392520
HIHA,UP1014,105392564
HIHA,UP1014,105392579
HIHA,UP1014,105392583
HIHA,UP1014,105392620
HIHA,UP1014,105392662
HIHA,UP1014,105392676
HIHA,UP1014,105392685
HIHA,UP1014,105392779
HIHA,UP1014,105392810
HIHA,UP1014,105392819
HIHA,UP1014,105392837
HIHA,UP1014,105392866
HIHA,UP1014,105392873
HIHA,UP1014,105392899
HIHA,UP1014,105392917
HIHA,UP1014,105392925
HIHA,UP1014,105392953
HIHA,UP1014,105392968
HIHA,UP1014,105393061
HIHA,UP1014,105393112
HIHA,UP1014,105393155
HIHA,UP1014,105393186
HIHA,UP1014,105393200
HIHA,UP1014,105393229
HIHA,UP1014,105393247
HIHA,UP1014,105393295
HIHA,UP1014,105393299
HIHA,UP1014,105393317
HIHA,UP1014,105393332
HIHA,UP1014,105393391
HIHA,UP1014,105393428
HIHA,UP1014,105393467
HIHA,UP1014,105393586
HIHA,UP1014,105393598
HIHA,UP1014,105393692
HIHA,UP1014,105393724
HIHA,UP1014,105393843
HIHA,UP1014,105393846
HIHA,UP1014,105393848
HIHA,UP1014,105393878
HIHA,UP1014,105393933
HIHA,UP1014,105393939
HIHA,UP1014,105394004
HIHA,UP1014,105394007
HIHA,UP1014,105394012
HIHA,UP1014,105394021
HIHA,UP1014,105394029
HIHA,UP1014,105394041
HIHA,UP1014,105394042
HIHA,UP1014,105394048
HIHA,UP1014,105394050
HIHA,UP1014,105394109
HIHA,UP1014,105394140
HIHA,UP1014,105394148
HIHA,UP1014,105394153
HIHA,UP1014,105394154
HIHA,UP1014,105394192
HIHA,UP1014,105394222
HIHA,UP1014,105394232
HIHA,UP1014,105394286
HIHA,UP1014,105394315
HIHA,UP1014,105394318
HIHA,UP1014,105394332
HIHA,UP1014,105394336
HIHA,UP1014,105394351
HIHA,UP1014,105394355
HIHA,UP1014,105394408
HIHA,UP1014,105394415
HIHA,UP1014,105394421
HIHA,UP1014,105394474
HIHA,UP1014,105394509
HIHA,UP1014,105394510
HIHA,UP1014,105394600
HIHA,UP1014,105394666
HIHA,UP1014,105394723
HIHA,UP1014,105394803
HIHA,UP1014,105394832
HIHA,UP1014,105394850
HIHA,UP1014,105394874
HIHA,UP1014,105394920
HIHA,UP1014,105394940
HIHA,UP1014,105394954
HIHA,UP1014,105395006
HIHA,UP1014,105395017
HIHA,UP1014,105395032
HIHA,UP1014,105395043
HIHA,UP1014,105395065
HIHA,UP1014,105395085
HIHA,UP1014,105395145
HIHA,UP1014,105395171
HIHA,UP1014,105395200
HIHA,UP1014,105395203
HIHA,UP1014,105395206
HIHA,UP1014,105395215
HIHA,UP1014,105395239
HIHA,UP1014,105395250
HIHA,UP1014,105395306
HIHA,UP1014,105395341
HIHA,UP1014,105395345
HIHA,UP1014,105395346
HIHA,UP1014,105395382
HIHA,UP1014,105395406
HIHA,UP1014,105395407
HIHA,UP1014,105395450
HIHA,UP1014,105395460
HIHA,UP1014,105395489
HIHA,UP1014,105395512
HIHA,UP1014,105395578
HIHA,UP1014,105395699
HIHA,UP1014,105395706
HIHA,UP1014,105395717
HIHA,UP1014,105395740
HIHA,UP1014,105395745
HIHA,UP1014,105395813
HIHA,UP1014,105395826
HIHA,UP1014,105395830
HIHA,UP1014,105395922
HIHA,UP1014,105395971
HIHA,UP1014,105395972
HIHA,UP1014,105396015
HIHA,UP1014,105396077
HIHA,UP1014,105396091
HIHA,UP1014,105396113
HIHA,UP1014,105396117
HIHA,UP1014,105396118
HIHA,UP1014,105396155
HIHA,UP1014,105396237
HIHA,UP1014,105396245
HIHA,UP1014,105396353
HIHA,UP1014,105396375
HIHA,UP1014,105396387
HIHA,UP1014,105396390
HIHA,UP1014,105396402
HIHA,UP1014,105396481
HIHA,UP1014,105396574
HIHA,UP1014,105396589
HIHA,UP1014,105396655
HIHA,UP1014,105396661
HIHA,UP1014,105396667
HIHA,UP1014,105396674
HIHA,UP1014,105396777
HIHA,UP1014,105396864
HIHA,UP1014,105396894
HIHA,UP1014,105396933
HIHA,UP1014,105396969
HIHA,UP1014,105396988
HIHA,UP1014,105396991
HIHA,UP1014,105396993
HIHA,UP1014,105396996
HIHA,UP1014,105397021
HIHA,UP1014,105397035
HIHA,UP1014,105397099
HIHA,UP1014,105397167
HIHA,UP1014,105397193
HIHA,UP1014,105397200
HIHA,UP1014,105397211
HIHA,UP1014,105397237
HIHA,UP1014,105397259
HIHA,UP1014,105397276
HIHA,UP1014,105397301
HIHA,UP1014,105397337
HIHA,UP1014,105397405
HIHA,UP1014,105397427
HIHA,UP1014,105397442
HIHA,UP1014,105397488
HIHA,UP1014,105397544
HIHA,UP1014,105397550
HIHA,UP1014,105397561
HIHA,UP1014,105397601
HIHA,UP1014,105397611
HIHA,UP1014,105397615
HIHA,UP1014,105397648
HIHA,UP1014,105397662
HIHA,UP1014,105397708
HIHA,UP1014,105397750
HIHA,UP1014,105397758
HIHA,UP1014,105397778
HIHA,UP1014,105397799
HIHA,UP1014,105397899
HIHA,UP1014,105397904
HIHA,UP1014,105397934
HIHA,UP1014,105397938
HIHA,UP1014,105397952
HIHA,UP1014,105397978
HIHA,UP1014,105397988
HIHA,UP1014,105398070
HIHA,UP1014,105398100
HIHA,UP1014,105398173
HIHA,UP1014,105398183
HIHA,UP1014,105398186
HIHA,UP1014,105398227
HIHA,UP1014,105398230
HIHA,UP1014,105398267
HIHA,UP1014,105398282
HIHA,UP1014,105398314
HIHA,UP1014,105398324
HIHA,UP1014,105398349
HIHA,UP1014,105398392
HIHA,UP1014,105398394
HIHA,UP1014,105398433
HIHA,UP1014,105398544
HIHA,UP1014,105398555
HIHA,UP1014,105398579
HIHA,UP1014,105398580
HIHA,UP1014,105398593
HIHA,UP1014,105398660
HIHA,UP1014,105398755
HIHA,UP1014,105398789
HIHA,UP1014,105398835
HIHA,UP1014,105398855
HIHA,UP1014,105398901
HIHA,UP1014,105398930
HIHA,UP1014,105398966
HIHA,UP1014,105398982
HIHA,UP1014,105399040
HIHA,UP1014,105399061
HIHA,UP1014,105399074
HIHA,UP1014,105399117
HIHA,UP1014,105399131
HIHA,UP1014,105399191
HIHA,UP1014,105399253
HIHA,UP1014,105399257
HIHA,UP1014,105399303
HIHA,UP1014,105399329
HIHA,UP1014,105399347
HIHA,UP1014,105399361
HIHA,UP1014,105399390
HIHA,UP1014,105399394
HIHA,UP1014,105399432
HIHA,UP1014,105399521
HIHA,UP1014,105399569
HIHA,UP1014,105399585
HIHA,UP1014,105399627
HIHA,UP1014,105399632
HIHA,UP1014,105399650
HIHA,UP1014,105399667
HIHA,UP1014,105399719
HIHA,UP1014,105399821
HIHA,UP1014,105399849
HIHA,UP1014,105399968
HIHA,UP1014,105400001
HIHA,UP1014,105400056
HIHA,UP1014,105400076
HIHA,UP1014,105400088
HIHA,UP1014,105400091
HIHA,UP1014,105400111
HIHA,UP1014,105400122
HIHA,UP1014,105400157
HIHA,UP1014,105400199
HIHA,UP1014,105400223
HIHA,UP1014,105400228
HIHA,UP1014,105400232
HIHA,UP1014,105400276
HIHA,UP1014,105400300
HIHA,UP1014,105400302
HIHA,UP1014,105400342
HIHA,UP1014,105400362
HIHA,UP1014,105400383
HIHA,UP1014,105400457
HIHA,UP1014,105400465
HIHA,UP1014,105400466
HIHA,UP1014,105400471
HIHA,UP1014,105400488
HIHA,UP1014,105400506
HIHA,UP1014,105400516
HIHA,UP1014,105400523
HIHA,UP1014,105400532
HIHA,UP1014,105400551
HIHA,UP1014,105400660
HIHA,UP1014,105400830
HIHA,UP1014,105400832
HIHA,UP1014,105400838
HIHA,UP1014,105400844
HIHA,UP1014,105400871
HIHA,UP1014,105400928
HIHA,UP1014,105400950
HIHA,UP1014,105401024
HIHA,UP1014,105401082
HIHA,UP1014,105401206
HIHA,UP1014,105401228
HIHA,UP1014,105401268
HIHA,UP1014,105401336
HIHA,UP1014,105401343
HIHA,UP1014,105401401
HIHA,UP1014,105401405
HIHA,UP1014,105401541
HIHA,UP1014,105401550
HIHA,UP1014,105401566
HIHA,UP1014,105401602
HIHA,UP1014,105401615
HIHA,UP1014,105401662
HIHA,UP1014,105401692
HIHA,UP1014,105401740
HIHA,UP1014,105401746
HIHA,UP1014,105401780
HIHA,UP1014,105401859
HIHA,UP1014,105401862
HIHA,UP1014,105402012
HIHA,UP1014,105402026
HIHA,UP1014,105402072
HIHA,UP1014,105402099
HIHA,UP1014,105402108
HIHA,UP1014,105402127
HIHA,UP1014,105402128
HIHA,UP1014,105402148
HIHA,UP1014,105402153
HIHA,UP1014,105402200
HIHA,UP1014,105402201
HIHA,UP1014,105402296
HIHA,UP1014,105402340
HIHA,UP1014,105402400
HIHA,UP1014,105402431
HIHA,UP1014,105402466
HIHA,UP1014,105402624
HIHA,UP1014,105402639
HIHA,UP1014,105402646
HIHA,UP1014,105402669
HIHA,UP1014,105402672
HIHA,UP1014,105402682
HIHA,UP1014,105402727
HIHA,UP1014,105402892
HIHA,UP1014,105402935
HIHA,UP1014,105402943
HIHA,UP1014,105402992
HIHA,UP1014,105403029
HIHA,UP1014,105403033
HIHA,UP1014,105403092
HIHA,UP1014,105403101
HIHA,UP1014,105403119
HIHA,UP1014,105403133
HIHA,UP1014,105403172
HIHA,UP1014,105403184
HIHA,UP1014,105403227
HIHA,UP1014,105403323
HIHA,UP1014,105403331
HIHA,UP1014,105403357
HIHA,UP1014,105403365
HIHA,UP1014,105403384
HIHA,UP1014,105403394
HIHA,UP1014,105403429
HIHA,UP1014,105403514
HIHA,UP1014,105403522
HIHA,UP1014,105403559
HIHA,UP1014,105403592
HIHA,UP1014,105403599
HIHA,UP1014,105403637
HIHA,UP1014,105403682
HIHA,UP1014,105403729
HIHA,UP1014,105403752
HIHA,UP1014,105403856
HIHA,UP1014,105403884
HIHA,UP1014,105403925
HIHA,UP1014,105404055
HIHA,UP1014,105384973
HIHA,UP1014,105386240
HIHA,UP1014,105387953
HIHA,UP1014,105388566
HIHA,UP1014,105389479
HIHA,UP1014,105389756
HIHA,UP1014,105390088
HIHA,UP1014,105390401
HIHA,UP1014,105391468
HIHA,UP1014,105391507
HIHA,UP1014,105392465
HIHA,UP1014,105393158
HIHA,UP1014,105394976
HIHA,UP1014,105397483
HIHA,UP1014,105398455
HIHA,UP1014,105398816
HIHA,UP1014,105398924
HIHA,UP1014,105399209
HIHA,UP1014,105400879
HIHA,UP1014,105401209
HIHA,UP1014,105402249
HIHA,UP1014,105403628
HIHA,UP1014,105383598
HIHA,UP1014,105384026
HIHA,UP1014,105384184
HIHA,UP1014,105385124
HIHA,UP1014,105385208
HIHA,UP1014,105385941
HIHA,UP1014,105386247
HIHA,UP1014,105386706
HIHA,UP1014,105386855
HIHA,UP1014,105387177
HIHA,UP1014,105387438
HIHA,UP1014,105387718
HIHA,UP1014,105387934
HIHA,UP1014,105388785
HIHA,UP1014,105390339
HIHA,UP1014,105390541
HIHA,UP1014,105391094
HIHA,UP1014,105391223
HIHA,UP1014,105392074
HIHA,UP1014,105392245
HIHA,UP1014,105393733
HIHA,UP1014,105393786
HIHA,UP1014,105394311
HIHA,UP1014,105394460
HIHA,UP1014,105395035
HIHA,UP1014,105395116
HIHA,UP1014,105395176
HIHA,UP1014,105395828
HIHA,UP1014,105396307
HIHA,UP1014,105396688
HIHA,UP1014,105397254
HIHA,UP1014,105397652
HIHA,UP1014,105397653
HIHA,UP1014,105397873
HIHA,UP1014,105399372
HIHA,UP1014,105399801
HIHA,UP1014,105403546
HIHA,UP1014,105403657
HIHA,UP1014,105403942
HIHA,UP1014,105404034
HIHA,UP1014,105384738
HIHA,UP1014,105385476
HIHA,UP1014,105385932
HIHA,UP1014,105386603
HIHA,UP1014,105388425
HIHA,UP1014,105388585
HIHA,UP1014,105389097
HIHA,UP1014,105389831
HIHA,UP1014,105391082
HIHA,UP1014,105393312
HIHA,UP1014,105393808
HIHA,UP1014,105394430
HIHA,UP1014,105394709
HIHA,UP1014,105394821
HIHA,UP1014,105394900
HIHA,UP1014,105395087
HIHA,UP1014,105395292
HIHA,UP1014,105395500
HIHA,UP1014,105395756
HIHA,UP1014,105395827
HIHA,UP1014,105396344
HIHA,UP1014,105396451
HIHA,UP1014,105397752
HIHA,UP1014,105397802
HIHA,UP1014,105397969
HIHA,UP1014,105398060
HIHA,UP1014,105398526
HIHA,UP1014,105398787
HIHA,UP1014,105399380
HIHA,UP1014,105399453
HIHA,UP1014,105399595
HIHA,UP1014,105400080
HIHA,UP1014,105400245
HIHA,UP1014,105400338
HIHA,UP1014,105400363
HIHA,UP1014,105401011
HIHA,UP1014,105401729
HIHA,UP1014,105402302
HIHA,UP1014,105402568
HIHA,UP1014,105402832
HIHA,UP1014,105384210
HIHA,UP1014,105385504
HIHA,UP1014,105385841
HIHA,UP1014,105386526
HIHA,UP1014,105387085
HIHA,UP1014,105387416
HIHA,UP1014,105387460
HIHA,UP1014,105387991
HIHA,UP1014,105389659
HIHA,UP1014,105389703
HIHA,UP1014,105390709
HIHA,UP1014,105391529
HIHA,UP1014,105392365
HIHA,UP1014,105392902
HIHA,UP1014,105393032
HIHA,UP1014,105393035
HIHA,UP1014,105393478
HIHA,UP1014,105393618
HIHA,UP1014,105394823
HIHA,UP1014,105395342
HIHA,UP1014,105396005
HIHA,UP1014,105396053
HIHA,UP1014,105396526
HIHA,UP1014,105397672
HIHA,UP1014,105398351
HIHA,UP1014,105398506
HIHA,UP1014,105399610
HIHA,UP1014,105400007
HIHA,UP1014,105401038
HIHA,UP1014,105401096
HIHA,UP1014,105401625
HIHA,UP1014,105402056
HIHA,UP1014,105402563
HIHA,UP1014,105402598
HIHA,UP1014,105402675
HIHA,UP1014,105402979
HIHA,UP1014,105403460
HIHA,UP1014,105403469
HIHA,UP1014,105403472
HIHA,UP1014,105403597
HIHA,UP1014,105384618
HIHA,UP1014,105384902
HIHA,UP1014,105385832
HIHA,UP1014,105386038
HIHA,UP1014,105386513
HIHA,UP1014,105386595
HIHA,UP1014,105387066
HIHA,UP1014,105387330
HIHA,UP1014,105388225
HIHA,UP1014,105388379
HIHA,UP1014,105388650
HIHA,UP1014,105389457
HIHA,UP1014,105390827
HIHA,UP1014,105391134
HIHA,UP1014,105391255
HIHA,UP1014,105391742
HIHA,UP1014,105392172
HIHA,UP1014,105392221
HIHA,UP1014,105393516
HIHA,UP1014,105394223
HIHA,UP1014,105394273
HIHA,UP1014,105395479
HIHA,UP1014,105396090
HIHA,UP1014,105396207
HIHA,UP1014,105396398
HIHA,UP1014,105396580
HIHA,UP1014,105396659
HIHA,UP1014,105397152
HIHA,UP1014,105398870
HIHA,UP1014,105399111
HIHA,UP1014,105399363
HIHA,UP1014,105401461
HIHA,UP1014,105401721
HIHA,UP1014,105402133
HIHA,UP1014,105402217
HIHA,UP1014,105402715
HIHA,UP1014,105402945
HIHA,UP1014,105403445
HIHA,UP1014,105403670
HIHA,UP1014,105403983
HIHA,UP1014,105385405
HIHA,UP1014,105385584
HIHA,UP1014,105385605
HIHA,UP1014,105386659
HIHA,UP1014,105386958
HIHA,UP1014,105387268
HIHA,UP1014,105387272
HIHA,UP1014,105388156
HIHA,UP1014,105388702
HIHA,UP1014,105388751
HIHA,UP1014,105388768
HIHA,UP1014,105389146
HIHA,UP1014,105390493
HIHA,UP1014,105391098
HIHA,UP1014,105391452
HIHA,UP1014,105391569
HIHA,UP1014,105392060
HIHA,UP1014,105392542
HIHA,UP1014,105392562
HIHA,UP1014,105392740
HIHA,UP1014,105392932
HIHA,UP1014,105393222
HIHA,UP1014,105393387
HIHA,UP1014,105393715
HIHA,UP1014,105393953
HIHA,UP1014,105394132
HIHA,UP1014,105394534
HIHA,UP1014,105395437
HIHA,UP1014,105396272
HIHA,UP1014,105397256
HIHA,UP1014,105397712
HIHA,UP1014,105398140
HIHA,UP1014,105399829
HIHA,UP1014,105400097
HIHA,UP1014,105401058
HIHA,UP1014,105402048
HIHA,UP1014,105403192
HIHA,UP1014,105403594
HIHA,UP1014,105403717
HIHA,UP1014,105404080
HIHA,UP1014,105387160
HIHA,UP1014,105387503
HIHA,UP1014,105389196
HIHA,UP1014,105394409
HIHA,UP1014,105396100
HIHA,UP1014,105396430
HIHA,UP1014,105397495
HIHA,UP1014,105398604
HIHA,UP1014,105399264
HIHA,UP1014,105400580
HIHA,UP1014,105401854
HIHA,UP1014,105402708
HIHA,UP1014,105383942
HIHA,UP1014,105386497
HIHA,UP1014,105389677
HIHA,UP1014,105391516
HIHA,UP1014,105392135
HIHA,UP1014,105392427
HIHA,UP1014,105394506
HIHA,UP1014,105396600
HIHA,UP1014,105397868
HIHA,UP1014,105398754
HIHA,UP1014,105398858
HIHA,UP1014,105401659
HIHA,UP1014,105401700
HIHA,UP1014,105384166
HIHA,UP1014,105384177
HIHA,UP1014,105384453
HIHA,UP1014,105386364
HIHA,UP1014,105386831
HIHA,UP1014,105386908
HIHA,UP1014,105387688
HIHA,UP1014,105387790
HIHA,UP1014,105388372
HIHA,UP1014,105389539
HIHA,UP1014,105389825
HIHA,UP1014,105390171
HIHA,UP1014,105390358
HIHA,UP1014,105390531
HIHA,UP1014,105390599
HIHA,UP1014,105391477
HIHA,UP1014,105391624
HIHA,UP1014,105392277
HIHA,UP1014,105393018
HIHA,UP1014,105393617
HIHA,UP1014,105393981
HIHA,UP1014,105394516
HIHA,UP1014,105395105
HIHA,UP1014,105395440
HIHA,UP1014,105396219
HIHA,UP1014,105396818
HIHA,UP1014,105396972
HIHA,UP1014,105397098
HIHA,UP1014,105397140
HIHA,UP1014,105397248
HIHA,UP1014,105397436
HIHA,UP1014,105397683
HIHA,UP1014,105398655
HIHA,UP1014,105400685
HIHA,UP1014,105400979
HIHA,UP1014,105401212
HIHA,UP1014,105401982
HIHA,UP1014,105402404
HIHA,UP1014,105402413
HIHA,UP1014,105403351
HIHA,UP1014,105383858
HIHA,UP1014,105384377
HIHA,UP1014,105386009
HIHA,UP1014,105388368
HIHA,UP1014,105388496
HIHA,UP1014,105389165
HIHA,UP1014,105391328
HIHA,UP1014,105396886
HIHA,UP1014,105402439
HIHA,UP1014,105403555
HIHA,UP1015,105404169
HIHA,UP1015,105404410
HIHA,UP1015,105404414
HIHA,UP1015,105404454
HIHA,UP1015,105404477
HIHA,UP1015,105404488
HIHA,UP1015,105404615
HIHA,UP1015,105404691
HIHA,UP1015,105404692
HIHA,UP1015,105404700
HIHA,UP1015,105404703
HIHA,UP1015,105404730
HIHA,UP1015,105404744
HIHA,UP1015,105404802
HIHA,UP1015,105404831
HIHA,UP1015,105404838
HIHA,UP1015,105404901
HIHA,UP1015,105404931
HIHA,UP1015,105404964
HIHA,UP1015,105404965
HIHA,UP1015,105404966
HIHA,UP1015,105404981
HIHA,UP1015,105405008
HIHA,UP1015,105405010
HIHA,UP1015,105405017
HIHA,UP1015,105405025
HIHA,UP1015,105405057
HIHA,UP1015,105405085
HIHA,UP1015,105405122
HIHA,UP1015,105405123
HIHA,UP1015,105405151
HIHA,UP1015,105405157
HIHA,UP1015,105405165
HIHA,UP1015,105405175
HIHA,UP1015,105405207
HIHA,UP1015,105405220
HIHA,UP1015,105405265
HIHA,UP1015,105405382
HIHA,UP1015,105405470
HIHA,UP1015,105405604
HIHA,UP1015,105405624
HIHA,UP1015,105405646
HIHA,UP1015,105405668
HIHA,UP1015,105405744
HIHA,UP1015,105405751
HIHA,UP1015,105405781
HIHA,UP1015,105405879
HIHA,UP1015,105405936
HIHA,UP1015,105406030
HIHA,UP1015,105406060
HIHA,UP1015,105406063
HIHA,UP1015,105406080
HIHA,UP1015,105406098
HIHA,UP1015,105406168
HIHA,UP1015,105406170
HIHA,UP1015,105406202
HIHA,UP1015,105406228
HIHA,UP1015,105406256
HIHA,UP1015,105406266
HIHA,UP1015,105406271
HIHA,UP1015,105406327
HIHA,UP1015,105406390
HIHA,UP1015,105406393
HIHA,UP1015,105406452
HIHA,UP1015,105406454
HIHA,UP1015,105406471
HIHA,UP1015,105406574
HIHA,UP1015,105406581
HIHA,UP1015,105406589
HIHA,UP1015,105406685
HIHA,UP1015,105406700
HIHA,UP1015,105406741
HIHA,UP1015,105406808
HIHA,UP1015,105406833
HIHA,UP1015,105406931
HIHA,UP1015,105406944
HIHA,UP1015,105406965
HIHA,UP1015,105407028
HIHA,UP1015,105407031
HIHA,UP1015,105407056
HIHA,UP1015,105407103
HIHA,UP1015,105407132
HIHA,UP1015,105407202
HIHA,UP1015,105407230
HIHA,UP1015,105407238
HIHA,UP1015,105407302
HIHA,UP1015,105407315
HIHA,UP1015,105407345
HIHA,UP1015,105407394
HIHA,UP1015,105407397
HIHA,UP1015,105407405
HIHA,UP1015,105407412
HIHA,UP1015,105407438
HIHA,UP1015,105407467
HIHA,UP1015,105407513
HIHA,UP1015,105407519
HIHA,UP1015,105407625
HIHA,UP1015,105407652
HIHA,UP1015,105407676
HIHA,UP1015,105407702
HIHA,UP1015,105407777
HIHA,UP1015,105407794
HIHA,UP1015,105407816
HIHA,UP1015,105407825
HIHA,UP1015,105407844
HIHA,UP1015,105407865
HIHA,UP1015,105408012
HIHA,UP1015,105408015
HIHA,UP1015,105408019
HIHA,UP1015,105408028
HIHA,UP1015,105408032
HIHA,UP1015,105408044
HIHA,UP1015,105408068
HIHA,UP1015,105408070
HIHA,UP1015,105408076
HIHA,UP1015,105408114
HIHA,UP1015,105408116
HIHA,UP1015,105408124
HIHA,UP1015,105408148
HIHA,UP1015,105408153
HIHA,UP1015,105408164
HIHA,UP1015,105408167
HIHA,UP1015,105408192
HIHA,UP1015,105408195
HIHA,UP1015,105408202
HIHA,UP1015,105408245
HIHA,UP1015,105408318
HIHA,UP1015,105408349
HIHA,UP1015,105408363
HIHA,UP1015,105408373
HIHA,UP1015,105408420
HIHA,UP1015,105408430
HIHA,UP1015,105408436
HIHA,UP1015,105408455
HIHA,UP1015,105408521
HIHA,UP1015,105408558
HIHA,UP1015,105408570
HIHA,UP1015,105408575
HIHA,UP1015,105408613
HIHA,UP1015,105408668
HIHA,UP1015,105408705
HIHA,UP1015,105408729
HIHA,UP1015,105408749
HIHA,UP1015,105408773
HIHA,UP1015,105408808
HIHA,UP1015,105408829
HIHA,UP1015,105408836
HIHA,UP1015,105408882
HIHA,UP1015,105408891
HIHA,UP1015,105408892
HIHA,UP1015,105408926
HIHA,UP1015,105408944
HIHA,UP1015,105408955
HIHA,UP1015,105408957
HIHA,UP1015,105409006
HIHA,UP1015,105409065
HIHA,UP1015,105409090
HIHA,UP1015,105409123
HIHA,UP1015,105409144
HIHA,UP1015,105409166
HIHA,UP1015,105409222
HIHA,UP1015,105409289
HIHA,UP1015,105409315
HIHA,UP1015,105409321
HIHA,UP1015,105409333
HIHA,UP1015,105409358
HIHA,UP1015,105409365
HIHA,UP1015,105409375
HIHA,UP1015,105409385
HIHA,UP1015,105409427
HIHA,UP1015,105409446
HIHA,UP1015,105409481
HIHA,UP1015,105409484
HIHA,UP1015,105409507
HIHA,UP1015,105409529
HIHA,UP1015,105409617
HIHA,UP1015,105409654
HIHA,UP1015,105409737
HIHA,UP1015,105409748
HIHA,UP1015,105409749
HIHA,UP1015,105409756
HIHA,UP1015,105409773
HIHA,UP1015,105409786
HIHA,UP1015,105409791
HIHA,UP1015,105409793
HIHA,UP1015,105409835
HIHA,UP1015,105409883
HIHA,UP1015,105409902
HIHA,UP1015,105410004
HIHA,UP1015,105410029
HIHA,UP1015,105410067
HIHA,UP1015,105410241
HIHA,UP1015,105410262
HIHA,UP1015,105410280
HIHA,UP1015,105410304
HIHA,UP1015,105410367
HIHA,UP1015,105410376
HIHA,UP1015,105410429
HIHA,UP1015,105410436
HIHA,UP1015,105410459
HIHA,UP1015,105410487
HIHA,UP1015,105410488
HIHA,UP1015,105410490
HIHA,UP1015,105410492
HIHA,UP1015,105410508
HIHA,UP1015,105410519
HIHA,UP1015,105410520
HIHA,UP1015,105410606
HIHA,UP1015,105410656
HIHA,UP1015,105410669
HIHA,UP1015,105410699
HIHA,UP1015,105410711
HIHA,UP1015,105410754
HIHA,UP1015,105410756
HIHA,UP1015,105410960
HIHA,UP1015,105410973
HIHA,UP1015,105410992
HIHA,UP1015,105410994
HIHA,UP1015,105411014
HIHA,UP1015,105411048
HIHA,UP1015,105411049
HIHA,UP1015,105411053
HIHA,UP1015,105411060
HIHA,UP1015,105411062
HIHA,UP1015,105411106
HIHA,UP1015,105411115
HIHA,UP1015,105411153
HIHA,UP1015,105411186
HIHA,UP1015,105411272
HIHA,UP1015,105411319
HIHA,UP1015,105411348
HIHA,UP1015,105411371
HIHA,UP1015,105411389
HIHA,UP1015,105411425
HIHA,UP1015,105411427
HIHA,UP1015,105411459
HIHA,UP1015,105411567
HIHA,UP1015,105411669
HIHA,UP1015,105411720
HIHA,UP1015,105411790
HIHA,UP1015,105411822
HIHA,UP1015,105411845
HIHA,UP1015,105411851
HIHA,UP1015,105411905
HIHA,UP1015,105411946
HIHA,UP1015,105411977
HIHA,UP1015,105411995
HIHA,UP1015,105412023
HIHA,UP1015,105412049
HIHA,UP1015,105412105
HIHA,UP1015,105412163
HIHA,UP1015,105412188
HIHA,UP1015,105412205
HIHA,UP1015,105412341
HIHA,UP1015,105412389
HIHA,UP1015,105412441
HIHA,UP1015,105412444
HIHA,UP1015,105412534
HIHA,UP1015,105412547
HIHA,UP1015,105412589
HIHA,UP1015,105412598
HIHA,UP1015,105412611
HIHA,UP1015,105412622
HIHA,UP1015,105412676
HIHA,UP1015,105412679
HIHA,UP1015,105412697
HIHA,UP1015,105412703
HIHA,UP1015,105412719
HIHA,UP1015,105412722
HIHA,UP1015,105412744
HIHA,UP1015,105412758
HIHA,UP1015,105412768
HIHA,UP1015,105412821
HIHA,UP1015,105412853
HIHA,UP1015,105413024
HIHA,UP1015,105413038
HIHA,UP1015,105413072
HIHA,UP1015,105413124
HIHA,UP1015,105413175
HIHA,UP1015,105413180
HIHA,UP1015,105413184
HIHA,UP1015,105413206
HIHA,UP1015,105413248
HIHA,UP1015,105413254
HIHA,UP1015,105413256
HIHA,UP1015,105413316
HIHA,UP1015,105413351
HIHA,UP1015,105413365
HIHA,UP1015,105413406
HIHA,UP1015,105413512
HIHA,UP1015,105413530
HIHA,UP1015,105413568
HIHA,UP1015,105413577
HIHA,UP1015,105413615
HIHA,UP1015,105413656
HIHA,UP1015,105413665
HIHA,UP1015,105413730
HIHA,UP1015,105413733
HIHA,UP1015,105413739
HIHA,UP1015,105413768
HIHA,UP1015,105413846
HIHA,UP1015,105413853
HIHA,UP1015,105413922
HIHA,UP1015,105413947
HIHA,UP1015,105413969
HIHA,UP1015,105413979
HIHA,UP1015,105414022
HIHA,UP1015,105414026
HIHA,UP1015,105414038
HIHA,UP1015,105414042
HIHA,UP1015,105414067
HIHA,UP1015,105414085
HIHA,UP1015,105414211
HIHA,UP1015,105414224
HIHA,UP1015,105414229
HIHA,UP1015,105414248
HIHA,UP1015,105414249
HIHA,UP1015,105414265
HIHA,UP1015,105414273
HIHA,UP1015,105414284
HIHA,UP1015,105414300
HIHA,UP1015,105414312
HIHA,UP1015,105414313
HIHA,UP1015,105414349
HIHA,UP1015,105414391
HIHA,UP1015,105414412
HIHA,UP1015,105414452
HIHA,UP1015,105414483
HIHA,UP1015,105414495
HIHA,UP1015,105414535
HIHA,UP1015,105414595
HIHA,UP1015,105414603
HIHA,UP1015,105414667
HIHA,UP1015,105414693
HIHA,UP1015,105414746
HIHA,UP1015,105414765
HIHA,UP1015,105414768
HIHA,UP1015,105414772
HIHA,UP1015,105414788
HIHA,UP1015,105414820
HIHA,UP1015,105414830
HIHA,UP1015,105414842
HIHA,UP1015,105414895
HIHA,UP1015,105414996
HIHA,UP1015,105415030
HIHA,UP1015,105415033
HIHA,UP1015,105415141
HIHA,UP1015,105415146
HIHA,UP1015,105415156
HIHA,UP1015,105415181
HIHA,UP1015,105415238
HIHA,UP1015,105415246
HIHA,UP1015,105415299
HIHA,UP1015,105415319
HIHA,UP1015,105415335
HIHA,UP1015,105415348
HIHA,UP1015,105415366
HIHA,UP1015,105415380
HIHA,UP1015,105415394
HIHA,UP1015,105415395
HIHA,UP1015,105415398
HIHA,UP1015,105415400
HIHA,UP1015,105415597
HIHA,UP1015,105415599
HIHA,UP1015,105415650
HIHA,UP1015,105415681
HIHA,UP1015,105415701
HIHA,UP1015,105415708
HIHA,UP1015,105415713
HIHA,UP1015,105415757
HIHA,UP1015,105415784
HIHA,UP1015,105415801
HIHA,UP1015,105415805
HIHA,UP1015,105415811
HIHA,UP1015,105415833
HIHA,UP1015,105415858
HIHA,UP1015,105415859
HIHA,UP1015,105415871
HIHA,UP1015,105415892
HIHA,UP1015,105415914
HIHA,UP1015,105415938
HIHA,UP1015,105415946
HIHA,UP1015,105415964
HIHA,UP1015,105415972
HIHA,UP1015,105415985
HIHA,UP1015,105416052
HIHA,UP1015,105416058
HIHA,UP1015,105416122
HIHA,UP1015,105416123
HIHA,UP1015,105416203
HIHA,UP1015,105416212
HIHA,UP1015,105416253
HIHA,UP1015,105416274
HIHA,UP1015,105416300
HIHA,UP1015,105416308
HIHA,UP1015,105416352
HIHA,UP1015,105416379
HIHA,UP1015,105416384
HIHA,UP1015,105416385
HIHA,UP1015,105416420
HIHA,UP1015,105416426
HIHA,UP1015,105416482
HIHA,UP1015,105416488
HIHA,UP1015,105416515
HIHA,UP1015,105416520
HIHA,UP1015,105416554
HIHA,UP1015,105416587
HIHA,UP1015,105416717
HIHA,UP1015,105416796
HIHA,UP1015,105416856
HIHA,UP1015,105416928
HIHA,UP1015,105416975
HIHA,UP1015,105417018
HIHA,UP1015,105417031
HIHA,UP1015,105417084
HIHA,UP1015,105417089
HIHA,UP1015,105417125
HIHA,UP1015,105417146
HIHA,UP1015,105417194
HIHA,UP1015,105417205
HIHA,UP1015,105417230
HIHA,UP1015,105417279
HIHA,UP1015,105417280
HIHA,UP1015,105417283
HIHA,UP1015,105417378
HIHA,UP1015,105417390
HIHA,UP1015,105417393
HIHA,UP1015,105417423
HIHA,UP1015,105417467
HIHA,UP1015,105417468
HIHA,UP1015,105417469
HIHA,UP1015,105417476
HIHA,UP1015,105417481
HIHA,UP1015,105417491
HIHA,UP1015,105417566
HIHA,UP1015,105417594
HIHA,UP1015,105417642
HIHA,UP1015,105417682
HIHA,UP1015,105417736
HIHA,UP1015,105417747
HIHA,UP1015,105417816
HIHA,UP1015,105417857
HIHA,UP1015,105417861
HIHA,UP1015,105417878
HIHA,UP1015,105417927
HIHA,UP1015,105417935
HIHA,UP1015,105417958
HIHA,UP1015,105417982
HIHA,UP1015,105418004
HIHA,UP1015,105418029
HIHA,UP1015,105418041
HIHA,UP1015,105418047
HIHA,UP1015,105418098
HIHA,UP1015,105418165
HIHA,UP1015,105418190
HIHA,UP1015,105418260
HIHA,UP1015,105418280
HIHA,UP1015,105418314
HIHA,UP1015,105418337
HIHA,UP1015,105418339
HIHA,UP1015,105418417
HIHA,UP1015,105418457
HIHA,UP1015,105418465
HIHA,UP1015,105418468
HIHA,UP1015,105418559
HIHA,UP1015,105418560
HIHA,UP1015,105418585
HIHA,UP1015,105418618
HIHA,UP1015,105418633
HIHA,UP1015,105418648
HIHA,UP1015,105418655
HIHA,UP1015,105418711
HIHA,UP1015,105418715
HIHA,UP1015,105418716
HIHA,UP1015,105418737
HIHA,UP1015,105418752
HIHA,UP1015,105418763
HIHA,UP1015,105418767
HIHA,UP1015,105418779
HIHA,UP1015,105418792
HIHA,UP1015,105418841
HIHA,UP1015,105418865
HIHA,UP1015,105418939
HIHA,UP1015,105418952
HIHA,UP1015,105418987
HIHA,UP1015,105419023
HIHA,UP1015,105419032
HIHA,UP1015,105419033
HIHA,UP1015,105419056
HIHA,UP1015,105419137
HIHA,UP1015,105419145
HIHA,UP1015,105419208
HIHA,UP1015,105419222
HIHA,UP1015,105419239
HIHA,UP1015,105419249
HIHA,UP1015,105419307
HIHA,UP1015,105419382
HIHA,UP1015,105419460
HIHA,UP1015,105419491
HIHA,UP1015,105419538
HIHA,UP1015,105419578
HIHA,UP1015,105419605
HIHA,UP1015,105419608
HIHA,UP1015,105419621
HIHA,UP1015,105419717
HIHA,UP1015,105419735
HIHA,UP1015,105419752
HIHA,UP1015,105419771
HIHA,UP1015,105419848
HIHA,UP1015,105419873
HIHA,UP1015,105419876
HIHA,UP1015,105420044
HIHA,UP1015,105420125
HIHA,UP1015,105420133
HIHA,UP1015,105420134
HIHA,UP1015,105420137
HIHA,UP1015,105420145
HIHA,UP1015,105420213
HIHA,UP1015,105420218
HIHA,UP1015,105420248
HIHA,UP1015,105420265
HIHA,UP1015,105420297
HIHA,UP1015,105420303
HIHA,UP1015,105420341
HIHA,UP1015,105420365
HIHA,UP1015,105420415
HIHA,UP1015,105420418
HIHA,UP1015,105420427
HIHA,UP1015,105420440
HIHA,UP1015,105420441
HIHA,UP1015,105420443
HIHA,UP1015,105420497
HIHA,UP1015,105420500
HIHA,UP1015,105420507
HIHA,UP1015,105420634
HIHA,UP1015,105420660
HIHA,UP1015,105420699
HIHA,UP1015,105420772
HIHA,UP1015,105420873
HIHA,UP1015,105420877
HIHA,UP1015,105420922
HIHA,UP1015,105420933
HIHA,UP1015,105420941
HIHA,UP1015,105420957
HIHA,UP1015,105421011
HIHA,UP1015,105421047
HIHA,UP1015,105421065
HIHA,UP1015,105421082
HIHA,UP1015,105421110
HIHA,UP1015,105421193
HIHA,UP1015,105421206
HIHA,UP1015,105421220
HIHA,UP1015,105421246
HIHA,UP1015,105421262
HIHA,UP1015,105421271
HIHA,UP1015,105421339
HIHA,UP1015,105421417
HIHA,UP1015,105421440
HIHA,UP1015,105421511
HIHA,UP1015,105421535
HIHA,UP1015,105421540
HIHA,UP1015,105421640
HIHA,UP1015,105421663
HIHA,UP1015,105421677
HIHA,UP1015,105421706
HIHA,UP1015,105421788
HIHA,UP1015,105421833
HIHA,UP1015,105421856
HIHA,UP1015,105421871
HIHA,UP1015,105421937
HIHA,UP1015,105421990
HIHA,UP1015,105422022
HIHA,UP1015,105422053
HIHA,UP1015,105422061
HIHA,UP1015,105422104
HIHA,UP1015,105422119
HIHA,UP1015,105422129
HIHA,UP1015,105422142
HIHA,UP1015,105422204
HIHA,UP1015,105422243
HIHA,UP1015,105422265
HIHA,UP1015,105422268
HIHA,UP1015,105422272
HIHA,UP1015,105422294
HIHA,UP1015,105422298
HIHA,UP1015,105422387
HIHA,UP1015,105422406
HIHA,UP1015,105422416
HIHA,UP1015,105422431
HIHA,UP1015,105422453
HIHA,UP1015,105422457
HIHA,UP1015,105422470
HIHA,UP1015,105422523
HIHA,UP1015,105422547
HIHA,UP1015,105422563
HIHA,UP1015,105422573
HIHA,UP1015,105422620
HIHA,UP1015,105422731
HIHA,UP1015,105422761
HIHA,UP1015,105422776
HIHA,UP1015,105409611
HIHA,UP1015,105410767
HIHA,UP1015,105412656
HIHA,UP1015,105404435
HIHA,UP1015,105404497
HIHA,UP1015,105405493
HIHA,UP1015,105405607
HIHA,UP1015,105406029
HIHA,UP1015,105406217
HIHA,UP1015,105406875
HIHA,UP1015,105407298
HIHA,UP1015,105407420
HIHA,UP1015,105408226
HIHA,UP1015,105408341
HIHA,UP1015,105408779
HIHA,UP1015,105408849
HIHA,UP1015,105409349
HIHA,UP1015,105409931
HIHA,UP1015,105410135
HIHA,UP1015,105410366
HIHA,UP1015,105410434
HIHA,UP1015,105412669
HIHA,UP1015,105412998
HIHA,UP1015,105413296
HIHA,UP1015,105413306
HIHA,UP1015,105414519
HIHA,UP1015,105415182
HIHA,UP1015,105415215
HIHA,UP1015,105415978
HIHA,UP1015,105416108
HIHA,UP1015,105416812
HIHA,UP1015,105416947
HIHA,UP1015,105417602
HIHA,UP1015,105417717
HIHA,UP1015,105417803
HIHA,UP1015,105418120
HIHA,UP1015,105418812
HIHA,UP1015,105419507
HIHA,UP1015,105419870
HIHA,UP1015,105419972
HIHA,UP1015,105420421
HIHA,UP1015,105421135
HIHA,UP1015,105421238
HIHA,UP1015,105404311
HIHA,UP1015,105404677
HIHA,UP1015,105404836
HIHA,UP1015,105405088
HIHA,UP1015,105405273
HIHA,UP1015,105405613
HIHA,UP1015,105405647
HIHA,UP1015,105405925
HIHA,UP1015,105406906
HIHA,UP1015,105407471
HIHA,UP1015,105408046
HIHA,UP1015,105408385
HIHA,UP1015,105409766
HIHA,UP1015,105409900
HIHA,UP1015,105410014
HIHA,UP1015,105410833
HIHA,UP1015,105411852
HIHA,UP1015,105413039
HIHA,UP1015,105414459
HIHA,UP1015,105415140
HIHA,UP1015,105415441
HIHA,UP1015,105415780
HIHA,UP1015,105416620
HIHA,UP1015,105417059
HIHA,UP1015,105417343
HIHA,UP1015,105417875
HIHA,UP1015,105418051
HIHA,UP1015,105418590
HIHA,UP1015,105418718
HIHA,UP1015,105419030
HIHA,UP1015,105419218
HIHA,UP1015,105419345
HIHA,UP1015,105419468
HIHA,UP1015,105419630
HIHA,UP1015,105420112
HIHA,UP1015,105420253
HIHA,UP1015,105420394
HIHA,UP1015,105420743
HIHA,UP1015,105420942
HIHA,UP1015,105421190
HIHA,UP1015,105405134
HIHA,UP1015,105405636
HIHA,UP1015,105405977
HIHA,UP1015,105406095
HIHA,UP1015,105406197
HIHA,UP1015,105406426
HIHA,UP1015,105406990
HIHA,UP1015,105407037
HIHA,UP1015,105407629
HIHA,UP1015,105408049
HIHA,UP1015,105408532
HIHA,UP1015,105411865
HIHA,UP1015,105411920
HIHA,UP1015,105412667
HIHA,UP1015,105412822
HIHA,UP1015,105414048
HIHA,UP1015,105414074
HIHA,UP1015,105414698
HIHA,UP1015,105414767
HIHA,UP1015,105414804
HIHA,UP1015,105415038
HIHA,UP1015,105415580
HIHA,UP1015,105415790
HIHA,UP1015,105415826
HIHA,UP1015,105416327
HIHA,UP1015,105416634
HIHA,UP1015,105417885
HIHA,UP1015,105418242
HIHA,UP1015,105418768
HIHA,UP1015,105418787
HIHA,UP1015,105418941
HIHA,UP1015,105419182
HIHA,UP1015,105419252
HIHA,UP1015,105419426
HIHA,UP1015,105419475
HIHA,UP1015,105419872
HIHA,UP1015,105420030
HIHA,UP1015,105420106
HIHA,UP1015,105420152
HIHA,UP1015,105422710
HIHA,UP1015,105404401
HIHA,UP1015,105405518
HIHA,UP1015,105405820
HIHA,UP1015,105405835
HIHA,UP1015,105405984
HIHA,UP1015,105406100
HIHA,UP1015,105406102
HIHA,UP1015,105406123
HIHA,UP1015,105406317
HIHA,UP1015,105406391
HIHA,UP1015,105407648
HIHA,UP1015,105407738
HIHA,UP1015,105407796
HIHA,UP1015,105409145
HIHA,UP1015,105409248
HIHA,UP1015,105410251
HIHA,UP1015,105410595
HIHA,UP1015,105410644
HIHA,UP1015,105411164
HIHA,UP1015,105411411
HIHA,UP1015,105412432
HIHA,UP1015,105412516
HIHA,UP1015,105412531
HIHA,UP1015,105412936
HIHA,UP1015,105413550
HIHA,UP1015,105414190
HIHA,UP1015,105414617
HIHA,UP1015,105414892
HIHA,UP1015,105415771
HIHA,UP1015,105415804
HIHA,UP1015,105416172
HIHA,UP1015,105416358
HIHA,UP1015,105416530
HIHA,UP1015,105416932
HIHA,UP1015,105418964
HIHA,UP1015,105419352
HIHA,UP1015,105419559
HIHA,UP1015,105421549
HIHA,UP1015,105421659
HIHA,UP1015,105422151
HIHA,UP1015,105404636
HIHA,UP1015,105404754
HIHA,UP1015,105405369
HIHA,UP1015,105405372
HIHA,UP1015,105405891
HIHA,UP1015,105407154
HIHA,UP1015,105407294
HIHA,UP1015,105407950
HIHA,UP1015,105408325
HIHA,UP1015,105409530
HIHA,UP1015,105409730
HIHA,UP1015,105409935
HIHA,UP1015,105410134
HIHA,UP1015,105410768
HIHA,UP1015,105411047
HIHA,UP1015,105411194
HIHA,UP1015,105411798
HIHA,UP1015,105412056
HIHA,UP1015,105413303
HIHA,UP1015,105413747
HIHA,UP1015,105413940
HIHA,UP1015,105414292
HIHA,UP1015,105415088
HIHA,UP1015,105415545
HIHA,UP1015,105415612
HIHA,UP1015,105416092
HIHA,UP1015,105416589
HIHA,UP1015,105416739
HIHA,UP1015,105417132
HIHA,UP1015,105417499
HIHA,UP1015,105417773
HIHA,UP1015,105418191
HIHA,UP1015,105418420
HIHA,UP1015,105418496
HIHA,UP1015,105418851
HIHA,UP1015,105418877
HIHA,UP1015,105419942
HIHA,UP1015,105422639
HIHA,UP1015,105422649
HIHA,UP1015,105422769
HIHA,UP1015,105405856
HIHA,UP1015,105406141
HIHA,UP1015,105406972
HIHA,UP1015,105408948
HIHA,UP1015,105410665
HIHA,UP1015,105411575
HIHA,UP1015,105411681
HIHA,UP1015,105412028
HIHA,UP1015,105412592
HIHA,UP1015,105414975
HIHA,UP1015,105416849
HIHA,UP1015,105417067
HIHA,UP1015,105419599
HIHA,UP1015,105420945
HIHA,UP1015,105404273
HIHA,UP1015,105404946
HIHA,UP1015,105405160
HIHA,UP1015,105409733
HIHA,UP1015,105410949
HIHA,UP1015,105412555
HIHA,UP1015,105413959
HIHA,UP1015,105414836
HIHA,UP1015,105418379
HIHA,UP1015,105418401
HIHA,UP1015,105419021
HIHA,UP1015,105419398
HIHA,UP1015,105421177
HIHA,UP1015,105404834
HIHA,UP1015,105405249
HIHA,UP1015,105405467
HIHA,UP1015,105409752
HIHA,UP1015,105409928
HIHA,UP1015,105410026
HIHA,UP1015,105410167
HIHA,UP1015,105411466
HIHA,UP1015,105413168
HIHA,UP1015,105413602
HIHA,UP1015,105414046
HIHA,UP1015,105414163
HIHA,UP1015,105414218
HIHA,UP1015,105414680
HIHA,UP1015,105415603
HIHA,UP1015,105416668
HIHA,UP1015,105416751
HIHA,UP1015,105417316
HIHA,UP1015,105417632
HIHA,UP1015,105417772
HIHA,UP1015,105417831
HIHA,UP1015,105417951
HIHA,UP1015,105418858
HIHA,UP1015,105419049
HIHA,UP1015,105419736
HIHA,UP1015,105421205
HIHA,UP1015,105421774
HIHA,UP1015,105422495
HIHA,UP1015,105407623
HIHA,UP1015,105409895
HIHA,UP1015,105410186
HIHA,UP1015,105414586
HIHA,UP1017,105422802
HIHA,UP1017,105422901
HIHA,UP1017,105422914
HIHA,UP1017,105422972
HIHA,UP1017,105423040
HIHA,UP1017,105423079
HIHA,UP1017,105423088
HIHA,UP1017,105423104
HIHA,UP1017,105423132
HIHA,UP1017,105423150
HIHA,UP1017,105423158
HIHA,UP1017,105423192
HIHA,UP1017,105423195
HIHA,UP1017,105423238
HIHA,UP1017,105423262
HIHA,UP1017,105423268
HIHA,UP1017,105423294
HIHA,UP1017,105423301
HIHA,UP1017,105423305
HIHA,UP1017,105423356
HIHA,UP1017,105423418
HIHA,UP1017,105423427
HIHA,UP1017,105423518
HIHA,UP1017,105423595
HIHA,UP1017,105423603
HIHA,UP1017,105423639
HIHA,UP1017,105423767
HIHA,UP1017,105423792
HIHA,UP1017,105423805
HIHA,UP1017,105423840
HIHA,UP1017,105423855
HIHA,UP1017,105423865
HIHA,UP1017,105423867
HIHA,UP1017,105423994
HIHA,UP1017,105424020
HIHA,UP1017,105424023
HIHA,UP1017,105424036
HIHA,UP1017,105424058
HIHA,UP1017,105424144
HIHA,UP1017,105424157
HIHA,UP1017,105424219
HIHA,UP1017,105424240
HIHA,UP1017,105424273
HIHA,UP1017,105424295
HIHA,UP1017,105424303
HIHA,UP1017,105424305
HIHA,UP1017,105424332
HIHA,UP1017,105424376
HIHA,UP1017,105424447
HIHA,UP1017,105424460
HIHA,UP1017,105424467
HIHA,UP1017,105424528
HIHA,UP1017,105424536
HIHA,UP1017,105424555
HIHA,UP1017,105424588
HIHA,UP1017,105424594
HIHA,UP1017,105424620
HIHA,UP1017,105424629
HIHA,UP1017,105424641
HIHA,UP1017,105424653
HIHA,UP1017,105424656
HIHA,UP1017,105424692
HIHA,UP1017,105424694
HIHA,UP1017,105424756
HIHA,UP1017,105424758
HIHA,UP1017,105424765
HIHA,UP1017,105424773
HIHA,UP1017,105424784
HIHA,UP1017,105424786
HIHA,UP1017,105424825
HIHA,UP1017,105424905
HIHA,UP1017,105424931
HIHA,UP1017,105424957
HIHA,UP1017,105424963
HIHA,UP1017,105424986
HIHA,UP1017,105425000
HIHA,UP1017,105425050
HIHA,UP1017,105425061
HIHA,UP1017,105425121
HIHA,UP1017,105425125
HIHA,UP1017,105425129
HIHA,UP1017,105425187
HIHA,UP1017,105425193
HIHA,UP1017,105425224
HIHA,UP1017,105425241
HIHA,UP1017,105425365
HIHA,UP1017,105425411
HIHA,UP1017,105425414
HIHA,UP1017,105425430
HIHA,UP1017,105425454
HIHA,UP1017,105425458
HIHA,UP1017,105425471
HIHA,UP1017,105425531
HIHA,UP1017,105425539
HIHA,UP1017,105425540
HIHA,UP1017,105425602
HIHA,UP1017,105425681
HIHA,UP1017,105425703
HIHA,UP1017,105425724
HIHA,UP1017,105425778
HIHA,UP1017,105425784
HIHA,UP1017,105425795
HIHA,UP1017,105425803
HIHA,UP1017,105425812
HIHA,UP1017,105425865
HIHA,UP1017,105425911
HIHA,UP1017,105425949
HIHA,UP1017,105425968
HIHA,UP1017,105425971
HIHA,UP1017,105425994
HIHA,UP1017,105426024
HIHA,UP1017,105426048
HIHA,UP1017,105426073
HIHA,UP1017,105426100
HIHA,UP1017,105426102
HIHA,UP1017,105426108
HIHA,UP1017,105426109
HIHA,UP1017,105426113
HIHA,UP1017,105426154
HIHA,UP1017,105426156
HIHA,UP1017,105426157
HIHA,UP1017,105426165
HIHA,UP1017,105426193
HIHA,UP1017,105426212
HIHA,UP1017,105426217
HIHA,UP1017,105426234
HIHA,UP1017,105426241
HIHA,UP1017,105426245
HIHA,UP1017,105426259
HIHA,UP1017,105426274
HIHA,UP1017,105426286
HIHA,UP1017,105426306
HIHA,UP1017,105426307
HIHA,UP1017,105426368
HIHA,UP1017,105426400
HIHA,UP1017,105426423
HIHA,UP1017,105426427
HIHA,UP1017,105426453
HIHA,UP1017,105426460
HIHA,UP1017,105426493
HIHA,UP1017,105426576
HIHA,UP1017,105426588
HIHA,UP1017,105426634
HIHA,UP1017,105426643
HIHA,UP1017,105426685
HIHA,UP1017,105426692
HIHA,UP1017,105426695
HIHA,UP1017,105426702
HIHA,UP1017,105426716
HIHA,UP1017,105426735
HIHA,UP1017,105426778
HIHA,UP1017,105426827
HIHA,UP1017,105426840
HIHA,UP1017,105426841
HIHA,UP1017,105426850
HIHA,UP1017,105426873
HIHA,UP1017,105426895
HIHA,UP1017,105426921
HIHA,UP1017,105426938
HIHA,UP1017,105426949
HIHA,UP1017,105426966
HIHA,UP1017,105427004
HIHA,UP1017,105427016
HIHA,UP1017,105427029
HIHA,UP1017,105427041
HIHA,UP1017,105427055
HIHA,UP1017,105427097
HIHA,UP1017,105427148
HIHA,UP1017,105427183
HIHA,UP1017,105427194
HIHA,UP1017,105427222
HIHA,UP1017,105427241
HIHA,UP1017,105427278
HIHA,UP1017,105427288
HIHA,UP1017,105427389
HIHA,UP1017,105427421
HIHA,UP1017,105427452
HIHA,UP1017,105427454
HIHA,UP1017,105427473
HIHA,UP1017,105427492
HIHA,UP1017,105427528
HIHA,UP1017,105427535
HIHA,UP1017,105427563
HIHA,UP1017,105427585
HIHA,UP1017,105427586
HIHA,UP1017,105427587
HIHA,UP1017,105427594
HIHA,UP1017,105427600
HIHA,UP1017,105427631
HIHA,UP1017,105427671
HIHA,UP1017,105427675
HIHA,UP1017,105427693
HIHA,UP1017,105427708
HIHA,UP1017,105427729
HIHA,UP1017,105427750
HIHA,UP1017,105427774
HIHA,UP1017,105427791
HIHA,UP1017,105427858
HIHA,UP1017,105427863
HIHA,UP1017,105427939
HIHA,UP1017,105427942
HIHA,UP1017,105427970
HIHA,UP1017,105427972
HIHA,UP1017,105428036
HIHA,UP1017,105428086
HIHA,UP1017,105428112
HIHA,UP1017,105428201
HIHA,UP1017,105428256
HIHA,UP1017,105428295
HIHA,UP1017,105428327
HIHA,UP1017,105428367
HIHA,UP1017,105428399
HIHA,UP1017,105428405
HIHA,UP1017,105428423
HIHA,UP1017,105428464
HIHA,UP1017,105428484
HIHA,UP1017,105428492
HIHA,UP1017,105428504
HIHA,UP1017,105428569
HIHA,UP1017,105428591
HIHA,UP1017,105428605
HIHA,UP1017,105428660
HIHA,UP1017,105428678
HIHA,UP1017,105428697
HIHA,UP1017,105428774
HIHA,UP1017,105428778
HIHA,UP1017,105428783
HIHA,UP1017,105428785
HIHA,UP1017,105428787
HIHA,UP1017,105428800
HIHA,UP1017,105428848
HIHA,UP1017,105428866
HIHA,UP1017,105428876
HIHA,UP1017,105428910
HIHA,UP1017,105428930
HIHA,UP1017,105428965
HIHA,UP1017,105428995
HIHA,UP1017,105429089
HIHA,UP1017,105429095
HIHA,UP1017,105429131
HIHA,UP1017,105429280
HIHA,UP1017,105429295
HIHA,UP1017,105429340
HIHA,UP1017,105429343
HIHA,UP1017,105429452
HIHA,UP1017,105429563
HIHA,UP1017,105429716
HIHA,UP1017,105429725
HIHA,UP1017,105429768
HIHA,UP1017,105429844
HIHA,UP1017,105429890
HIHA,UP1017,105429897
HIHA,UP1017,105429911
HIHA,UP1017,105429924
HIHA,UP1017,105429930
HIHA,UP1017,105429959
HIHA,UP1017,105429979
HIHA,UP1017,105429983
HIHA,UP1017,105430010
HIHA,UP1017,105430029
HIHA,UP1017,105430090
HIHA,UP1017,105430163
HIHA,UP1017,105430170
HIHA,UP1017,105430176
HIHA,UP1017,105430202
HIHA,UP1017,105430213
HIHA,UP1017,105430231
HIHA,UP1017,105430288
HIHA,UP1017,105430300
HIHA,UP1017,105430334
HIHA,UP1017,105430336
HIHA,UP1017,105430351
HIHA,UP1017,105430379
HIHA,UP1017,105430400
HIHA,UP1017,105430403
HIHA,UP1017,105430414
HIHA,UP1017,105430442
HIHA,UP1017,105430557
HIHA,UP1017,105430766
HIHA,UP1017,105430768
HIHA,UP1017,105430782
HIHA,UP1017,105430805
HIHA,UP1017,105430817
HIHA,UP1017,105430846
HIHA,UP1017,105430864
HIHA,UP1017,105430880
HIHA,UP1017,105430920
HIHA,UP1017,105430965
HIHA,UP1017,105431026
HIHA,UP1017,105431044
HIHA,UP1017,105431051
HIHA,UP1017,105431149
HIHA,UP1017,105431181
HIHA,UP1017,105431194
HIHA,UP1017,105431203
HIHA,UP1017,105431256
HIHA,UP1017,105431269
HIHA,UP1017,105431274
HIHA,UP1017,105431282
HIHA,UP1017,105431285
HIHA,UP1017,105431335
HIHA,UP1017,105431362
HIHA,UP1017,105431387
HIHA,UP1017,105431404
HIHA,UP1017,105431417
HIHA,UP1017,105431444
HIHA,UP1017,105431468
HIHA,UP1017,105431529
HIHA,UP1017,105431576
HIHA,UP1017,105431605
HIHA,UP1017,105431645
HIHA,UP1017,105431646
HIHA,UP1017,105431698
HIHA,UP1017,105431709
HIHA,UP1017,105431770
HIHA,UP1017,105431783
HIHA,UP1017,105431789
HIHA,UP1017,105431793
HIHA,UP1017,105431811
HIHA,UP1017,105431888
HIHA,UP1017,105432001
HIHA,UP1017,105432025
HIHA,UP1017,105432046
HIHA,UP1017,105432107
HIHA,UP1017,105432113
HIHA,UP1017,105432130
HIHA,UP1017,105432152
HIHA,UP1017,105432186
HIHA,UP1017,105432204
HIHA,UP1017,105432221
HIHA,UP1017,105432229
HIHA,UP1017,105432247
HIHA,UP1017,105432254
HIHA,UP1017,105432262
HIHA,UP1017,105432291
HIHA,UP1017,105432329
HIHA,UP1017,105432344
HIHA,UP1017,105432365
HIHA,UP1017,105432474
HIHA,UP1017,105432528
HIHA,UP1017,105432533
HIHA,UP1017,105432535
HIHA,UP1017,105432538
HIHA,UP1017,105432544
HIHA,UP1017,105432586
HIHA,UP1017,105432631
HIHA,UP1017,105432653
HIHA,UP1017,105432670
HIHA,UP1017,105432718
HIHA,UP1017,105432739
HIHA,UP1017,105432746
HIHA,UP1017,105432773
HIHA,UP1017,105432775
HIHA,UP1017,105432912
HIHA,UP1017,105432938
HIHA,UP1017,105432944
HIHA,UP1017,105432959
HIHA,UP1017,105433080
HIHA,UP1017,105433120
HIHA,UP1017,105433131
HIHA,UP1017,105433139
HIHA,UP1017,105433222
HIHA,UP1017,105433250
HIHA,UP1017,105433268
HIHA,UP1017,105433317
HIHA,UP1017,105433437
HIHA,UP1017,105433471
HIHA,UP1017,105433539
HIHA,UP1017,105433545
HIHA,UP1017,105433553
HIHA,UP1017,105433584
HIHA,UP1017,105433612
HIHA,UP1017,105433618
HIHA,UP1017,105433647
HIHA,UP1017,105433673
HIHA,UP1017,105433777
HIHA,UP1017,105433822
HIHA,UP1017,105433892
HIHA,UP1017,105433924
HIHA,UP1017,105433947
HIHA,UP1017,105433952
HIHA,UP1017,105434067
HIHA,UP1017,105434092
HIHA,UP1017,105434094
HIHA,UP1017,105434141
HIHA,UP1017,105434150
HIHA,UP1017,105434343
HIHA,UP1017,105434381
HIHA,UP1017,105434410
HIHA,UP1017,105434425
HIHA,UP1017,105434428
HIHA,UP1017,105434444
HIHA,UP1017,105434482
HIHA,UP1017,105434516
HIHA,UP1017,105434525
HIHA,UP1017,105434637
HIHA,UP1017,105434640
HIHA,UP1017,105434641
HIHA,UP1017,105434658
HIHA,UP1017,105434683
HIHA,UP1017,105434707
HIHA,UP1017,105434721
HIHA,UP1017,105434754
HIHA,UP1017,105434798
HIHA,UP1017,105434806
HIHA,UP1017,105434816
HIHA,UP1017,105434823
HIHA,UP1017,105434824
HIHA,UP1017,105434834
HIHA,UP1017,105434928
HIHA,UP1017,105434948
HIHA,UP1017,105434956
HIHA,UP1017,105434986
HIHA,UP1017,105434990
HIHA,UP1017,105435033
HIHA,UP1017,105435133
HIHA,UP1017,105435169
HIHA,UP1017,105435221
HIHA,UP1017,105435225
HIHA,UP1017,105435229
HIHA,UP1017,105435257
HIHA,UP1017,105435259
HIHA,UP1017,105435266
HIHA,UP1017,105435313
HIHA,UP1017,105435338
HIHA,UP1017,105435374
HIHA,UP1017,105435385
HIHA,UP1017,105435421
HIHA,UP1017,105435449
HIHA,UP1017,105435469
HIHA,UP1017,105435476
HIHA,UP1017,105435481
HIHA,UP1017,105435487
HIHA,UP1017,105435488
HIHA,UP1017,105435504
HIHA,UP1017,105435519
HIHA,UP1017,105435536
HIHA,UP1017,105435594
HIHA,UP1017,105435614
HIHA,UP1017,105435628
HIHA,UP1017,105435631
HIHA,UP1017,105435642
HIHA,UP1017,105435672
HIHA,UP1017,105435685
HIHA,UP1017,105435743
HIHA,UP1017,105435766
HIHA,UP1017,105435778
HIHA,UP1017,105435797
HIHA,UP1017,105435806
HIHA,UP1017,105435847
HIHA,UP1017,105435864
HIHA,UP1017,105435884
HIHA,UP1017,105435910
HIHA,UP1017,105436008
HIHA,UP1017,105436049
HIHA,UP1017,105436148
HIHA,UP1017,105436168
HIHA,UP1017,105436224
HIHA,UP1017,105436230
HIHA,UP1017,105436243
HIHA,UP1017,105436261
HIHA,UP1017,105436288
HIHA,UP1017,105436293
HIHA,UP1017,105436318
HIHA,UP1017,105436345
HIHA,UP1017,105436377
HIHA,UP1017,105436410
HIHA,UP1017,105436434
HIHA,UP1017,105436437
HIHA,UP1017,105436508
HIHA,UP1017,105436542
HIHA,UP1017,105436559
HIHA,UP1017,105436561
HIHA,UP1017,105436567
HIHA,UP1017,105436599
HIHA,UP1017,105436609
HIHA,UP1017,105436627
HIHA,UP1017,105436649
HIHA,UP1017,105436683
HIHA,UP1017,105436705
HIHA,UP1017,105436749
HIHA,UP1017,105436750
HIHA,UP1017,105436764
HIHA,UP1017,105436780
HIHA,UP1017,105436796
HIHA,UP1017,105436848
HIHA,UP1017,105436910
HIHA,UP1017,105436920
HIHA,UP1017,105436927
HIHA,UP1017,105436950
HIHA,UP1017,105437014
HIHA,UP1017,105437043
HIHA,UP1017,105437087
HIHA,UP1017,105437107
HIHA,UP1017,105437125
HIHA,UP1017,105437136
HIHA,UP1017,105437146
HIHA,UP1017,105437160
HIHA,UP1017,105437215
HIHA,UP1017,105437261
HIHA,UP1017,105437274
HIHA,UP1017,105437279
HIHA,UP1017,105437299
HIHA,UP1017,105437301
HIHA,UP1017,105437321
HIHA,UP1017,105437327
HIHA,UP1017,105437337
HIHA,UP1017,105437372
HIHA,UP1017,105437388
HIHA,UP1017,105437392
HIHA,UP1017,105437402
HIHA,UP1017,105437415
HIHA,UP1017,105437424
HIHA,UP1017,105437431
HIHA,UP1017,105437509
HIHA,UP1017,105437529
HIHA,UP1017,105437577
HIHA,UP1017,105437587
HIHA,UP1017,105437651
HIHA,UP1017,105437659
HIHA,UP1017,105437663
HIHA,UP1017,105437749
HIHA,UP1017,105437754
HIHA,UP1017,105437763
HIHA,UP1017,105437781
HIHA,UP1017,105437791
HIHA,UP1017,105437795
HIHA,UP1017,105437800
HIHA,UP1017,105437808
HIHA,UP1017,105437818
HIHA,UP1017,105437823
HIHA,UP1017,105437833
HIHA,UP1017,105437847
HIHA,UP1017,105437883
HIHA,UP1017,105437903
HIHA,UP1017,105437917
HIHA,UP1017,105437948
HIHA,UP1017,105437968
HIHA,UP1017,105438014
HIHA,UP1017,105438026
HIHA,UP1017,105438052
HIHA,UP1017,105438067
HIHA,UP1017,105438104
HIHA,UP1017,105438105
HIHA,UP1017,105438156
HIHA,UP1017,105438160
HIHA,UP1017,105438172
HIHA,UP1017,105438197
HIHA,UP1017,105438266
HIHA,UP1017,105438327
HIHA,UP1017,105438334
HIHA,UP1017,105438439
HIHA,UP1017,105438459
HIHA,UP1017,105438489
HIHA,UP1017,105438496
HIHA,UP1017,105438520
HIHA,UP1017,105438536
HIHA,UP1017,105438590
HIHA,UP1017,105438607
HIHA,UP1017,105438622
HIHA,UP1017,105438655
HIHA,UP1017,105438715
HIHA,UP1017,105438726
HIHA,UP1017,105438738
HIHA,UP1017,105438768
HIHA,UP1017,105438780
HIHA,UP1017,105438784
HIHA,UP1017,105438789
HIHA,UP1017,105438814
HIHA,UP1017,105438861
HIHA,UP1017,105438887
HIHA,UP1017,105438904
HIHA,UP1017,105438920
HIHA,UP1017,105438962
HIHA,UP1017,105438968
HIHA,UP1017,105438996
HIHA,UP1017,105439009
HIHA,UP1017,105439013
HIHA,UP1017,105439042
HIHA,UP1017,105439053
HIHA,UP1017,105439093
HIHA,UP1017,105439155
HIHA,UP1017,105439176
HIHA,UP1017,105439207
HIHA,UP1017,105439214
HIHA,UP1017,105439263
HIHA,UP1017,105439345
HIHA,UP1017,105439346
HIHA,UP1017,105439393
HIHA,UP1017,105439475
HIHA,UP1017,105439485
HIHA,UP1017,105439488
HIHA,UP1017,105439494
HIHA,UP1017,105439505
HIHA,UP1017,105439565
HIHA,UP1017,105439576
HIHA,UP1017,105439577
HIHA,UP1017,105439582
HIHA,UP1017,105439591
HIHA,UP1017,105439641
HIHA,UP1017,105426299
HIHA,UP1017,105428956
HIHA,UP1017,105429847
HIHA,UP1017,105430083
HIHA,UP1017,105431755
HIHA,UP1017,105432414
HIHA,UP1017,105432754
HIHA,UP1017,105433544
HIHA,UP1017,105436831
HIHA,UP1017,105437110
HIHA,UP1017,105437438
HIHA,UP1017,105422943
HIHA,UP1017,105423774
HIHA,UP1017,105423940
HIHA,UP1017,105423968
HIHA,UP1017,105424271
HIHA,UP1017,105424872
HIHA,UP1017,105424952
HIHA,UP1017,105426026
HIHA,UP1017,105426470
HIHA,UP1017,105426546
HIHA,UP1017,105427124
HIHA,UP1017,105427191
HIHA,UP1017,105427742
HIHA,UP1017,105428269
HIHA,UP1017,105428398
HIHA,UP1017,105428570
HIHA,UP1017,105428622
HIHA,UP1017,105428882
HIHA,UP1017,105429247
HIHA,UP1017,105429306
HIHA,UP1017,105429702
HIHA,UP1017,105430108
HIHA,UP1017,105430181
HIHA,UP1017,105430502
HIHA,UP1017,105430703
HIHA,UP1017,105431054
HIHA,UP1017,105431236
HIHA,UP1017,105431391
HIHA,UP1017,105431548
HIHA,UP1017,105432454
HIHA,UP1017,105432479
HIHA,UP1017,105432805
HIHA,UP1017,105432869
HIHA,UP1017,105432911
HIHA,UP1017,105434418
HIHA,UP1017,105437983
HIHA,UP1017,105438249
HIHA,UP1017,105438835
HIHA,UP1017,105439196
HIHA,UP1017,105439267
HIHA,UP1017,105422876
HIHA,UP1017,105423772
HIHA,UP1017,105423886
HIHA,UP1017,105424464
HIHA,UP1017,105424522
HIHA,UP1017,105425635
HIHA,UP1017,105425898
HIHA,UP1017,105426120
HIHA,UP1017,105427498
HIHA,UP1017,105427876
HIHA,UP1017,105428700
HIHA,UP1017,105428887
HIHA,UP1017,105428915
HIHA,UP1017,105429537
HIHA,UP1017,105429925
HIHA,UP1017,105430035
HIHA,UP1017,105431106
HIHA,UP1017,105431419
HIHA,UP1017,105431803
HIHA,UP1017,105432002
HIHA,UP1017,105432066
HIHA,UP1017,105432138
HIHA,UP1017,105433026
HIHA,UP1017,105433112
HIHA,UP1017,105433690
HIHA,UP1017,105434044
HIHA,UP1017,105434483
HIHA,UP1017,105434851
HIHA,UP1017,105435762
HIHA,UP1017,105436459
HIHA,UP1017,105436644
HIHA,UP1017,105436921
HIHA,UP1017,105437139
HIHA,UP1017,105437506
HIHA,UP1017,105437542
HIHA,UP1017,105438132
HIHA,UP1017,105439154
HIHA,UP1017,105439322
HIHA,UP1017,105439378
HIHA,UP1017,105439526
HIHA,UP1017,105423082
HIHA,UP1017,105423239
HIHA,UP1017,105423453
HIHA,UP1017,105423664
HIHA,UP1017,105423915
HIHA,UP1017,105424632
HIHA,UP1017,105424808
HIHA,UP1017,105425384
HIHA,UP1017,105425858
HIHA,UP1017,105426148
HIHA,UP1017,105426468
HIHA,UP1017,105426583
HIHA,UP1017,105426601
HIHA,UP1017,105426866
HIHA,UP1017,105427608
HIHA,UP1017,105427685
HIHA,UP1017,105428035
HIHA,UP1017,105428363
HIHA,UP1017,105429074
HIHA,UP1017,105429112
HIHA,UP1017,105429191
HIHA,UP1017,105429676
HIHA,UP1017,105430024
HIHA,UP1017,105430114
HIHA,UP1017,105431918
HIHA,UP1017,105432239
HIHA,UP1017,105432956
HIHA,UP1017,105434051
HIHA,UP1017,105434142
HIHA,UP1017,105434144
HIHA,UP1017,105434236
HIHA,UP1017,105434993
HIHA,UP1017,105436500
HIHA,UP1017,105436560
HIHA,UP1017,105437348
HIHA,UP1017,105437897
HIHA,UP1017,105438286
HIHA,UP1017,105438310
HIHA,UP1017,105438635
HIHA,UP1017,105438977
HIHA,UP1017,105422855
HIHA,UP1017,105423201
HIHA,UP1017,105423248
HIHA,UP1017,105423568
HIHA,UP1017,105423806
HIHA,UP1017,105423953
HIHA,UP1017,105424897
HIHA,UP1017,105426513
HIHA,UP1017,105426569
HIHA,UP1017,105427151
HIHA,UP1017,105428886
HIHA,UP1017,105429128
HIHA,UP1017,105429310
HIHA,UP1017,105429351
HIHA,UP1017,105429403
HIHA,UP1017,105429494
HIHA,UP1017,105430346
HIHA,UP1017,105431049
HIHA,UP1017,105431511
HIHA,UP1017,105431669
HIHA,UP1017,105431758
HIHA,UP1017,105431809
HIHA,UP1017,105432455
HIHA,UP1017,105432554
HIHA,UP1017,105432987
HIHA,UP1017,105433419
HIHA,UP1017,105433911
HIHA,UP1017,105433996
HIHA,UP1017,105434430
HIHA,UP1017,105434544
HIHA,UP1017,105435499
HIHA,UP1017,105435515
HIHA,UP1017,105435690
HIHA,UP1017,105435740
HIHA,UP1017,105436003
HIHA,UP1017,105436114
HIHA,UP1017,105436606
HIHA,UP1017,105436893
HIHA,UP1017,105437544
HIHA,UP1017,105439131
HIHA,UP1017,105423207
HIHA,UP1017,105424936
HIHA,UP1017,105425333
HIHA,UP1017,105425610
HIHA,UP1017,105425804
HIHA,UP1017,105426219
HIHA,UP1017,105426802
HIHA,UP1017,105426870
HIHA,UP1017,105426917
HIHA,UP1017,105427033
HIHA,UP1017,105427231
HIHA,UP1017,105427771
HIHA,UP1017,105428051
HIHA,UP1017,105429811
HIHA,UP1017,105430136
HIHA,UP1017,105430923
HIHA,UP1017,105430977
HIHA,UP1017,105431008
HIHA,UP1017,105431059
HIHA,UP1017,105431346
HIHA,UP1017,105431397
HIHA,UP1017,105431469
HIHA,UP1017,105432044
HIHA,UP1017,105432404
HIHA,UP1017,105432551
HIHA,UP1017,105432690
HIHA,UP1017,105432953
HIHA,UP1017,105432972
HIHA,UP1017,105433118
HIHA,UP1017,105433299
HIHA,UP1017,105433805
HIHA,UP1017,105433974
HIHA,UP1017,105434530
HIHA,UP1017,105435411
HIHA,UP1017,105437658
HIHA,UP1017,105437745
HIHA,UP1017,105438337
HIHA,UP1017,105438733
HIHA,UP1017,105439136
HIHA,UP1017,105439175
HIHA,UP1017,105423441
HIHA,UP1017,105425304
HIHA,UP1017,105426041
HIHA,UP1017,105426376
HIHA,UP1017,105427110
HIHA,UP1017,105427732
HIHA,UP1017,105428856
HIHA,UP1017,105428945
HIHA,UP1017,105432300
HIHA,UP1017,105434181
HIHA,UP1017,105434310
HIHA,UP1017,105435816
HIHA,UP1017,105437864
HIHA,UP1017,105439554
HIHA,UP1017,105423359
HIHA,UP1017,105425637
HIHA,UP1017,105425775
HIHA,UP1017,105427953
HIHA,UP1017,105430651
HIHA,UP1017,105431268
HIHA,UP1017,105432922
HIHA,UP1017,105437216
HIHA,UP1017,105437316
HIHA,UP1017,105437635
HIHA,UP1017,105423087
HIHA,UP1017,105423583
HIHA,UP1017,105424166
HIHA,UP1017,105424315
HIHA,UP1017,105424434
HIHA,UP1017,105424463
HIHA,UP1017,105424812
HIHA,UP1017,105425053
HIHA,UP1017,105425437
HIHA,UP1017,105425604
HIHA,UP1017,105426054
HIHA,UP1017,105426365
HIHA,UP1017,105426451
HIHA,UP1017,105428182
HIHA,UP1017,105429393
HIHA,UP1017,105429402
HIHA,UP1017,105429443
HIHA,UP1017,105429663
HIHA,UP1017,105429907
HIHA,UP1017,105431477
HIHA,UP1017,105431766
HIHA,UP1017,105432011
HIHA,UP1017,105432352
HIHA,UP1017,105432750
HIHA,UP1017,105432978
HIHA,UP1017,105433280
HIHA,UP1017,105434379
HIHA,UP1017,105434856
HIHA,UP1017,105434896
HIHA,UP1017,105434991
HIHA,UP1017,105435632
HIHA,UP1017,105436926
HIHA,UP1017,105437303
HIHA,UP1017,105437386
HIHA,UP1017,105437652
HIHA,UP1017,105438736
HIHA,UP1017,105438765
HIHA,UP1017,105438992
HIHA,UP1017,105439105
HIHA,UP1017,105439203
HIHA,UP1017,105425138
HIHA,UP1021,105457167
HIHA,UP1021,105457178
HIHA,UP1021,105457181
HIHA,UP1021,105457186
HIHA,UP1021,105457212
HIHA,UP1021,105457225
HIHA,UP1021,105457259
HIHA,UP1021,105457270
HIHA,UP1021,105457321
HIHA,UP1021,105457325
HIHA,UP1021,105457370
HIHA,UP1021,105457372
HIHA,UP1021,105457380
HIHA,UP1021,105457381
HIHA,UP1021,105457441
HIHA,UP1021,105457495
HIHA,UP1021,105457508
HIHA,UP1021,105457544
HIHA,UP1021,105457551
HIHA,UP1021,105457559
HIHA,UP1021,105457573
HIHA,UP1021,105457585
HIHA,UP1021,105457619
HIHA,UP1021,105457626
HIHA,UP1021,105457632
HIHA,UP1021,105457721
HIHA,UP1021,105457745
HIHA,UP1021,105457757
HIHA,UP1021,105457780
HIHA,UP1021,105457786
HIHA,UP1021,105457805
HIHA,UP1021,105457811
HIHA,UP1021,105457843
HIHA,UP1021,105457896
HIHA,UP1021,105457905
HIHA,UP1021,105457911
HIHA,UP1021,105457948
HIHA,UP1021,105457961
HIHA,UP1021,105457963
HIHA,UP1021,105457976
HIHA,UP1021,105458000
HIHA,UP1021,105458069
HIHA,UP1021,105458099
HIHA,UP1021,105458128
HIHA,UP1021,105458228
HIHA,UP1021,105458252
HIHA,UP1021,105458272
HIHA,UP1021,105458277
HIHA,UP1021,105458302
HIHA,UP1021,105458420
HIHA,UP1021,105458429
HIHA,UP1021,105458441
HIHA,UP1021,105458443
HIHA,UP1021,105458484
HIHA,UP1021,105458492
HIHA,UP1021,105458522
HIHA,UP1021,105458606
HIHA,UP1021,105458632
HIHA,UP1021,105458638
HIHA,UP1021,105458646
HIHA,UP1021,105458700
HIHA,UP1021,105458722
HIHA,UP1021,105458737
HIHA,UP1021,105458760
HIHA,UP1021,105458807
HIHA,UP1021,105458819
HIHA,UP1021,105458823
HIHA,UP1021,105458835
HIHA,UP1021,105458900
HIHA,UP1021,105458962
HIHA,UP1021,105459015
HIHA,UP1021,105459025
HIHA,UP1021,105459053
HIHA,UP1021,105459105
HIHA,UP1021,105459117
HIHA,UP1021,105459181
HIHA,UP1021,105459190
HIHA,UP1021,105459278
HIHA,UP1021,105459290
HIHA,UP1021,105459305
HIHA,UP1021,105459317
HIHA,UP1021,105459330
HIHA,UP1021,105459357
HIHA,UP1021,105459384
HIHA,UP1021,105459418
HIHA,UP1021,105459430
HIHA,UP1021,105459437
HIHA,UP1021,105459538
HIHA,UP1021,105459579
HIHA,UP1021,105459598
HIHA,UP1021,105459605
HIHA,UP1021,105459653
HIHA,UP1021,105459677
HIHA,UP1021,105459712
HIHA,UP1021,105459716
HIHA,UP1021,105459747
HIHA,UP1021,105459750
HIHA,UP1021,105459752
HIHA,UP1021,105459754
HIHA,UP1021,105459769
HIHA,UP1021,105459785
HIHA,UP1021,105459799
HIHA,UP1021,105459853
HIHA,UP1021,105459856
HIHA,UP1021,105459865
HIHA,UP1021,105459889
HIHA,UP1021,105459907
HIHA,UP1021,105459914
HIHA,UP1021,105459921
HIHA,UP1021,105459925
HIHA,UP1021,105459945
HIHA,UP1021,105460024
HIHA,UP1021,105460028
HIHA,UP1021,105460042
HIHA,UP1021,105460048
HIHA,UP1021,105460052
HIHA,UP1021,105460072
HIHA,UP1021,105460094
HIHA,UP1021,105460098
HIHA,UP1021,105460118
HIHA,UP1021,105460139
HIHA,UP1021,105460142
HIHA,UP1021,105460188
HIHA,UP1021,105460195
HIHA,UP1021,105460227
HIHA,UP1021,105460229
HIHA,UP1021,105460240
HIHA,UP1021,105460245
HIHA,UP1021,105460306
HIHA,UP1021,105460310
HIHA,UP1021,105460420
HIHA,UP1021,105460481
HIHA,UP1021,105460490
HIHA,UP1021,105460552
HIHA,UP1021,105460558
HIHA,UP1021,105460587
HIHA,UP1021,105460607
HIHA,UP1021,105460639
HIHA,UP1021,105460644
HIHA,UP1021,105460762
HIHA,UP1021,105460803
HIHA,UP1021,105460842
HIHA,UP1021,105460846
HIHA,UP1021,105460864
HIHA,UP1021,105460890
HIHA,UP1021,105460916
HIHA,UP1021,105460987
HIHA,UP1021,105461013
HIHA,UP1021,105461018
HIHA,UP1021,105461060
HIHA,UP1021,105461079
HIHA,UP1021,105461118
HIHA,UP1021,105461136
HIHA,UP1021,105461149
HIHA,UP1021,105461201
HIHA,UP1021,105461217
HIHA,UP1021,105461236
HIHA,UP1021,105461242
HIHA,UP1021,105461301
HIHA,UP1021,105461340
HIHA,UP1021,105461399
HIHA,UP1021,105461418
HIHA,UP1021,105461450
HIHA,UP1021,105461496
HIHA,UP1021,105461528
HIHA,UP1021,105461546
HIHA,UP1021,105461550
HIHA,UP1021,105461586
HIHA,UP1021,105461596
HIHA,UP1021,105461625
HIHA,UP1021,105461658
HIHA,UP1021,105461668
HIHA,UP1021,105461694
HIHA,UP1021,105461710
HIHA,UP1021,105461752
HIHA,UP1021,105461769
HIHA,UP1021,105461812
HIHA,UP1021,105461823
HIHA,UP1021,105461853
HIHA,UP1021,105461879
HIHA,UP1021,105461894
HIHA,UP1021,105461897
HIHA,UP1021,105461898
HIHA,UP1021,105461961
HIHA,UP1021,105461973
HIHA,UP1021,105461974
HIHA,UP1021,105462018
HIHA,UP1021,105462024
HIHA,UP1021,105462025
HIHA,UP1021,105462028
HIHA,UP1021,105462059
HIHA,UP1021,105462063
HIHA,UP1021,105462072
HIHA,UP1021,105462076
HIHA,UP1021,105462082
HIHA,UP1021,105462143
HIHA,UP1021,105462146
HIHA,UP1021,105462149
HIHA,UP1021,105462156
HIHA,UP1021,105462187
HIHA,UP1021,105462199
HIHA,UP1021,105462209
HIHA,UP1021,105462224
HIHA,UP1021,105462232
HIHA,UP1021,105462253
HIHA,UP1021,105462317
HIHA,UP1021,105462327
HIHA,UP1021,105462410
HIHA,UP1021,105462451
HIHA,UP1021,105462473
HIHA,UP1021,105462501
HIHA,UP1021,105462512
HIHA,UP1021,105462555
HIHA,UP1021,105462561
HIHA,UP1021,105462566
HIHA,UP1021,105462600
HIHA,UP1021,105462607
HIHA,UP1021,105462648
HIHA,UP1021,105462657
HIHA,UP1021,105462671
HIHA,UP1021,105462718
HIHA,UP1021,105462725
HIHA,UP1021,105462780
HIHA,UP1021,105462784
HIHA,UP1021,105462827
HIHA,UP1021,105462865
HIHA,UP1021,105462890
HIHA,UP1021,105462891
HIHA,UP1021,105462914
HIHA,UP1021,105462965
HIHA,UP1021,105462972
HIHA,UP1021,105462992
HIHA,UP1021,105462995
HIHA,UP1021,105462998
HIHA,UP1021,105463015
HIHA,UP1021,105463074
HIHA,UP1021,105463148
HIHA,UP1021,105463166
HIHA,UP1021,105463168
HIHA,UP1021,105463187
HIHA,UP1021,105463223
HIHA,UP1021,105463243
HIHA,UP1021,105463276
HIHA,UP1021,105463279
HIHA,UP1021,105463300
HIHA,UP1021,105463339
HIHA,UP1021,105463357
HIHA,UP1021,105463373
HIHA,UP1021,105463414
HIHA,UP1021,105463423
HIHA,UP1021,105463429
HIHA,UP1021,105463466
HIHA,UP1021,105463498
HIHA,UP1021,105463502
HIHA,UP1021,105463536
HIHA,UP1021,105463557
HIHA,UP1021,105463579
HIHA,UP1021,105463582
HIHA,UP1021,105463584
HIHA,UP1021,105463632
HIHA,UP1021,105463639
HIHA,UP1021,105463647
HIHA,UP1021,105463650
HIHA,UP1021,105463666
HIHA,UP1021,105463670
HIHA,UP1021,105463672
HIHA,UP1021,105463678
HIHA,UP1021,105463687
HIHA,UP1021,105463690
HIHA,UP1021,105463691
HIHA,UP1021,105463699
HIHA,UP1021,105463717
HIHA,UP1021,105463721
HIHA,UP1021,105463726
HIHA,UP1021,105463730
HIHA,UP1021,105463742
HIHA,UP1021,105463755
HIHA,UP1021,105463801
HIHA,UP1021,105463826
HIHA,UP1021,105463830
HIHA,UP1021,105463836
HIHA,UP1021,105463853
HIHA,UP1021,105463878
HIHA,UP1021,105463886
HIHA,UP1021,105463915
HIHA,UP1021,105463920
HIHA,UP1021,105463930
HIHA,UP1021,105463948
HIHA,UP1021,105463990
HIHA,UP1021,105464009
HIHA,UP1021,105464010
HIHA,UP1021,105464025
HIHA,UP1021,105464043
HIHA,UP1021,105464135
HIHA,UP1021,105464136
HIHA,UP1021,105464152
HIHA,UP1021,105464238
HIHA,UP1021,105464246
HIHA,UP1021,105464326
HIHA,UP1021,105464346
HIHA,UP1021,105464403
HIHA,UP1021,105464409
HIHA,UP1021,105464429
HIHA,UP1021,105464430
HIHA,UP1021,105464432
HIHA,UP1021,105464433
HIHA,UP1021,105464437
HIHA,UP1021,105464467
HIHA,UP1021,105464472
HIHA,UP1021,105464481
HIHA,UP1021,105464491
HIHA,UP1021,105464494
HIHA,UP1021,105464503
HIHA,UP1021,105464509
HIHA,UP1021,105464550
HIHA,UP1021,105464565
HIHA,UP1021,105464643
HIHA,UP1021,105464669
HIHA,UP1021,105464671
HIHA,UP1021,105464690
HIHA,UP1021,105464695
HIHA,UP1021,105464816
HIHA,UP1021,105464823
HIHA,UP1021,105464856
HIHA,UP1021,105464859
HIHA,UP1021,105464943
HIHA,UP1021,105464962
HIHA,UP1021,105464989
HIHA,UP1021,105464994
HIHA,UP1021,105465027
HIHA,UP1021,105465034
HIHA,UP1021,105465040
HIHA,UP1021,105465063
HIHA,UP1021,105465087
HIHA,UP1021,105465141
HIHA,UP1021,105465148
HIHA,UP1021,105465166
HIHA,UP1021,105465174
HIHA,UP1021,105465196
HIHA,UP1021,105465205
HIHA,UP1021,105465233
HIHA,UP1021,105465245
HIHA,UP1021,105465320
HIHA,UP1021,105465321
HIHA,UP1021,105465476
HIHA,UP1021,105465499
HIHA,UP1021,105465547
HIHA,UP1021,105465597
HIHA,UP1021,105465606
HIHA,UP1021,105465629
HIHA,UP1021,105465713
HIHA,UP1021,105465722
HIHA,UP1021,105465732
HIHA,UP1021,105465768
HIHA,UP1021,105465785
HIHA,UP1021,105465840
HIHA,UP1021,105465863
HIHA,UP1021,105465875
HIHA,UP1021,105465880
HIHA,UP1021,105465903
HIHA,UP1021,105465945
HIHA,UP1021,105465948
HIHA,UP1021,105465962
HIHA,UP1021,105465963
HIHA,UP1021,105466004
HIHA,UP1021,105466033
HIHA,UP1021,105466082
HIHA,UP1021,105466091
HIHA,UP1021,105466147
HIHA,UP1021,105466148
HIHA,UP1021,105466168
HIHA,UP1021,105466190
HIHA,UP1021,105466194
HIHA,UP1021,105466201
HIHA,UP1021,105466212
HIHA,UP1021,105466290
HIHA,UP1021,105466307
HIHA,UP1021,105466314
HIHA,UP1021,105466317
HIHA,UP1021,105466348
HIHA,UP1021,105466354
HIHA,UP1021,105466355
HIHA,UP1021,105466372
HIHA,UP1021,105466380
HIHA,UP1021,105466432
HIHA,UP1021,105466454
HIHA,UP1021,105466468
HIHA,UP1021,105466476
HIHA,UP1021,105466559
HIHA,UP1021,105466661
HIHA,UP1021,105466685
HIHA,UP1021,105466694
HIHA,UP1021,105466738
HIHA,UP1021,105466791
HIHA,UP1021,105466809
HIHA,UP1021,105466811
HIHA,UP1021,105466824
HIHA,UP1021,105466882
HIHA,UP1021,105466893
HIHA,UP1021,105466917
HIHA,UP1021,105466925
HIHA,UP1021,105466926
HIHA,UP1021,105466942
HIHA,UP1021,105466954
HIHA,UP1021,105467012
HIHA,UP1021,105467020
HIHA,UP1021,105467055
HIHA,UP1021,105467080
HIHA,UP1021,105467086
HIHA,UP1021,105467087
HIHA,UP1021,105467090
HIHA,UP1021,105467117
HIHA,UP1021,105467169
HIHA,UP1021,105467174
HIHA,UP1021,105467198
HIHA,UP1021,105467200
HIHA,UP1021,105467203
HIHA,UP1021,105467205
HIHA,UP1021,105467218
HIHA,UP1021,105467257
HIHA,UP1021,105467262
HIHA,UP1021,105467274
HIHA,UP1021,105467297
HIHA,UP1021,105467314
HIHA,UP1021,105467336
HIHA,UP1021,105467349
HIHA,UP1021,105467382
HIHA,UP1021,105467400
HIHA,UP1021,105467404
HIHA,UP1021,105467409
HIHA,UP1021,105467445
HIHA,UP1021,105467484
HIHA,UP1021,105467486
HIHA,UP1021,105467536
HIHA,UP1021,105467557
HIHA,UP1021,105467580
HIHA,UP1021,105467600
HIHA,UP1021,105467627
HIHA,UP1021,105467662
HIHA,UP1021,105467679
HIHA,UP1021,105467686
HIHA,UP1021,105467718
HIHA,UP1021,105467734
HIHA,UP1021,105467762
HIHA,UP1021,105467822
HIHA,UP1021,105467829
HIHA,UP1021,105467849
HIHA,UP1021,105467863
HIHA,UP1021,105467867
HIHA,UP1021,105467868
HIHA,UP1021,105467880
HIHA,UP1021,105467890
HIHA,UP1021,105467907
HIHA,UP1021,105467913
HIHA,UP1021,105467948
HIHA,UP1021,105467957
HIHA,UP1021,105467970
HIHA,UP1021,105467996
HIHA,UP1021,105468052
HIHA,UP1021,105468059
HIHA,UP1021,105468100
HIHA,UP1021,105468112
HIHA,UP1021,105468142
HIHA,UP1021,105468145
HIHA,UP1021,105468167
HIHA,UP1021,105468203
HIHA,UP1021,105468217
HIHA,UP1021,105468266
HIHA,UP1021,105468355
HIHA,UP1021,105468373
HIHA,UP1021,105468391
HIHA,UP1021,105468398
HIHA,UP1021,105468412
HIHA,UP1021,105468426
HIHA,UP1021,105468433
HIHA,UP1021,105468535
HIHA,UP1021,105468551
HIHA,UP1021,105468559
HIHA,UP1021,105468569
HIHA,UP1021,105468628
HIHA,UP1021,105468649
HIHA,UP1021,105468698
HIHA,UP1021,105468702
HIHA,UP1021,105468739
HIHA,UP1021,105468761
HIHA,UP1021,105468770
HIHA,UP1021,105468774
HIHA,UP1021,105468783
HIHA,UP1021,105468784
HIHA,UP1021,105468787
HIHA,UP1021,105468788
HIHA,UP1021,105468801
HIHA,UP1021,105468807
HIHA,UP1021,105468808
HIHA,UP1021,105468822
HIHA,UP1021,105468825
HIHA,UP1021,105468829
HIHA,UP1021,105468841
HIHA,UP1021,105468876
HIHA,UP1021,105468888
HIHA,UP1021,105468892
HIHA,UP1021,105468904
HIHA,UP1021,105468935
HIHA,UP1021,105468937
HIHA,UP1021,105468951
HIHA,UP1021,105468967
HIHA,UP1021,105468984
HIHA,UP1021,105468987
HIHA,UP1021,105469003
HIHA,UP1021,105469008
HIHA,UP1021,105469048
HIHA,UP1021,105469125
HIHA,UP1021,105469141
HIHA,UP1021,105469162
HIHA,UP1021,105469184
HIHA,UP1021,105469246
HIHA,UP1021,105469257
HIHA,UP1021,105469266
HIHA,UP1021,105469274
HIHA,UP1021,105469285
HIHA,UP1021,105469291
HIHA,UP1021,105469316
HIHA,UP1021,105469334
HIHA,UP1021,105469358
HIHA,UP1021,105469363
HIHA,UP1021,105469412
HIHA,UP1021,105469433
HIHA,UP1021,105469439
HIHA,UP1021,105469443
HIHA,UP1021,105469454
HIHA,UP1021,105469475
HIHA,UP1021,105469511
HIHA,UP1021,105469565
HIHA,UP1021,105469581
HIHA,UP1021,105469603
HIHA,UP1021,105469607
HIHA,UP1021,105469617
HIHA,UP1021,105469621
HIHA,UP1021,105469710
HIHA,UP1021,105469728
HIHA,UP1021,105469778
HIHA,UP1021,105469833
HIHA,UP1021,105469845
HIHA,UP1021,105469864
HIHA,UP1021,105469865
HIHA,UP1021,105469870
HIHA,UP1021,105469923
HIHA,UP1021,105469946
HIHA,UP1021,105469957
HIHA,UP1021,105469989
HIHA,UP1021,105470000
HIHA,UP1021,105470045
HIHA,UP1021,105470087
HIHA,UP1021,105470105
HIHA,UP1021,105470191
HIHA,UP1021,105470195
HIHA,UP1021,105470206
HIHA,UP1021,105470256
HIHA,UP1021,105470271
HIHA,UP1021,105470286
HIHA,UP1021,105470288
HIHA,UP1021,105470345
HIHA,UP1021,105470418
HIHA,UP1021,105470437
HIHA,UP1021,105470470
HIHA,UP1021,105470492
HIHA,UP1021,105470495
HIHA,UP1021,105470508
HIHA,UP1021,105470563
HIHA,UP1021,105470570
HIHA,UP1021,105470576
HIHA,UP1021,105470601
HIHA,UP1021,105470609
HIHA,UP1021,105470697
HIHA,UP1021,105470758
HIHA,UP1021,105470762
HIHA,UP1021,105470764
HIHA,UP1021,105470765
HIHA,UP1021,105470777
HIHA,UP1021,105470799
HIHA,UP1021,105470803
HIHA,UP1021,105470859
HIHA,UP1021,105470892
HIHA,UP1021,105470914
HIHA,UP1021,105470934
HIHA,UP1021,105470978
HIHA,UP1021,105470989
HIHA,UP1021,105471014
HIHA,UP1021,105471020
HIHA,UP1021,105471026
HIHA,UP1021,105471094
HIHA,UP1021,105471102
HIHA,UP1021,105471111
HIHA,UP1021,105471122
HIHA,UP1021,105471182
HIHA,UP1021,105471185
HIHA,UP1021,105471201
HIHA,UP1021,105471226
HIHA,UP1021,105471248
HIHA,UP1021,105471257
HIHA,UP1021,105457577
HIHA,UP1021,105458032
HIHA,UP1021,105460075
HIHA,UP1021,105463961
HIHA,UP1021,105464463
HIHA,UP1021,105464657
HIHA,UP1021,105466689
HIHA,UP1021,105467446
HIHA,UP1021,105468621
HIHA,UP1021,105457558
HIHA,UP1021,105458346
HIHA,UP1021,105459294
HIHA,UP1021,105459302
HIHA,UP1021,105459374
HIHA,UP1021,105459705
HIHA,UP1021,105460069
HIHA,UP1021,105460364
HIHA,UP1021,105460949
HIHA,UP1021,105461518
HIHA,UP1021,105461582
HIHA,UP1021,105461835
HIHA,UP1021,105463270
HIHA,UP1021,105463398
HIHA,UP1021,105463752
HIHA,UP1021,105463839
HIHA,UP1021,105463871
HIHA,UP1021,105463892
HIHA,UP1021,105464144
HIHA,UP1021,105464628
HIHA,UP1021,105464800
HIHA,UP1021,105464991
HIHA,UP1021,105465656
HIHA,UP1021,105466657
HIHA,UP1021,105466716
HIHA,UP1021,105466857
HIHA,UP1021,105466934
HIHA,UP1021,105467303
HIHA,UP1021,105467633
HIHA,UP1021,105469100
HIHA,UP1021,105469195
HIHA,UP1021,105470008
HIHA,UP1021,105470012
HIHA,UP1021,105470050
HIHA,UP1021,105470150
HIHA,UP1021,105470370
HIHA,UP1021,105470731
HIHA,UP1021,105470863
HIHA,UP1021,105470865
HIHA,UP1021,105471162
HIHA,UP1021,105458714
HIHA,UP1021,105459454
HIHA,UP1021,105459457
HIHA,UP1021,105459468
HIHA,UP1021,105459518
HIHA,UP1021,105459567
HIHA,UP1021,105460786
HIHA,UP1021,105461289
HIHA,UP1021,105461536
HIHA,UP1021,105463613
HIHA,UP1021,105463738
HIHA,UP1021,105463991
HIHA,UP1021,105464065
HIHA,UP1021,105464580
HIHA,UP1021,105464913
HIHA,UP1021,105465227
HIHA,UP1021,105465860
HIHA,UP1021,105465932
HIHA,UP1021,105466163
HIHA,UP1021,105466470
HIHA,UP1021,105466499
HIHA,UP1021,105466793
HIHA,UP1021,105466856
HIHA,UP1021,105466905
HIHA,UP1021,105467487
HIHA,UP1021,105467809
HIHA,UP1021,105467889
HIHA,UP1021,105467912
HIHA,UP1021,105468773
HIHA,UP1021,105469059
HIHA,UP1021,105469339
HIHA,UP1021,105469346
HIHA,UP1021,105469780
HIHA,UP1021,105470184
HIHA,UP1021,105470251
HIHA,UP1021,105470285
HIHA,UP1021,105470505
HIHA,UP1021,105470860
HIHA,UP1021,105471063
HIHA,UP1021,105471265
HIHA,UP1021,105459167
HIHA,UP1021,105459319
HIHA,UP1021,105459772
HIHA,UP1021,105459913
HIHA,UP1021,105460095
HIHA,UP1021,105460596
HIHA,UP1021,105461655
HIHA,UP1021,105461811
HIHA,UP1021,105461889
HIHA,UP1021,105462190
HIHA,UP1021,105462862
HIHA,UP1021,105463365
HIHA,UP1021,105463765
HIHA,UP1021,105463844
HIHA,UP1021,105463870
HIHA,UP1021,105464000
HIHA,UP1021,105465809
HIHA,UP1021,105466523
HIHA,UP1021,105466632
HIHA,UP1021,105466668
HIHA,UP1021,105466781
HIHA,UP1021,105466969
HIHA,UP1021,105467485
HIHA,UP1021,105467569
HIHA,UP1021,105467696
HIHA,UP1021,105467731
HIHA,UP1021,105467939
HIHA,UP1021,105468164
HIHA,UP1021,105468781
HIHA,UP1021,105468832
HIHA,UP1021,105468886
HIHA,UP1021,105468925
HIHA,UP1021,105468978
HIHA,UP1021,105469738
HIHA,UP1021,105469956
HIHA,UP1021,105470250
HIHA,UP1021,105470424
HIHA,UP1021,105470517
HIHA,UP1021,105470819
HIHA,UP1021,105470867
HIHA,UP1021,105457294
HIHA,UP1021,105458193
HIHA,UP1021,105459972
HIHA,UP1021,105460848
HIHA,UP1021,105460862
HIHA,UP1021,105461260
HIHA,UP1021,105461312
HIHA,UP1021,105461385
HIHA,UP1021,105461515
HIHA,UP1021,105461929
HIHA,UP1021,105462046
HIHA,UP1021,105462495
HIHA,UP1021,105462526
HIHA,UP1021,105462716
HIHA,UP1021,105462787
HIHA,UP1021,105463200
HIHA,UP1021,105463652
HIHA,UP1021,105463788
HIHA,UP1021,105464261
HIHA,UP1021,105465350
HIHA,UP1021,105465453
HIHA,UP1021,105465530
HIHA,UP1021,105465600
HIHA,UP1021,105465760
HIHA,UP1021,105466787
HIHA,UP1021,105467276
HIHA,UP1021,105468067
HIHA,UP1021,105468235
HIHA,UP1021,105468430
HIHA,UP1021,105468641
HIHA,UP1021,105468923
HIHA,UP1021,105468929
HIHA,UP1021,105469057
HIHA,UP1021,105469067
HIHA,UP1021,105469640
HIHA,UP1021,105470001
HIHA,UP1021,105470227
HIHA,UP1021,105470475
HIHA,UP1021,105470573
HIHA,UP1021,105471230
HIHA,UP1021,105458348
HIHA,UP1021,105458800
HIHA,UP1021,105458903
HIHA,UP1021,105460213
HIHA,UP1021,105460331
HIHA,UP1021,105461038
HIHA,UP1021,105461069
HIHA,UP1021,105461199
HIHA,UP1021,105461936
HIHA,UP1021,105462417
HIHA,UP1021,105462576
HIHA,UP1021,105462938
HIHA,UP1021,105463104
HIHA,UP1021,105463499
HIHA,UP1021,105463840
HIHA,UP1021,105464361
HIHA,UP1021,105464506
HIHA,UP1021,105464759
HIHA,UP1021,105464802
HIHA,UP1021,105464890
HIHA,UP1021,105465356
HIHA,UP1021,105466179
HIHA,UP1021,105466797
HIHA,UP1021,105466828
HIHA,UP1021,105466976
HIHA,UP1021,105468488
HIHA,UP1021,105468492
HIHA,UP1021,105468682
HIHA,UP1021,105469204
HIHA,UP1021,105469330
HIHA,UP1021,105469355
HIHA,UP1021,105470003
HIHA,UP1021,105470065
HIHA,UP1021,105470337
HIHA,UP1021,105470421
HIHA,UP1021,105470684
HIHA,UP1021,105470705
HIHA,UP1021,105470828
HIHA,UP1021,105471157
HIHA,UP1021,105471253
HIHA,UP1021,105457738
HIHA,UP1021,105458450
HIHA,UP1021,105459852
HIHA,UP1021,105462383
HIHA,UP1021,105463132
HIHA,UP1021,105465048
HIHA,UP1021,105465664
HIHA,UP1021,105465816
HIHA,UP1021,105466604
HIHA,UP1021,105467839
HIHA,UP1021,105469258
HIHA,UP1021,105470969
HIHA,UP1021,105462586
HIHA,UP1021,105465951
HIHA,UP1021,105465990
HIHA,UP1021,105469335
HIHA,UP1021,105469626
HIHA,UP1021,105457280
HIHA,UP1021,105457615
HIHA,UP1021,105458796
HIHA,UP1021,105458999
HIHA,UP1021,105459220
HIHA,UP1021,105459923
HIHA,UP1021,105460057
HIHA,UP1021,105460180
HIHA,UP1021,105460478
HIHA,UP1021,105461592
HIHA,UP1021,105461662
HIHA,UP1021,105461818
HIHA,UP1021,105463539
HIHA,UP1021,105463620
HIHA,UP1021,105463951
HIHA,UP1021,105464255
HIHA,UP1021,105464352
HIHA,UP1021,105464600
HIHA,UP1021,105464749
HIHA,UP1021,105464914
HIHA,UP1021,105465463
HIHA,UP1021,105465599
HIHA,UP1021,105465905
HIHA,UP1021,105465938
HIHA,UP1021,105466055
HIHA,UP1021,105466252
HIHA,UP1021,105467253
HIHA,UP1021,105467260
HIHA,UP1021,105467857
HIHA,UP1021,105468106
HIHA,UP1021,105468271
HIHA,UP1021,105468392
HIHA,UP1021,105468741
HIHA,UP1021,105468743
HIHA,UP1021,105469404
HIHA,UP1021,105469421
HIHA,UP1021,105469652
HIHA,UP1021,105469761
HIHA,UP1021,105469843
HIHA,UP1021,105470607
HIHA,UP1021,105461368
HIHA,UP1023,105492984
HIHA,UP1023,105492988
HIHA,UP1023,105493007
HIHA,UP1023,105493010
HIHA,UP1023,105493027
HIHA,UP1023,105493035
HIHA,UP1023,105493038
HIHA,UP1023,105493061
HIHA,UP1023,105493104
HIHA,UP1023,105493107
HIHA,UP1023,105493137
HIHA,UP1023,105493170
HIHA,UP1023,105493194
HIHA,UP1023,105493229
HIHA,UP1023,105493271
HIHA,UP1023,105493274
HIHA,UP1023,105493299
HIHA,UP1023,105493317
HIHA,UP1023,105493326
HIHA,UP1023,105493329
HIHA,UP1023,105493345
HIHA,UP1023,105493346
HIHA,UP1023,105493366
HIHA,UP1023,105493377
HIHA,UP1023,105493388
HIHA,UP1023,105493401
HIHA,UP1023,105493440
HIHA,UP1023,105493447
HIHA,UP1023,105493458
HIHA,UP1023,105493471
HIHA,UP1023,105493483
HIHA,UP1023,105493499
HIHA,UP1023,105493573
HIHA,UP1023,105493588
HIHA,UP1023,105493607
HIHA,UP1023,105493653
HIHA,UP1023,105493667
HIHA,UP1023,105493693
HIHA,UP1023,105493694
HIHA,UP1023,105493707
HIHA,UP1023,105493715
HIHA,UP1023,105493795
HIHA,UP1023,105493903
HIHA,UP1023,105493931
HIHA,UP1023,105493950
HIHA,UP1023,105493968
HIHA,UP1023,105494015
HIHA,UP1023,105494017
HIHA,UP1023,105494034
HIHA,UP1023,105494052
HIHA,UP1023,105494058
HIHA,UP1023,105494073
HIHA,UP1023,105494080
HIHA,UP1023,105494131
HIHA,UP1023,105494203
HIHA,UP1023,105494207
HIHA,UP1023,105494212
HIHA,UP1023,105494250
HIHA,UP1023,105494258
HIHA,UP1023,105494266
HIHA,UP1023,105494270
HIHA,UP1023,105494285
HIHA,UP1023,105494298
HIHA,UP1023,105494323
HIHA,UP1023,105494342
HIHA,UP1023,105494365
HIHA,UP1023,105494372
HIHA,UP1023,105494383
HIHA,UP1023,105494406
HIHA,UP1023,105494437
HIHA,UP1023,105494440
HIHA,UP1023,105494465
HIHA,UP1023,105494541
HIHA,UP1023,105494554
HIHA,UP1023,105494589
HIHA,UP1023,105494597
HIHA,UP1023,105494657
HIHA,UP1023,105494677
HIHA,UP1023,105494690
HIHA,UP1023,105494704
HIHA,UP1023,105494731
HIHA,UP1023,105494732
HIHA,UP1023,105494736
HIHA,UP1023,105494751
HIHA,UP1023,105494767
HIHA,UP1023,105494781
HIHA,UP1023,105494800
HIHA,UP1023,105494816
HIHA,UP1023,105494818
HIHA,UP1023,105494819
HIHA,UP1023,105494821
HIHA,UP1023,105494882
HIHA,UP1023,105494905
HIHA,UP1023,105494921
HIHA,UP1023,105494935
HIHA,UP1023,105494984
HIHA,UP1023,105494988
HIHA,UP1023,105494997
HIHA,UP1023,105495003
HIHA,UP1023,105495012
HIHA,UP1023,105495018
HIHA,UP1023,105495032
HIHA,UP1023,105495090
HIHA,UP1023,105495135
HIHA,UP1023,105495177
HIHA,UP1023,105495182
HIHA,UP1023,105495215
HIHA,UP1023,105495233
HIHA,UP1023,105495254
HIHA,UP1023,105495303
HIHA,UP1023,105495313
HIHA,UP1023,105495320
HIHA,UP1023,105495321
HIHA,UP1023,105495323
HIHA,UP1023,105495347
HIHA,UP1023,105495351
HIHA,UP1023,105495368
HIHA,UP1023,105495387
HIHA,UP1023,105495413
HIHA,UP1023,105495441
HIHA,UP1023,105495452
HIHA,UP1023,105495489
HIHA,UP1023,105495515
HIHA,UP1023,105495519
HIHA,UP1023,105495536
HIHA,UP1023,105495611
HIHA,UP1023,105495622
HIHA,UP1023,105495637
HIHA,UP1023,105495642
HIHA,UP1023,105495657
HIHA,UP1023,105495807
HIHA,UP1023,105495858
HIHA,UP1023,105495895
HIHA,UP1023,105495915
HIHA,UP1023,105495940
HIHA,UP1023,105495990
HIHA,UP1023,105496006
HIHA,UP1023,105496075
HIHA,UP1023,105496096
HIHA,UP1023,105496099
HIHA,UP1023,105496110
HIHA,UP1023,105496114
HIHA,UP1023,105496134
HIHA,UP1023,105496138
HIHA,UP1023,105496160
HIHA,UP1023,105496181
HIHA,UP1023,105496209
HIHA,UP1023,105496254
HIHA,UP1023,105496307
HIHA,UP1023,105496364
HIHA,UP1023,105496390
HIHA,UP1023,105496407
HIHA,UP1023,105496413
HIHA,UP1023,105496415
HIHA,UP1023,105496488
HIHA,UP1023,105496499
HIHA,UP1023,105496515
HIHA,UP1023,105496525
HIHA,UP1023,105496533
HIHA,UP1023,105496574
HIHA,UP1023,105496575
HIHA,UP1023,105496607
HIHA,UP1023,105496660
HIHA,UP1023,105496666
HIHA,UP1023,105496681
HIHA,UP1023,105496688
HIHA,UP1023,105496691
HIHA,UP1023,105496698
HIHA,UP1023,105496699
HIHA,UP1023,105496718
HIHA,UP1023,105496729
HIHA,UP1023,105496740
HIHA,UP1023,105496762
HIHA,UP1023,105496764
HIHA,UP1023,105496804
HIHA,UP1023,105496805
HIHA,UP1023,105496817
HIHA,UP1023,105496838
HIHA,UP1023,105496852
HIHA,UP1023,105496859
HIHA,UP1023,105496880
HIHA,UP1023,105496923
HIHA,UP1023,105496933
HIHA,UP1023,105496958
HIHA,UP1023,105496986
HIHA,UP1023,105497024
HIHA,UP1023,105497034
HIHA,UP1023,105497178
HIHA,UP1023,105497196
HIHA,UP1023,105497203
HIHA,UP1023,105497214
HIHA,UP1023,105497216
HIHA,UP1023,105497224
HIHA,UP1023,105497226
HIHA,UP1023,105497244
HIHA,UP1023,105497256
HIHA,UP1023,105497289
HIHA,UP1023,105497301
HIHA,UP1023,105497321
HIHA,UP1023,105497331
HIHA,UP1023,105497341
HIHA,UP1023,105497390
HIHA,UP1023,105497397
HIHA,UP1023,105497441
HIHA,UP1023,105497445
HIHA,UP1023,105497453
HIHA,UP1023,105497466
HIHA,UP1023,105497547
HIHA,UP1023,105497556
HIHA,UP1023,105497559
HIHA,UP1023,105497563
HIHA,UP1023,105497578
HIHA,UP1023,105497597
HIHA,UP1023,105497614
HIHA,UP1023,105497632
HIHA,UP1023,105497663
HIHA,UP1023,105497679
HIHA,UP1023,105497695
HIHA,UP1023,105497714
HIHA,UP1023,105497741
HIHA,UP1023,105497763
HIHA,UP1023,105497804
HIHA,UP1023,105497811
HIHA,UP1023,105497849
HIHA,UP1023,105497859
HIHA,UP1023,105497882
HIHA,UP1023,105497920
HIHA,UP1023,105497948
HIHA,UP1023,105498040
HIHA,UP1023,105498077
HIHA,UP1023,105498085
HIHA,UP1023,105498129
HIHA,UP1023,105498165
HIHA,UP1023,105498168
HIHA,UP1023,105498170
HIHA,UP1023,105498178
HIHA,UP1023,105498232
HIHA,UP1023,105498239
HIHA,UP1023,105498278
HIHA,UP1023,105498315
HIHA,UP1023,105498326
HIHA,UP1023,105498393
HIHA,UP1023,105498401
HIHA,UP1023,105498402
HIHA,UP1023,105498406
HIHA,UP1023,105498433
HIHA,UP1023,105498437
HIHA,UP1023,105498457
HIHA,UP1023,105498471
HIHA,UP1023,105498474
HIHA,UP1023,105498495
HIHA,UP1023,105498502
HIHA,UP1023,105498542
HIHA,UP1023,105498604
HIHA,UP1023,105498627
HIHA,UP1023,105498629
HIHA,UP1023,105498656
HIHA,UP1023,105498677
HIHA,UP1023,105498688
HIHA,UP1023,105498711
HIHA,UP1023,105498732
HIHA,UP1023,105498740
HIHA,UP1023,105498801
HIHA,UP1023,105498811
HIHA,UP1023,105498817
HIHA,UP1023,105498824
HIHA,UP1023,105498835
HIHA,UP1023,105498839
HIHA,UP1023,105498877
HIHA,UP1023,105498889
HIHA,UP1023,105498894
HIHA,UP1023,105498907
HIHA,UP1023,105498932
HIHA,UP1023,105498946
HIHA,UP1023,105498963
HIHA,UP1023,105498971
HIHA,UP1023,105498982
HIHA,UP1023,105498994
HIHA,UP1023,105499008
HIHA,UP1023,105499023
HIHA,UP1023,105499053
HIHA,UP1023,105499058
HIHA,UP1023,105499100
HIHA,UP1023,105499109
HIHA,UP1023,105499121
HIHA,UP1023,105499169
HIHA,UP1023,105499198
HIHA,UP1023,105499219
HIHA,UP1023,105499242
HIHA,UP1023,105499256
HIHA,UP1023,105499298
HIHA,UP1023,105499306
HIHA,UP1023,105499355
HIHA,UP1023,105499551
HIHA,UP1023,105499582
HIHA,UP1023,105499586
HIHA,UP1023,105499599
HIHA,UP1023,105499602
HIHA,UP1023,105499639
HIHA,UP1023,105499646
HIHA,UP1023,105499684
HIHA,UP1023,105499723
HIHA,UP1023,105499727
HIHA,UP1023,105499735
HIHA,UP1023,105499751
HIHA,UP1023,105499856
HIHA,UP1023,105499871
HIHA,UP1023,105499876
HIHA,UP1023,105499886
HIHA,UP1023,105499895
HIHA,UP1023,105499903
HIHA,UP1023,105499974
HIHA,UP1023,105499983
HIHA,UP1023,105499997
HIHA,UP1023,105500008
HIHA,UP1023,105500023
HIHA,UP1023,105500027
HIHA,UP1023,105500101
HIHA,UP1023,105500164
HIHA,UP1023,105500179
HIHA,UP1023,105500217
HIHA,UP1023,105500236
HIHA,UP1023,105500254
HIHA,UP1023,105500267
HIHA,UP1023,105500278
HIHA,UP1023,105500306
HIHA,UP1023,105500308
HIHA,UP1023,105500316
HIHA,UP1023,105500324
HIHA,UP1023,105500325
HIHA,UP1023,105500326
HIHA,UP1023,105500357
HIHA,UP1023,105500362
HIHA,UP1023,105500407
HIHA,UP1023,105500433
HIHA,UP1023,105500458
HIHA,UP1023,105500472
HIHA,UP1023,105500486
HIHA,UP1023,105500512
HIHA,UP1023,105500555
HIHA,UP1023,105500562
HIHA,UP1023,105500564
HIHA,UP1023,105500573
HIHA,UP1023,105500574
HIHA,UP1023,105500591
HIHA,UP1023,105500619
HIHA,UP1023,105500634
HIHA,UP1023,105500642
HIHA,UP1023,105500643
HIHA,UP1023,105500696
HIHA,UP1023,105500724
HIHA,UP1023,105500730
HIHA,UP1023,105500734
HIHA,UP1023,105500755
HIHA,UP1023,105500773
HIHA,UP1023,105500794
HIHA,UP1023,105500848
HIHA,UP1023,105500862
HIHA,UP1023,105500893
HIHA,UP1023,105500922
HIHA,UP1023,105500950
HIHA,UP1023,105501019
HIHA,UP1023,105501047
HIHA,UP1023,105501050
HIHA,UP1023,105501097
HIHA,UP1023,105501100
HIHA,UP1023,105501138
HIHA,UP1023,105501170
HIHA,UP1023,105501193
HIHA,UP1023,105501211
HIHA,UP1023,105501225
HIHA,UP1023,105501234
HIHA,UP1023,105501240
HIHA,UP1023,105501260
HIHA,UP1023,105501334
HIHA,UP1023,105501340
HIHA,UP1023,105501341
HIHA,UP1023,105501346
HIHA,UP1023,105501356
HIHA,UP1023,105501379
HIHA,UP1023,105501388
HIHA,UP1023,105501401
HIHA,UP1023,105501403
HIHA,UP1023,105501441
HIHA,UP1023,105501486
HIHA,UP1023,105501517
HIHA,UP1023,105501521
HIHA,UP1023,105501536
HIHA,UP1023,105501552
HIHA,UP1023,105501561
HIHA,UP1023,105501605
HIHA,UP1023,105501612
HIHA,UP1023,105501622
HIHA,UP1023,105501647
HIHA,UP1023,105501652
HIHA,UP1023,105501692
HIHA,UP1023,105501694
HIHA,UP1023,105501696
HIHA,UP1023,105501754
HIHA,UP1023,105501764
HIHA,UP1023,105501776
HIHA,UP1023,105501781
HIHA,UP1023,105501796
HIHA,UP1023,105501821
HIHA,UP1023,105501839
HIHA,UP1023,105501866
HIHA,UP1023,105501920
HIHA,UP1023,105501923
HIHA,UP1023,105501928
HIHA,UP1023,105501942
HIHA,UP1023,105501947
HIHA,UP1023,105501965
HIHA,UP1023,105501982
HIHA,UP1023,105502035
HIHA,UP1023,105502042
HIHA,UP1023,105502055
HIHA,UP1023,105502069
HIHA,UP1023,105502071
HIHA,UP1023,105502093
HIHA,UP1023,105502112
HIHA,UP1023,105502124
HIHA,UP1023,105502142
HIHA,UP1023,105502163
HIHA,UP1023,105502172
HIHA,UP1023,105502174
HIHA,UP1023,105502213
HIHA,UP1023,105502261
HIHA,UP1023,105502289
HIHA,UP1023,105502308
HIHA,UP1023,105502329
HIHA,UP1023,105502357
HIHA,UP1023,105502399
HIHA,UP1023,105502406
HIHA,UP1023,105502407
HIHA,UP1023,105502448
HIHA,UP1023,105502460
HIHA,UP1023,105502495
HIHA,UP1023,105502504
HIHA,UP1023,105502511
HIHA,UP1023,105502520
HIHA,UP1023,105502534
HIHA,UP1023,105502547
HIHA,UP1023,105502551
HIHA,UP1023,105502602
HIHA,UP1023,105502603
HIHA,UP1023,105502652
HIHA,UP1023,105502704
HIHA,UP1023,105502777
HIHA,UP1023,105502779
HIHA,UP1023,105502785
HIHA,UP1023,105502873
HIHA,UP1023,105502980
HIHA,UP1023,105502992
HIHA,UP1023,105503085
HIHA,UP1023,105503094
HIHA,UP1023,105503114
HIHA,UP1023,105503149
HIHA,UP1023,105503158
HIHA,UP1023,105503164
HIHA,UP1023,105503191
HIHA,UP1023,105503215
HIHA,UP1023,105503230
HIHA,UP1023,105503233
HIHA,UP1023,105503238
HIHA,UP1023,105503249
HIHA,UP1023,105503254
HIHA,UP1023,105503287
HIHA,UP1023,105503299
HIHA,UP1023,105503307
HIHA,UP1023,105503319
HIHA,UP1023,105503329
HIHA,UP1023,105503333
HIHA,UP1023,105503429
HIHA,UP1023,105503440
HIHA,UP1023,105503472
HIHA,UP1023,105503524
HIHA,UP1023,105503552
HIHA,UP1023,105503556
HIHA,UP1023,105503567
HIHA,UP1023,105503575
HIHA,UP1023,105503588
HIHA,UP1023,105503636
HIHA,UP1023,105503654
HIHA,UP1023,105503680
HIHA,UP1023,105503684
HIHA,UP1023,105503690
HIHA,UP1023,105503718
HIHA,UP1023,105503746
HIHA,UP1023,105503822
HIHA,UP1023,105503898
HIHA,UP1023,105503900
HIHA,UP1023,105503903
HIHA,UP1023,105503914
HIHA,UP1023,105503919
HIHA,UP1023,105503921
HIHA,UP1023,105503933
HIHA,UP1023,105503942
HIHA,UP1023,105503974
HIHA,UP1023,105504041
HIHA,UP1023,105504043
HIHA,UP1023,105504049
HIHA,UP1023,105504054
HIHA,UP1023,105504064
HIHA,UP1023,105504102
HIHA,UP1023,105504110
HIHA,UP1023,105504166
HIHA,UP1023,105504177
HIHA,UP1023,105504185
HIHA,UP1023,105504201
HIHA,UP1023,105504228
HIHA,UP1023,105504231
HIHA,UP1023,105504293
HIHA,UP1023,105504308
HIHA,UP1023,105504345
HIHA,UP1023,105504454
HIHA,UP1023,105504463
HIHA,UP1023,105504472
HIHA,UP1023,105504483
HIHA,UP1023,105504525
HIHA,UP1023,105504530
HIHA,UP1023,105504617
HIHA,UP1023,105504633
HIHA,UP1023,105504637
HIHA,UP1023,105504663
HIHA,UP1023,105504668
HIHA,UP1023,105504695
HIHA,UP1023,105504719
HIHA,UP1023,105504731
HIHA,UP1023,105504732
HIHA,UP1023,105504744
HIHA,UP1023,105504775
HIHA,UP1023,105504784
HIHA,UP1023,105504804
HIHA,UP1023,105504879
HIHA,UP1023,105504896
HIHA,UP1023,105504903
HIHA,UP1023,105504918
HIHA,UP1023,105504957
HIHA,UP1023,105504988
HIHA,UP1023,105504991
HIHA,UP1023,105504995
HIHA,UP1023,105505001
HIHA,UP1023,105505013
HIHA,UP1023,105505027
HIHA,UP1023,105505082
HIHA,UP1023,105505086
HIHA,UP1023,105505101
HIHA,UP1023,105505105
HIHA,UP1023,105505123
HIHA,UP1023,105505143
HIHA,UP1023,105505149
HIHA,UP1023,105505159
HIHA,UP1023,105505245
HIHA,UP1023,105505300
HIHA,UP1023,105505303
HIHA,UP1023,105505333
HIHA,UP1023,105505343
HIHA,UP1023,105505377
HIHA,UP1023,105505379
HIHA,UP1023,105505396
HIHA,UP1023,105505399
HIHA,UP1023,105505424
HIHA,UP1023,105505430
HIHA,UP1023,105505437
HIHA,UP1023,105505443
HIHA,UP1023,105505459
HIHA,UP1023,105505468
HIHA,UP1023,105505489
HIHA,UP1023,105505496
HIHA,UP1023,105505515
HIHA,UP1023,105505531
HIHA,UP1023,105505535
HIHA,UP1023,105505537
HIHA,UP1023,105505542
HIHA,UP1023,105505578
HIHA,UP1023,105505580
HIHA,UP1023,105505583
HIHA,UP1023,105505597
HIHA,UP1023,105505667
HIHA,UP1023,105505682
HIHA,UP1023,105505686
HIHA,UP1023,105505715
HIHA,UP1023,105505773
HIHA,UP1023,105505844
HIHA,UP1023,105505878
HIHA,UP1023,105505880
HIHA,UP1023,105505899
HIHA,UP1023,105505902
HIHA,UP1023,105505918
HIHA,UP1023,105505948
HIHA,UP1023,105505956
HIHA,UP1023,105505962
HIHA,UP1023,105505963
HIHA,UP1023,105505987
HIHA,UP1023,105506009
HIHA,UP1023,105506073
HIHA,UP1023,105506086
HIHA,UP1023,105506105
HIHA,UP1023,105506136
HIHA,UP1023,105506145
HIHA,UP1023,105493422
HIHA,UP1023,105493962
HIHA,UP1023,105494200
HIHA,UP1023,105494759
HIHA,UP1023,105494786
HIHA,UP1023,105495073
HIHA,UP1023,105495838
HIHA,UP1023,105496311
HIHA,UP1023,105498862
HIHA,UP1023,105499531
HIHA,UP1023,105499730
HIHA,UP1023,105500046
HIHA,UP1023,105500160
HIHA,UP1023,105501642
HIHA,UP1023,105502938
HIHA,UP1023,105503332
HIHA,UP1023,105503609
HIHA,UP1023,105504138
HIHA,UP1023,105504484
HIHA,UP1023,105504504
HIHA,UP1023,105505735
HIHA,UP1023,105506057
HIHA,UP1023,105493525
HIHA,UP1023,105494018
HIHA,UP1023,105494032
HIHA,UP1023,105494078
HIHA,UP1023,105494441
HIHA,UP1023,105494794
HIHA,UP1023,105494877
HIHA,UP1023,105494897
HIHA,UP1023,105494924
HIHA,UP1023,105495019
HIHA,UP1023,105495393
HIHA,UP1023,105495649
HIHA,UP1023,105495688
HIHA,UP1023,105496796
HIHA,UP1023,105497030
HIHA,UP1023,105497129
HIHA,UP1023,105497318
HIHA,UP1023,105497534
HIHA,UP1023,105497634
HIHA,UP1023,105497778
HIHA,UP1023,105497816
HIHA,UP1023,105497992
HIHA,UP1023,105498871
HIHA,UP1023,105499478
HIHA,UP1023,105499618
HIHA,UP1023,105499740
HIHA,UP1023,105500539
HIHA,UP1023,105501231
HIHA,UP1023,105501706
HIHA,UP1023,105501853
HIHA,UP1023,105502088
HIHA,UP1023,105502594
HIHA,UP1023,105502868
HIHA,UP1023,105503083
HIHA,UP1023,105503298
HIHA,UP1023,105503646
HIHA,UP1023,105503843
HIHA,UP1023,105504256
HIHA,UP1023,105504824
HIHA,UP1023,105504908
HIHA,UP1023,105493012
HIHA,UP1023,105493652
HIHA,UP1023,105493821
HIHA,UP1023,105494635
HIHA,UP1023,105494699
HIHA,UP1023,105495142
HIHA,UP1023,105495216
HIHA,UP1023,105495993
HIHA,UP1023,105496210
HIHA,UP1023,105497124
HIHA,UP1023,105497672
HIHA,UP1023,105497722
HIHA,UP1023,105498082
HIHA,UP1023,105498195
HIHA,UP1023,105498682
HIHA,UP1023,105499031
HIHA,UP1023,105499168
HIHA,UP1023,105499565
HIHA,UP1023,105500257
HIHA,UP1023,105500530
HIHA,UP1023,105500768
HIHA,UP1023,105500783
HIHA,UP1023,105501244
HIHA,UP1023,105501383
HIHA,UP1023,105501594
HIHA,UP1023,105501720
HIHA,UP1023,105501822
HIHA,UP1023,105501892
HIHA,UP1023,105501963
HIHA,UP1023,105501996
HIHA,UP1023,105502491
HIHA,UP1023,105502954
HIHA,UP1023,105503458
HIHA,UP1023,105504196
HIHA,UP1023,105504475
HIHA,UP1023,105505118
HIHA,UP1023,105505154
HIHA,UP1023,105505367
HIHA,UP1023,105505463
HIHA,UP1023,105505820
HIHA,UP1023,105493291
HIHA,UP1023,105493595
HIHA,UP1023,105493959
HIHA,UP1023,105494109
HIHA,UP1023,105494118
HIHA,UP1023,105494354
HIHA,UP1023,105494423
HIHA,UP1023,105494880
HIHA,UP1023,105494994
HIHA,UP1023,105495112
HIHA,UP1023,105495162
HIHA,UP1023,105495417
HIHA,UP1023,105495811
HIHA,UP1023,105495989
HIHA,UP1023,105496017
HIHA,UP1023,105496928
HIHA,UP1023,105497001
HIHA,UP1023,105497198
HIHA,UP1023,105497220
HIHA,UP1023,105497757
HIHA,UP1023,105497838
HIHA,UP1023,105498237
HIHA,UP1023,105498298
HIHA,UP1023,105498590
HIHA,UP1023,105499034
HIHA,UP1023,105499513
HIHA,UP1023,105501062
HIHA,UP1023,105501281
HIHA,UP1023,105501515
HIHA,UP1023,105502243
HIHA,UP1023,105502331
HIHA,UP1023,105502587
HIHA,UP1023,105502824
HIHA,UP1023,105502977
HIHA,UP1023,105503218
HIHA,UP1023,105503568
HIHA,UP1023,105504659
HIHA,UP1023,105504933
HIHA,UP1023,105505748
HIHA,UP1023,105505856
HIHA,UP1023,105492991
HIHA,UP1023,105493301
HIHA,UP1023,105493330
HIHA,UP1023,105493434
HIHA,UP1023,105493531
HIHA,UP1023,105493886
HIHA,UP1023,105494210
HIHA,UP1023,105494469
HIHA,UP1023,105495609
HIHA,UP1023,105496019
HIHA,UP1023,105496177
HIHA,UP1023,105496204
HIHA,UP1023,105496494
HIHA,UP1023,105496656
HIHA,UP1023,105496774
HIHA,UP1023,105498336
HIHA,UP1023,105498360
HIHA,UP1023,105498685
HIHA,UP1023,105498964
HIHA,UP1023,105499131
HIHA,UP1023,105499560
HIHA,UP1023,105499566
HIHA,UP1023,105500143
HIHA,UP1023,105500850
HIHA,UP1023,105500899
HIHA,UP1023,105501011
HIHA,UP1023,105501286
HIHA,UP1023,105501369
HIHA,UP1023,105502011
HIHA,UP1023,105502366
HIHA,UP1023,105502478
HIHA,UP1023,105502761
HIHA,UP1023,105502836
HIHA,UP1023,105502909
HIHA,UP1023,105504708
HIHA,UP1023,105504754
HIHA,UP1023,105505206
HIHA,UP1023,105505267
HIHA,UP1023,105505321
HIHA,UP1023,105505444
HIHA,UP1023,105493189
HIHA,UP1023,105493851
HIHA,UP1023,105493938
HIHA,UP1023,105493993
HIHA,UP1023,105494099
HIHA,UP1023,105494177
HIHA,UP1023,105494188
HIHA,UP1023,105494478
HIHA,UP1023,105494533
HIHA,UP1023,105494867
HIHA,UP1023,105496106
HIHA,UP1023,105496299
HIHA,UP1023,105496331
HIHA,UP1023,105496596
HIHA,UP1023,105496908
HIHA,UP1023,105497516
HIHA,UP1023,105497930
HIHA,UP1023,105498430
HIHA,UP1023,105498875
HIHA,UP1023,105499115
HIHA,UP1023,105499183
HIHA,UP1023,105499255
HIHA,UP1023,105499264
HIHA,UP1023,105499382
HIHA,UP1023,105500186
HIHA,UP1023,105500746
HIHA,UP1023,105500940
HIHA,UP1023,105501876
HIHA,UP1023,105502267
HIHA,UP1023,105502502
HIHA,UP1023,105503240
HIHA,UP1023,105503381
HIHA,UP1023,105504129
HIHA,UP1023,105504492
HIHA,UP1023,105505015
HIHA,UP1023,105505269
HIHA,UP1023,105505353
HIHA,UP1023,105506007
HIHA,UP1023,105506021
HIHA,UP1023,105506206
HIHA,UP1023,105493000
HIHA,UP1023,105493414
HIHA,UP1023,105493773
HIHA,UP1023,105498404
HIHA,UP1023,105499569
HIHA,UP1023,105500330
HIHA,UP1023,105501523
HIHA,UP1023,105501935
HIHA,UP1023,105503464
HIHA,UP1023,105504066
HIHA,UP1023,105505173
HIHA,UP1023,105493043
HIHA,UP1023,105493466
HIHA,UP1023,105494853
HIHA,UP1023,105494952
HIHA,UP1023,105496039
HIHA,UP1023,105497299
HIHA,UP1023,105499641
HIHA,UP1023,105501004
HIHA,UP1023,105501795
HIHA,UP1023,105502077
HIHA,UP1023,105504069
HIHA,UP1023,105505214
HIHA,UP1023,105494654
HIHA,UP1023,105494676
HIHA,UP1023,105494803
HIHA,UP1023,105494936
HIHA,UP1023,105495434
HIHA,UP1023,105495601
HIHA,UP1023,105495842
HIHA,UP1023,105496079
HIHA,UP1023,105496898
HIHA,UP1023,105497233
HIHA,UP1023,105497413
HIHA,UP1023,105498109
HIHA,UP1023,105498280
HIHA,UP1023,105498547
HIHA,UP1023,105498572
HIHA,UP1023,105498733
HIHA,UP1023,105499197
HIHA,UP1023,105499743
HIHA,UP1023,105500354
HIHA,UP1023,105500912
HIHA,UP1023,105500979
HIHA,UP1023,105501227
HIHA,UP1023,105501228
HIHA,UP1023,105501367
HIHA,UP1023,105501460
HIHA,UP1023,105501520
HIHA,UP1023,105501661
HIHA,UP1023,105501973
HIHA,UP1023,105502044
HIHA,UP1023,105502807
HIHA,UP1023,105502983
HIHA,UP1023,105503118
HIHA,UP1023,105503451
HIHA,UP1023,105503624
HIHA,UP1023,105504260
HIHA,UP1023,105504577
HIHA,UP1023,105505375
HIHA,UP1023,105505482
HIHA,UP1023,105505981
HIHA,UP1023,105506038
HIHA,UP1023,105493406
HIHA,UP1023,105493735
HIHA,UP1023,105493816
HIHA,UP1023,105495828
HIHA,UP1023,105495857
HIHA,UP1023,105497334
HIHA,UP1023,105497372
HIHA,UP1023,105497565
HIHA,UP1023,105497708
HIHA,UP1023,105498573
HIHA,UP1023,105498808
HIHA,UP1023,105499275
HIHA,UP1023,105499589
HIHA,UP1023,105499754
HIHA,UP1023,105500001
HIHA,UP1023,105500075
HIHA,UP1023,105500436
HIHA,UP1023,105500545
HIHA,UP1023,105500939
HIHA,UP1023,105501032
HIHA,UP1023,105501256
HIHA,UP1023,105501587
HIHA,UP1023,105501877
HIHA,UP1023,105501995
HIHA,UP1023,105502410
HIHA,UP1023,105502771
HIHA,UP1023,105502970
HIHA,UP1023,105503481
HIHA,UP1023,105503510
HIHA,UP1023,105503579
HIHA,UP1023,105503758
HIHA,UP1023,105504128
HIHA,UP1023,105504223
HIHA,UP1023,105504370
HIHA,UP1023,105504690
HIHA,UP1023,105505011
HIHA,UP1023,105505126
HIHA,UP1023,105505239
HIHA,UP1023,105505419
HIHA,UP1023,105505908
HIHA,UP1025,105512900
HIHA,UP1025,105512936
HIHA,UP1025,105512953
HIHA,UP1025,105512964
HIHA,UP1025,105512966
HIHA,UP1025,105512973
HIHA,UP1025,105512975
HIHA,UP1025,105513020
HIHA,UP1025,105513043
HIHA,UP1025,105513061
HIHA,UP1025,105513110
HIHA,UP1025,105513147
HIHA,UP1025,105513167
HIHA,UP1025,105513178
HIHA,UP1025,105513199
HIHA,UP1025,105513200
HIHA,UP1025,105513201
HIHA,UP1025,105513221
HIHA,UP1025,105513222
HIHA,UP1025,105513246
HIHA,UP1025,105513257
HIHA,UP1025,105513265
HIHA,UP1025,105513275
HIHA,UP1025,105513312
HIHA,UP1025,105513317
HIHA,UP1025,105513327
HIHA,UP1025,105513333
HIHA,UP1025,105513368
HIHA,UP1025,105513420
HIHA,UP1025,105513430
HIHA,UP1025,105513434
HIHA,UP1025,105513445
HIHA,UP1025,105513472
HIHA,UP1025,105513492
HIHA,UP1025,105513501
HIHA,UP1025,105513518
HIHA,UP1025,105513525
HIHA,UP1025,105513540
HIHA,UP1025,105513630
HIHA,UP1025,105513659
HIHA,UP1025,105513677
HIHA,UP1025,105513703
HIHA,UP1025,105513764
HIHA,UP1025,105513782
HIHA,UP1025,105513799
HIHA,UP1025,105513837
HIHA,UP1025,105513971
HIHA,UP1025,105513985
HIHA,UP1025,105514010
HIHA,UP1025,105514011
HIHA,UP1025,105514045
HIHA,UP1025,105514052
HIHA,UP1025,105514054
HIHA,UP1025,105514064
HIHA,UP1025,105514075
HIHA,UP1025,105514159
HIHA,UP1025,105514161
HIHA,UP1025,105514180
HIHA,UP1025,105514222
HIHA,UP1025,105514233
HIHA,UP1025,105514235
HIHA,UP1025,105514295
HIHA,UP1025,105514298
HIHA,UP1025,105514299
HIHA,UP1025,105514340
HIHA,UP1025,105514357
HIHA,UP1025,105514377
HIHA,UP1025,105514409
HIHA,UP1025,105514451
HIHA,UP1025,105514459
HIHA,UP1025,105514460
HIHA,UP1025,105514476
HIHA,UP1025,105514492
HIHA,UP1025,105514502
HIHA,UP1025,105514532
HIHA,UP1025,105514553
HIHA,UP1025,105514565
HIHA,UP1025,105514580
HIHA,UP1025,105514585
HIHA,UP1025,105514591
HIHA,UP1025,105514653
HIHA,UP1025,105514669
HIHA,UP1025,105514699
HIHA,UP1025,105514707
HIHA,UP1025,105514780
HIHA,UP1025,105514812
HIHA,UP1025,105514815
HIHA,UP1025,105514816
HIHA,UP1025,105514859
HIHA,UP1025,105514894
HIHA,UP1025,105514898
HIHA,UP1025,105514936
HIHA,UP1025,105514943
HIHA,UP1025,105515010
HIHA,UP1025,105515032
HIHA,UP1025,105515041
HIHA,UP1025,105515063
HIHA,UP1025,105515075
HIHA,UP1025,105515085
HIHA,UP1025,105515115
HIHA,UP1025,105515177
HIHA,UP1025,105515193
HIHA,UP1025,105515194
HIHA,UP1025,105515233
HIHA,UP1025,105515238
HIHA,UP1025,105515247
HIHA,UP1025,105515270
HIHA,UP1025,105515271
HIHA,UP1025,105515275
HIHA,UP1025,105515296
HIHA,UP1025,105515299
HIHA,UP1025,105515334
HIHA,UP1025,105515337
HIHA,UP1025,105515344
HIHA,UP1025,105515351
HIHA,UP1025,105515364
HIHA,UP1025,105515395
HIHA,UP1025,105515402
HIHA,UP1025,105515423
HIHA,UP1025,105515470
HIHA,UP1025,105515474
HIHA,UP1025,105515493
HIHA,UP1025,105515499
HIHA,UP1025,105515508
HIHA,UP1025,105515557
HIHA,UP1025,105515570
HIHA,UP1025,105515605
HIHA,UP1025,105515615
HIHA,UP1025,105515620
HIHA,UP1025,105515666
HIHA,UP1025,105515673
HIHA,UP1025,105515686
HIHA,UP1025,105515705
HIHA,UP1025,105515740
HIHA,UP1025,105515790
HIHA,UP1025,105515799
HIHA,UP1025,105515812
HIHA,UP1025,105515828
HIHA,UP1025,105515851
HIHA,UP1025,105515890
HIHA,UP1025,105515903
HIHA,UP1025,105515986
HIHA,UP1025,105515989
HIHA,UP1025,105516051
HIHA,UP1025,105516147
HIHA,UP1025,105516167
HIHA,UP1025,105516175
HIHA,UP1025,105516178
HIHA,UP1025,105516199
HIHA,UP1025,105516204
HIHA,UP1025,105516222
HIHA,UP1025,105516232
HIHA,UP1025,105516234
HIHA,UP1025,105516238
HIHA,UP1025,105516276
HIHA,UP1025,105516330
HIHA,UP1025,105516345
HIHA,UP1025,105516352
HIHA,UP1025,105516353
HIHA,UP1025,105516387
HIHA,UP1025,105516403
HIHA,UP1025,105516406
HIHA,UP1025,105516409
HIHA,UP1025,105516422
HIHA,UP1025,105516424
HIHA,UP1025,105516455
HIHA,UP1025,105516461
HIHA,UP1025,105516474
HIHA,UP1025,105516481
HIHA,UP1025,105516487
HIHA,UP1025,105516494
HIHA,UP1025,105516511
HIHA,UP1025,105516520
HIHA,UP1025,105516553
HIHA,UP1025,105516607
HIHA,UP1025,105516609
HIHA,UP1025,105516627
HIHA,UP1025,105516641
HIHA,UP1025,105516671
HIHA,UP1025,105516688
HIHA,UP1025,105516780
HIHA,UP1025,105516863
HIHA,UP1025,105516867
HIHA,UP1025,105516871
HIHA,UP1025,105516891
HIHA,UP1025,105516893
HIHA,UP1025,105516924
HIHA,UP1025,105516927
HIHA,UP1025,105516970
HIHA,UP1025,105517006
HIHA,UP1025,105517009
HIHA,UP1025,105517013
HIHA,UP1025,105517015
HIHA,UP1025,105517058
HIHA,UP1025,105517095
HIHA,UP1025,105517101
HIHA,UP1025,105517226
HIHA,UP1025,105517232
HIHA,UP1025,105517247
HIHA,UP1025,105517262
HIHA,UP1025,105517310
HIHA,UP1025,105517335
HIHA,UP1025,105517350
HIHA,UP1025,105517355
HIHA,UP1025,105517396
HIHA,UP1025,105517429
HIHA,UP1025,105517436
HIHA,UP1025,105517443
HIHA,UP1025,105517507
HIHA,UP1025,105517515
HIHA,UP1025,105517524
HIHA,UP1025,105517526
HIHA,UP1025,105517547
HIHA,UP1025,105517563
HIHA,UP1025,105517581
HIHA,UP1025,105517615
HIHA,UP1025,105517642
HIHA,UP1025,105517697
HIHA,UP1025,105517715
HIHA,UP1025,105517717
HIHA,UP1025,105517748
HIHA,UP1025,105517781
HIHA,UP1025,105517840
HIHA,UP1025,105517842
HIHA,UP1025,105517862
HIHA,UP1025,105517868
HIHA,UP1025,105517870
HIHA,UP1025,105517900
HIHA,UP1025,105517908
HIHA,UP1025,105517956
HIHA,UP1025,105518009
HIHA,UP1025,105518033
HIHA,UP1025,105518044
HIHA,UP1025,105518067
HIHA,UP1025,105518074
HIHA,UP1025,105518080
HIHA,UP1025,105518096
HIHA,UP1025,105518102
HIHA,UP1025,105518139
HIHA,UP1025,105518150
HIHA,UP1025,105518155
HIHA,UP1025,105518177
HIHA,UP1025,105518236
HIHA,UP1025,105518267
HIHA,UP1025,105518323
HIHA,UP1025,105518341
HIHA,UP1025,105518351
HIHA,UP1025,105518380
HIHA,UP1025,105518382
HIHA,UP1025,105518398
HIHA,UP1025,105518417
HIHA,UP1025,105518493
HIHA,UP1025,105518496
HIHA,UP1025,105518521
HIHA,UP1025,105518578
HIHA,UP1025,105518580
HIHA,UP1025,105518587
HIHA,UP1025,105518596
HIHA,UP1025,105518626
HIHA,UP1025,105518652
HIHA,UP1025,105518666
HIHA,UP1025,105518739
HIHA,UP1025,105518751
HIHA,UP1025,105518775
HIHA,UP1025,105518780
HIHA,UP1025,105518849
HIHA,UP1025,105518875
HIHA,UP1025,105518913
HIHA,UP1025,105518957
HIHA,UP1025,105518970
HIHA,UP1025,105518981
HIHA,UP1025,105518987
HIHA,UP1025,105519015
HIHA,UP1025,105519023
HIHA,UP1025,105519037
HIHA,UP1025,105519050
HIHA,UP1025,105519052
HIHA,UP1025,105519053
HIHA,UP1025,105519067
HIHA,UP1025,105519116
HIHA,UP1025,105519117
HIHA,UP1025,105519136
HIHA,UP1025,105519145
HIHA,UP1025,105519162
HIHA,UP1025,105519177
HIHA,UP1025,105519202
HIHA,UP1025,105519203
HIHA,UP1025,105519214
HIHA,UP1025,105519243
HIHA,UP1025,105519253
HIHA,UP1025,105519269
HIHA,UP1025,105519277
HIHA,UP1025,105519279
HIHA,UP1025,105519308
HIHA,UP1025,105519330
HIHA,UP1025,105519351
HIHA,UP1025,105519369
HIHA,UP1025,105519413
HIHA,UP1025,105519450
HIHA,UP1025,105519475
HIHA,UP1025,105519482
HIHA,UP1025,105519486
HIHA,UP1025,105519500
HIHA,UP1025,105519511
HIHA,UP1025,105519588
HIHA,UP1025,105519639
HIHA,UP1025,105519642
HIHA,UP1025,105519655
HIHA,UP1025,105519688
HIHA,UP1025,105519742
HIHA,UP1025,105519769
HIHA,UP1025,105519895
HIHA,UP1025,105519902
HIHA,UP1025,105519911
HIHA,UP1025,105519921
HIHA,UP1025,105519924
HIHA,UP1025,105519955
HIHA,UP1025,105519967
HIHA,UP1025,105519990
HIHA,UP1025,105520009
HIHA,UP1025,105520017
HIHA,UP1025,105520023
HIHA,UP1025,105520044
HIHA,UP1025,105520065
HIHA,UP1025,105520074
HIHA,UP1025,105520093
HIHA,UP1025,105520099
HIHA,UP1025,105520111
HIHA,UP1025,105520146
HIHA,UP1025,105520165
HIHA,UP1025,105520206
HIHA,UP1025,105520224
HIHA,UP1025,105520236
HIHA,UP1025,105520268
HIHA,UP1025,105520297
HIHA,UP1025,105520305
HIHA,UP1025,105520359
HIHA,UP1025,105520367
HIHA,UP1025,105520444
HIHA,UP1025,105520483
HIHA,UP1025,105520487
HIHA,UP1025,105520544
HIHA,UP1025,105520594
HIHA,UP1025,105520611
HIHA,UP1025,105520616
HIHA,UP1025,105520634
HIHA,UP1025,105520693
HIHA,UP1025,105520734
HIHA,UP1025,105520804
HIHA,UP1025,105520817
HIHA,UP1025,105520850
HIHA,UP1025,105520857
HIHA,UP1025,105520859
HIHA,UP1025,105520866
HIHA,UP1025,105520877
HIHA,UP1025,105520925
HIHA,UP1025,105520947
HIHA,UP1025,105520960
HIHA,UP1025,105520967
HIHA,UP1025,105520993
HIHA,UP1025,105520999
HIHA,UP1025,105521015
HIHA,UP1025,105521028
HIHA,UP1025,105521057
HIHA,UP1025,105521090
HIHA,UP1025,105521101
HIHA,UP1025,105521103
HIHA,UP1025,105521140
HIHA,UP1025,105521147
HIHA,UP1025,105521165
HIHA,UP1025,105521176
HIHA,UP1025,105521227
HIHA,UP1025,105521263
HIHA,UP1025,105521269
HIHA,UP1025,105521386
HIHA,UP1025,105521451
HIHA,UP1025,105521453
HIHA,UP1025,105521455
HIHA,UP1025,105521504
HIHA,UP1025,105521528
HIHA,UP1025,105521595
HIHA,UP1025,105521600
HIHA,UP1025,105521608
HIHA,UP1025,105521660
HIHA,UP1025,105521680
HIHA,UP1025,105521691
HIHA,UP1025,105521721
HIHA,UP1025,105521739
HIHA,UP1025,105521743
HIHA,UP1025,105521751
HIHA,UP1025,105521763
HIHA,UP1025,105521839
HIHA,UP1025,105521882
HIHA,UP1025,105521888
HIHA,UP1025,105521968
HIHA,UP1025,105522003
HIHA,UP1025,105522004
HIHA,UP1025,105522009
HIHA,UP1025,105522041
HIHA,UP1025,105522055
HIHA,UP1025,105522058
HIHA,UP1025,105522063
HIHA,UP1025,105522073
HIHA,UP1025,105522078
HIHA,UP1025,105522086
HIHA,UP1025,105522090
HIHA,UP1025,105522095
HIHA,UP1025,105522108
HIHA,UP1025,105522125
HIHA,UP1025,105522144
HIHA,UP1025,105522190
HIHA,UP1025,105522252
HIHA,UP1025,105522286
HIHA,UP1025,105522299
HIHA,UP1025,105522316
HIHA,UP1025,105522317
HIHA,UP1025,105522328
HIHA,UP1025,105522333
HIHA,UP1025,105522363
HIHA,UP1025,105522392
HIHA,UP1025,105522397
HIHA,UP1025,105522410
HIHA,UP1025,105522414
HIHA,UP1025,105522421
HIHA,UP1025,105522439
HIHA,UP1025,105522471
HIHA,UP1025,105522533
HIHA,UP1025,105522556
HIHA,UP1025,105522584
HIHA,UP1025,105522586
HIHA,UP1025,105522616
HIHA,UP1025,105522618
HIHA,UP1025,105522633
HIHA,UP1025,105522653
HIHA,UP1025,105522670
HIHA,UP1025,105522689
HIHA,UP1025,105522697
HIHA,UP1025,105522699
HIHA,UP1025,105522701
HIHA,UP1025,105522741
HIHA,UP1025,105522753
HIHA,UP1025,105522759
HIHA,UP1025,105522769
HIHA,UP1025,105522779
HIHA,UP1025,105522812
HIHA,UP1025,105522824
HIHA,UP1025,105522829
HIHA,UP1025,105522857
HIHA,UP1025,105522860
HIHA,UP1025,105522861
HIHA,UP1025,105522920
HIHA,UP1025,105522925
HIHA,UP1025,105522928
HIHA,UP1025,105522967
HIHA,UP1025,105522985
HIHA,UP1025,105523016
HIHA,UP1025,105523025
HIHA,UP1025,105523038
HIHA,UP1025,105523057
HIHA,UP1025,105523077
HIHA,UP1025,105523115
HIHA,UP1025,105523129
HIHA,UP1025,105523171
HIHA,UP1025,105523181
HIHA,UP1025,105523192
HIHA,UP1025,105523244
HIHA,UP1025,105523263
HIHA,UP1025,105523296
HIHA,UP1025,105523336
HIHA,UP1025,105523373
HIHA,UP1025,105523379
HIHA,UP1025,105523380
HIHA,UP1025,105523424
HIHA,UP1025,105523440
HIHA,UP1025,105523454
HIHA,UP1025,105523480
HIHA,UP1025,105523504
HIHA,UP1025,105523513
HIHA,UP1025,105523516
HIHA,UP1025,105523534
HIHA,UP1025,105523549
HIHA,UP1025,105523555
HIHA,UP1025,105523561
HIHA,UP1025,105523578
HIHA,UP1025,105523581
HIHA,UP1025,105523618
HIHA,UP1025,105523668
HIHA,UP1025,105523676
HIHA,UP1025,105523695
HIHA,UP1025,105523706
HIHA,UP1025,105523714
HIHA,UP1025,105523780
HIHA,UP1025,105523816
HIHA,UP1025,105523826
HIHA,UP1025,105523858
HIHA,UP1025,105523860
HIHA,UP1025,105523862
HIHA,UP1025,105523883
HIHA,UP1025,105523891
HIHA,UP1025,105523926
HIHA,UP1025,105523944
HIHA,UP1025,105523975
HIHA,UP1025,105524003
HIHA,UP1025,105524040
HIHA,UP1025,105524054
HIHA,UP1025,105524082
HIHA,UP1025,105524109
HIHA,UP1025,105524113
HIHA,UP1025,105524158
HIHA,UP1025,105524183
HIHA,UP1025,105524191
HIHA,UP1025,105524197
HIHA,UP1025,105524258
HIHA,UP1025,105524290
HIHA,UP1025,105524310
HIHA,UP1025,105524351
HIHA,UP1025,105524357
HIHA,UP1025,105524359
HIHA,UP1025,105524387
HIHA,UP1025,105524417
HIHA,UP1025,105524418
HIHA,UP1025,105524443
HIHA,UP1025,105524478
HIHA,UP1025,105524497
HIHA,UP1025,105524508
HIHA,UP1025,105524553
HIHA,UP1025,105524563
HIHA,UP1025,105524600
HIHA,UP1025,105524605
HIHA,UP1025,105524679
HIHA,UP1025,105524776
HIHA,UP1025,105524783
HIHA,UP1025,105524791
HIHA,UP1025,105524806
HIHA,UP1025,105524819
HIHA,UP1025,105524828
HIHA,UP1025,105524915
HIHA,UP1025,105524928
HIHA,UP1025,105524940
HIHA,UP1025,105524941
HIHA,UP1025,105524944
HIHA,UP1025,105524983
HIHA,UP1025,105525000
HIHA,UP1025,105525021
HIHA,UP1025,105525057
HIHA,UP1025,105525064
HIHA,UP1025,105525113
HIHA,UP1025,105525118
HIHA,UP1025,105525157
HIHA,UP1025,105525174
HIHA,UP1025,105525183
HIHA,UP1025,105525193
HIHA,UP1025,105525199
HIHA,UP1025,105525208
HIHA,UP1025,105525242
HIHA,UP1025,105525256
HIHA,UP1025,105525275
HIHA,UP1025,105525278
HIHA,UP1025,105525297
HIHA,UP1025,105525316
HIHA,UP1025,105525355
HIHA,UP1025,105525386
HIHA,UP1025,105525409
HIHA,UP1025,105525412
HIHA,UP1025,105525423
HIHA,UP1025,105525434
HIHA,UP1025,105525437
HIHA,UP1025,105525486
HIHA,UP1025,105525488
HIHA,UP1025,105525599
HIHA,UP1025,105525632
HIHA,UP1025,105525635
HIHA,UP1025,105525642
HIHA,UP1025,105525644
HIHA,UP1025,105525654
HIHA,UP1025,105525658
HIHA,UP1025,105525716
HIHA,UP1025,105525755
HIHA,UP1025,105525756
HIHA,UP1025,105525786
HIHA,UP1025,105525788
HIHA,UP1025,105525792
HIHA,UP1025,105525831
HIHA,UP1025,105525835
HIHA,UP1025,105525864
HIHA,UP1025,105525867
HIHA,UP1025,105525893
HIHA,UP1025,105525900
HIHA,UP1025,105525901
HIHA,UP1025,105525904
HIHA,UP1025,105525922
HIHA,UP1025,105525936
HIHA,UP1025,105526041
HIHA,UP1025,105526044
HIHA,UP1025,105526047
HIHA,UP1025,105526078
HIHA,UP1025,105526089
HIHA,UP1025,105526108
HIHA,UP1025,105526118
HIHA,UP1025,105526148
HIHA,UP1025,105513558
HIHA,UP1025,105514025
HIHA,UP1025,105514407
HIHA,UP1025,105514523
HIHA,UP1025,105515314
HIHA,UP1025,105517055
HIHA,UP1025,105517418
HIHA,UP1025,105518440
HIHA,UP1025,105520500
HIHA,UP1025,105521563
HIHA,UP1025,105523099
HIHA,UP1025,105524374
HIHA,UP1025,105524758
HIHA,UP1025,105513189
HIHA,UP1025,105513352
HIHA,UP1025,105513736
HIHA,UP1025,105514051
HIHA,UP1025,105514259
HIHA,UP1025,105514335
HIHA,UP1025,105514347
HIHA,UP1025,105515885
HIHA,UP1025,105515950
HIHA,UP1025,105515982
HIHA,UP1025,105516233
HIHA,UP1025,105516767
HIHA,UP1025,105517156
HIHA,UP1025,105517819
HIHA,UP1025,105517844
HIHA,UP1025,105518457
HIHA,UP1025,105518848
HIHA,UP1025,105518982
HIHA,UP1025,105519160
HIHA,UP1025,105519432
HIHA,UP1025,105519591
HIHA,UP1025,105519790
HIHA,UP1025,105520508
HIHA,UP1025,105520709
HIHA,UP1025,105521134
HIHA,UP1025,105521194
HIHA,UP1025,105521418
HIHA,UP1025,105522806
HIHA,UP1025,105523091
HIHA,UP1025,105523514
HIHA,UP1025,105524471
HIHA,UP1025,105524713
HIHA,UP1025,105524718
HIHA,UP1025,105524894
HIHA,UP1025,105525067
HIHA,UP1025,105525247
HIHA,UP1025,105525285
HIHA,UP1025,105525627
HIHA,UP1025,105525759
HIHA,UP1025,105525793
HIHA,UP1025,105513052
HIHA,UP1025,105513160
HIHA,UP1025,105513417
HIHA,UP1025,105513508
HIHA,UP1025,105513568
HIHA,UP1025,105514514
HIHA,UP1025,105514622
HIHA,UP1025,105515037
HIHA,UP1025,105515312
HIHA,UP1025,105515952
HIHA,UP1025,105515968
HIHA,UP1025,105516101
HIHA,UP1025,105516596
HIHA,UP1025,105516723
HIHA,UP1025,105516754
HIHA,UP1025,105516913
HIHA,UP1025,105516979
HIHA,UP1025,105517122
HIHA,UP1025,105517539
HIHA,UP1025,105518055
HIHA,UP1025,105518132
HIHA,UP1025,105518296
HIHA,UP1025,105519163
HIHA,UP1025,105519554
HIHA,UP1025,105519880
HIHA,UP1025,105520285
HIHA,UP1025,105521243
HIHA,UP1025,105521358
HIHA,UP1025,105522203
HIHA,UP1025,105522235
HIHA,UP1025,105522322
HIHA,UP1025,105522366
HIHA,UP1025,105522826
HIHA,UP1025,105523643
HIHA,UP1025,105523647
HIHA,UP1025,105524712
HIHA,UP1025,105525324
HIHA,UP1025,105525385
HIHA,UP1025,105525468
HIHA,UP1025,105525908
HIHA,UP1025,105513860
HIHA,UP1025,105514076
HIHA,UP1025,105514362
HIHA,UP1025,105514713
HIHA,UP1025,105515166
HIHA,UP1025,105515210
HIHA,UP1025,105515370
HIHA,UP1025,105515610
HIHA,UP1025,105515754
HIHA,UP1025,105516316
HIHA,UP1025,105516825
HIHA,UP1025,105516850
HIHA,UP1025,105516880
HIHA,UP1025,105516894
HIHA,UP1025,105516926
HIHA,UP1025,105517069
HIHA,UP1025,105517209
HIHA,UP1025,105517514
HIHA,UP1025,105518004
HIHA,UP1025,105518329
HIHA,UP1025,105518525
HIHA,UP1025,105518905
HIHA,UP1025,105518921
HIHA,UP1025,105519587
HIHA,UP1025,105519667
HIHA,UP1025,105519860
HIHA,UP1025,105520256
HIHA,UP1025,105520306
HIHA,UP1025,105520847
HIHA,UP1025,105520942
HIHA,UP1025,105521031
HIHA,UP1025,105522685
HIHA,UP1025,105524038
HIHA,UP1025,105524060
HIHA,UP1025,105524246
HIHA,UP1025,105524902
HIHA,UP1025,105524919
HIHA,UP1025,105525280
HIHA,UP1025,105525712
HIHA,UP1025,105526110
HIHA,UP1025,105512932
HIHA,UP1025,105513347
HIHA,UP1025,105513471
HIHA,UP1025,105513661
HIHA,UP1025,105513949
HIHA,UP1025,105514897
HIHA,UP1025,105515099
HIHA,UP1025,105515458
HIHA,UP1025,105515774
HIHA,UP1025,105516570
HIHA,UP1025,105516751
HIHA,UP1025,105516930
HIHA,UP1025,105517180
HIHA,UP1025,105517225
HIHA,UP1025,105517392
HIHA,UP1025,105517457
HIHA,UP1025,105517992
HIHA,UP1025,105518140
HIHA,UP1025,105518219
HIHA,UP1025,105518669
HIHA,UP1025,105519084
HIHA,UP1025,105519318
HIHA,UP1025,105520100
HIHA,UP1025,105520361
HIHA,UP1025,105520768
HIHA,UP1025,105520996
HIHA,UP1025,105521351
HIHA,UP1025,105522039
HIHA,UP1025,105522047
HIHA,UP1025,105522600
HIHA,UP1025,105522691
HIHA,UP1025,105523429
HIHA,UP1025,105523652
HIHA,UP1025,105524014
HIHA,UP1025,105524813
HIHA,UP1025,105525128
HIHA,UP1025,105525236
HIHA,UP1025,105525380
HIHA,UP1025,105525507
HIHA,UP1025,105525652
HIHA,UP1025,105513032
HIHA,UP1025,105513382
HIHA,UP1025,105514040
HIHA,UP1025,105514870
HIHA,UP1025,105515798
HIHA,UP1025,105516252
HIHA,UP1025,105517182
HIHA,UP1025,105517267
HIHA,UP1025,105517391
HIHA,UP1025,105518061
HIHA,UP1025,105518158
HIHA,UP1025,105518361
HIHA,UP1025,105518425
HIHA,UP1025,105518610
HIHA,UP1025,105518798
HIHA,UP1025,105519213
HIHA,UP1025,105519315
HIHA,UP1025,105519543
HIHA,UP1025,105520402
HIHA,UP1025,105520553
HIHA,UP1025,105520656
HIHA,UP1025,105521030
HIHA,UP1025,105521121
HIHA,UP1025,105521212
HIHA,UP1025,105521541
HIHA,UP1025,105521935
HIHA,UP1025,105522168
HIHA,UP1025,105522402
HIHA,UP1025,105522682
HIHA,UP1025,105522710
HIHA,UP1025,105523158
HIHA,UP1025,105523678
HIHA,UP1025,105523793
HIHA,UP1025,105524187
HIHA,UP1025,105524361
HIHA,UP1025,105524491
HIHA,UP1025,105524994
HIHA,UP1025,105525079
HIHA,UP1025,105525407
HIHA,UP1025,105525771
HIHA,UP1025,105513930
HIHA,UP1025,105514839
HIHA,UP1025,105515257
HIHA,UP1025,105516854
HIHA,UP1025,105517121
HIHA,UP1025,105517928
HIHA,UP1025,105518651
HIHA,UP1025,105518729
HIHA,UP1025,105523492
HIHA,UP1025,105515480
HIHA,UP1025,105516172
HIHA,UP1025,105518228
HIHA,UP1025,105518961
HIHA,UP1025,105520990
HIHA,UP1025,105521483
HIHA,UP1025,105522013
HIHA,UP1025,105523936
HIHA,UP1025,105525041
HIHA,UP1025,105525282
HIHA,UP1025,105525768
HIHA,UP1025,105513721
HIHA,UP1025,105513821
HIHA,UP1025,105513828
HIHA,UP1025,105513979
HIHA,UP1025,105515113
HIHA,UP1025,105515121
HIHA,UP1025,105515128
HIHA,UP1025,105515779
HIHA,UP1025,105516504
HIHA,UP1025,105516537
HIHA,UP1025,105516605
HIHA,UP1025,105516757
HIHA,UP1025,105516937
HIHA,UP1025,105517373
HIHA,UP1025,105517893
HIHA,UP1025,105518100
HIHA,UP1025,105518164
HIHA,UP1025,105518235
HIHA,UP1025,105518873
HIHA,UP1025,105519047
HIHA,UP1025,105519127
HIHA,UP1025,105519143
HIHA,UP1025,105519300
HIHA,UP1025,105519393
HIHA,UP1025,105519404
HIHA,UP1025,105519734
HIHA,UP1025,105519858
HIHA,UP1025,105519952
HIHA,UP1025,105519986
HIHA,UP1025,105520486
HIHA,UP1025,105521631
HIHA,UP1025,105522018
HIHA,UP1025,105522146
HIHA,UP1025,105522236
HIHA,UP1025,105522307
HIHA,UP1025,105522814
HIHA,UP1025,105523948
HIHA,UP1025,105525446
HIHA,UP1025,105525802
HIHA,UP1025,105525865
HIHA,UP1025,105512954
HIHA,UP1025,105512959
HIHA,UP1025,105512989
HIHA,UP1025,105513029
HIHA,UP1025,105513046
HIHA,UP1025,105513232
HIHA,UP1025,105513351
HIHA,UP1025,105513675
HIHA,UP1025,105513823
HIHA,UP1025,105514034
HIHA,UP1025,105514152
HIHA,UP1025,105515260
HIHA,UP1025,105515333
HIHA,UP1025,105515674
HIHA,UP1025,105515959
HIHA,UP1025,105516987
HIHA,UP1025,105517287
HIHA,UP1025,105517831
HIHA,UP1025,105518205
HIHA,UP1025,105519193
HIHA,UP1025,105519905
HIHA,UP1025,105520552
HIHA,UP1025,105520630
HIHA,UP1025,105520941
HIHA,UP1025,105521321
HIHA,UP1025,105521634
HIHA,UP1025,105521637
HIHA,UP1025,105521654
HIHA,UP1025,105521780
HIHA,UP1025,105523191
HIHA,UP1025,105523276
HIHA,UP1025,105523452
HIHA,UP1025,105523794
HIHA,UP1025,105523904
HIHA,UP1025,105524020
HIHA,UP1025,105524059
HIHA,UP1025,105524208
HIHA,UP1025,105525060
HIHA,UP1025,105525855
HIHA,UP1025,105526070
HIHA,UP1031,105543711
HIHA,UP1031,105543741
HIHA,UP1031,105543749
HIHA,UP1031,105543823
HIHA,UP1031,105543845
HIHA,UP1031,105543897
HIHA,UP1031,105543942
HIHA,UP1031,105543967
HIHA,UP1031,105544014
HIHA,UP1031,105544040
HIHA,UP1031,105544072
HIHA,UP1031,105544078
HIHA,UP1031,105544145
HIHA,UP1031,105544146
HIHA,UP1031,105544178
HIHA,UP1031,105544216
HIHA,UP1031,105544218
HIHA,UP1031,105544238
HIHA,UP1031,105544344
HIHA,UP1031,105544367
HIHA,UP1031,105544444
HIHA,UP1031,105544510
HIHA,UP1031,105544516
HIHA,UP1031,105544595
HIHA,UP1031,105544601
HIHA,UP1031,105544683
HIHA,UP1031,105544700
HIHA,UP1031,105544716
HIHA,UP1031,105544732
HIHA,UP1031,105544749
HIHA,UP1031,105544773
HIHA,UP1031,105544785
HIHA,UP1031,105544793
HIHA,UP1031,105544801
HIHA,UP1031,105544847
HIHA,UP1031,105544876
HIHA,UP1031,105544910
HIHA,UP1031,105544936
HIHA,UP1031,105544976
HIHA,UP1031,105544994
HIHA,UP1031,105545036
HIHA,UP1031,105545103
HIHA,UP1031,105545107
HIHA,UP1031,105545122
HIHA,UP1031,105545166
HIHA,UP1031,105545207
HIHA,UP1031,105545321
HIHA,UP1031,105545332
HIHA,UP1031,105545334
HIHA,UP1031,105545348
HIHA,UP1031,105545352
HIHA,UP1031,105545386
HIHA,UP1031,105545393
HIHA,UP1031,105545400
HIHA,UP1031,105545508
HIHA,UP1031,105545534
HIHA,UP1031,105545699
HIHA,UP1031,105545701
HIHA,UP1031,105545704
HIHA,UP1031,105545740
HIHA,UP1031,105545757
HIHA,UP1031,105545777
HIHA,UP1031,105545825
HIHA,UP1031,105545827
HIHA,UP1031,105545855
HIHA,UP1031,105545897
HIHA,UP1031,105545952
HIHA,UP1031,105545957
HIHA,UP1031,105545978
HIHA,UP1031,105546005
HIHA,UP1031,105546034
HIHA,UP1031,105546073
HIHA,UP1031,105546081
HIHA,UP1031,105546082
HIHA,UP1031,105546084
HIHA,UP1031,105546140
HIHA,UP1031,105546145
HIHA,UP1031,105546169
HIHA,UP1031,105546203
HIHA,UP1031,105546212
HIHA,UP1031,105546315
HIHA,UP1031,105546357
HIHA,UP1031,105546374
HIHA,UP1031,105546381
HIHA,UP1031,105546394
HIHA,UP1031,105546426
HIHA,UP1031,105546462
HIHA,UP1031,105546505
HIHA,UP1031,105546642
HIHA,UP1031,105546671
HIHA,UP1031,105546681
HIHA,UP1031,105546684
HIHA,UP1031,105546699
HIHA,UP1031,105546717
HIHA,UP1031,105546757
HIHA,UP1031,105546768
HIHA,UP1031,105546776
HIHA,UP1031,105546785
HIHA,UP1031,105546841
HIHA,UP1031,105546869
HIHA,UP1031,105546900
HIHA,UP1031,105546912
HIHA,UP1031,105546966
HIHA,UP1031,105547109
HIHA,UP1031,105547129
HIHA,UP1031,105547172
HIHA,UP1031,105547192
HIHA,UP1031,105547231
HIHA,UP1031,105547292
HIHA,UP1031,105547346
HIHA,UP1031,105547352
HIHA,UP1031,105547356
HIHA,UP1031,105547365
HIHA,UP1031,105547376
HIHA,UP1031,105547397
HIHA,UP1031,105547420
HIHA,UP1031,105547432
HIHA,UP1031,105547445
HIHA,UP1031,105547458
HIHA,UP1031,105547459
HIHA,UP1031,105547479
HIHA,UP1031,105547489
HIHA,UP1031,105547497
HIHA,UP1031,105547537
HIHA,UP1031,105547548
HIHA,UP1031,105547563
HIHA,UP1031,105547583
HIHA,UP1031,105547585
HIHA,UP1031,105547599
HIHA,UP1031,105547611
HIHA,UP1031,105547663
HIHA,UP1031,105547680
HIHA,UP1031,105547693
HIHA,UP1031,105547720
HIHA,UP1031,105547763
HIHA,UP1031,105547792
HIHA,UP1031,105547808
HIHA,UP1031,105547842
HIHA,UP1031,105547895
HIHA,UP1031,105547904
HIHA,UP1031,105547921
HIHA,UP1031,105547924
HIHA,UP1031,105547931
HIHA,UP1031,105547947
HIHA,UP1031,105547959
HIHA,UP1031,105548038
HIHA,UP1031,105548040
HIHA,UP1031,105548052
HIHA,UP1031,105548118
HIHA,UP1031,105548164
HIHA,UP1031,105548198
HIHA,UP1031,105548213
HIHA,UP1031,105548235
HIHA,UP1031,105548239
HIHA,UP1031,105548288
HIHA,UP1031,105548300
HIHA,UP1031,105548312
HIHA,UP1031,105548384
HIHA,UP1031,105548402
HIHA,UP1031,105548404
HIHA,UP1031,105548428
HIHA,UP1031,105548435
HIHA,UP1031,105548438
HIHA,UP1031,105548498
HIHA,UP1031,105548511
HIHA,UP1031,105548558
HIHA,UP1031,105548586
HIHA,UP1031,105548620
HIHA,UP1031,105548627
HIHA,UP1031,105548662
HIHA,UP1031,105548807
HIHA,UP1031,105548883
HIHA,UP1031,105548921
HIHA,UP1031,105548965
HIHA,UP1031,105548985
HIHA,UP1031,105548996
HIHA,UP1031,105549024
HIHA,UP1031,105549025
HIHA,UP1031,105549033
HIHA,UP1031,105549038
HIHA,UP1031,105549057
HIHA,UP1031,105549140
HIHA,UP1031,105549146
HIHA,UP1031,105549154
HIHA,UP1031,105549164
HIHA,UP1031,105549175
HIHA,UP1031,105549194
HIHA,UP1031,105549196
HIHA,UP1031,105549220
HIHA,UP1031,105549242
HIHA,UP1031,105549243
HIHA,UP1031,105549265
HIHA,UP1031,105549289
HIHA,UP1031,105549311
HIHA,UP1031,105549322
HIHA,UP1031,105549327
HIHA,UP1031,105549354
HIHA,UP1031,105549371
HIHA,UP1031,105549383
HIHA,UP1031,105549406
HIHA,UP1031,105549415
HIHA,UP1031,105549472
HIHA,UP1031,105549481
HIHA,UP1031,105549509
HIHA,UP1031,105549516
HIHA,UP1031,105549548
HIHA,UP1031,105549591
HIHA,UP1031,105549635
HIHA,UP1031,105549638
HIHA,UP1031,105549685
HIHA,UP1031,105549743
HIHA,UP1031,105549767
HIHA,UP1031,105549783
HIHA,UP1031,105549817
HIHA,UP1031,105549863
HIHA,UP1031,105549875
HIHA,UP1031,105550033
HIHA,UP1031,105550071
HIHA,UP1031,105550079
HIHA,UP1031,105550119
HIHA,UP1031,105550126
HIHA,UP1031,105550138
HIHA,UP1031,105550187
HIHA,UP1031,105550211
HIHA,UP1031,105550287
HIHA,UP1031,105550359
HIHA,UP1031,105550405
HIHA,UP1031,105550472
HIHA,UP1031,105550504
HIHA,UP1031,105550520
HIHA,UP1031,105550522
HIHA,UP1031,105550527
HIHA,UP1031,105550531
HIHA,UP1031,105550551
HIHA,UP1031,105550605
HIHA,UP1031,105550637
HIHA,UP1031,105550656
HIHA,UP1031,105550682
HIHA,UP1031,105550751
HIHA,UP1031,105550768
HIHA,UP1031,105550852
HIHA,UP1031,105550853
HIHA,UP1031,105550857
HIHA,UP1031,105550860
HIHA,UP1031,105550864
HIHA,UP1031,105550894
HIHA,UP1031,105550902
HIHA,UP1031,105550909
HIHA,UP1031,105550926
HIHA,UP1031,105550936
HIHA,UP1031,105550983
HIHA,UP1031,105551019
HIHA,UP1031,105551034
HIHA,UP1031,105551049
HIHA,UP1031,105551139
HIHA,UP1031,105551239
HIHA,UP1031,105551249
HIHA,UP1031,105551256
HIHA,UP1031,105551315
HIHA,UP1031,105551338
HIHA,UP1031,105551345
HIHA,UP1031,105551390
HIHA,UP1031,105551434
HIHA,UP1031,105551510
HIHA,UP1031,105551522
HIHA,UP1031,105551524
HIHA,UP1031,105551533
HIHA,UP1031,105551553
HIHA,UP1031,105551564
HIHA,UP1031,105551596
HIHA,UP1031,105551598
HIHA,UP1031,105551601
HIHA,UP1031,105551642
HIHA,UP1031,105551677
HIHA,UP1031,105551770
HIHA,UP1031,105551771
HIHA,UP1031,105551798
HIHA,UP1031,105551815
HIHA,UP1031,105551828
HIHA,UP1031,105551830
HIHA,UP1031,105551867
HIHA,UP1031,105551875
HIHA,UP1031,105551891
HIHA,UP1031,105551897
HIHA,UP1031,105551912
HIHA,UP1031,105551930
HIHA,UP1031,105551946
HIHA,UP1031,105551984
HIHA,UP1031,105551987
HIHA,UP1031,105552021
HIHA,UP1031,105552056
HIHA,UP1031,105552067
HIHA,UP1031,105552298
HIHA,UP1031,105552307
HIHA,UP1031,105552310
HIHA,UP1031,105552315
HIHA,UP1031,105552325
HIHA,UP1031,105552358
HIHA,UP1031,105552362
HIHA,UP1031,105552406
HIHA,UP1031,105552445
HIHA,UP1031,105552481
HIHA,UP1031,105552491
HIHA,UP1031,105552527
HIHA,UP1031,105552546
HIHA,UP1031,105552551
HIHA,UP1031,105552570
HIHA,UP1031,105552576
HIHA,UP1031,105552587
HIHA,UP1031,105552608
HIHA,UP1031,105552619
HIHA,UP1031,105552648
HIHA,UP1031,105552704
HIHA,UP1031,105552765
HIHA,UP1031,105552776
HIHA,UP1031,105552789
HIHA,UP1031,105552811
HIHA,UP1031,105552827
HIHA,UP1031,105552850
HIHA,UP1031,105552869
HIHA,UP1031,105552887
HIHA,UP1031,105552888
HIHA,UP1031,105552920
HIHA,UP1031,105552932
HIHA,UP1031,105552942
HIHA,UP1031,105552953
HIHA,UP1031,105553003
HIHA,UP1031,105553015
HIHA,UP1031,105553079
HIHA,UP1031,105553106
HIHA,UP1031,105553135
HIHA,UP1031,105553212
HIHA,UP1031,105553264
HIHA,UP1031,105553269
HIHA,UP1031,105553308
HIHA,UP1031,105553322
HIHA,UP1031,105553374
HIHA,UP1031,105553485
HIHA,UP1031,105553511
HIHA,UP1031,105553746
HIHA,UP1031,105553779
HIHA,UP1031,105553795
HIHA,UP1031,105553854
HIHA,UP1031,105553899
HIHA,UP1031,105553918
HIHA,UP1031,105553957
HIHA,UP1031,105553986
HIHA,UP1031,105553992
HIHA,UP1031,105553993
HIHA,UP1031,105554025
HIHA,UP1031,105554073
HIHA,UP1031,105554082
HIHA,UP1031,105554084
HIHA,UP1031,105554093
HIHA,UP1031,105554116
HIHA,UP1031,105554177
HIHA,UP1031,105554192
HIHA,UP1031,105554217
HIHA,UP1031,105554230
HIHA,UP1031,105554269
HIHA,UP1031,105554311
HIHA,UP1031,105554349
HIHA,UP1031,105554382
HIHA,UP1031,105554398
HIHA,UP1031,105554429
HIHA,UP1031,105554512
HIHA,UP1031,105554547
HIHA,UP1031,105554550
HIHA,UP1031,105554571
HIHA,UP1031,105554589
HIHA,UP1031,105554599
HIHA,UP1031,105554603
HIHA,UP1031,105554654
HIHA,UP1031,105554679
HIHA,UP1031,105554700
HIHA,UP1031,105554703
HIHA,UP1031,105554708
HIHA,UP1031,105554710
HIHA,UP1031,105554729
HIHA,UP1031,105554732
HIHA,UP1031,105554763
HIHA,UP1031,105554765
HIHA,UP1031,105554792
HIHA,UP1031,105554802
HIHA,UP1031,105554858
HIHA,UP1031,105554873
HIHA,UP1031,105554874
HIHA,UP1031,105554897
HIHA,UP1031,105554958
HIHA,UP1031,105554967
HIHA,UP1031,105554969
HIHA,UP1031,105554981
HIHA,UP1031,105555011
HIHA,UP1031,105555035
HIHA,UP1031,105555039
HIHA,UP1031,105555064
HIHA,UP1031,105555071
HIHA,UP1031,105555161
HIHA,UP1031,105555168
HIHA,UP1031,105555251
HIHA,UP1031,105555255
HIHA,UP1031,105555263
HIHA,UP1031,105555283
HIHA,UP1031,105555293
HIHA,UP1031,105555345
HIHA,UP1031,105555366
HIHA,UP1031,105555367
HIHA,UP1031,105555395
HIHA,UP1031,105555448
HIHA,UP1031,105555458
HIHA,UP1031,105555470
HIHA,UP1031,105555506
HIHA,UP1031,105555516
HIHA,UP1031,105555587
HIHA,UP1031,105555625
HIHA,UP1031,105555640
HIHA,UP1031,105555701
HIHA,UP1031,105555809
HIHA,UP1031,105555835
HIHA,UP1031,105555862
HIHA,UP1031,105555904
HIHA,UP1031,105555910
HIHA,UP1031,105555949
HIHA,UP1031,105555974
HIHA,UP1031,105555975
HIHA,UP1031,105556013
HIHA,UP1031,105556018
HIHA,UP1031,105556052
HIHA,UP1031,105556112
HIHA,UP1031,105556133
HIHA,UP1031,105556159
HIHA,UP1031,105556215
HIHA,UP1031,105556280
HIHA,UP1031,105556298
HIHA,UP1031,105556302
HIHA,UP1031,105556321
HIHA,UP1031,105556351
HIHA,UP1031,105556353
HIHA,UP1031,105556361
HIHA,UP1031,105556364
HIHA,UP1031,105556430
HIHA,UP1031,105556514
HIHA,UP1031,105556536
HIHA,UP1031,105556572
HIHA,UP1031,105556612
HIHA,UP1031,105556689
HIHA,UP1031,105556764
HIHA,UP1031,105556765
HIHA,UP1031,105556783
HIHA,UP1031,105556805
HIHA,UP1031,105556817
HIHA,UP1031,105556906
HIHA,UP1031,105556913
HIHA,UP1031,105556916
HIHA,UP1031,105556931
HIHA,UP1031,105557019
HIHA,UP1031,105557034
HIHA,UP1031,105557045
HIHA,UP1031,105557055
HIHA,UP1031,105557063
HIHA,UP1031,105557067
HIHA,UP1031,105557124
HIHA,UP1031,105557133
HIHA,UP1031,105557235
HIHA,UP1031,105557290
HIHA,UP1031,105557419
HIHA,UP1031,105557507
HIHA,UP1031,105557515
HIHA,UP1031,105557522
HIHA,UP1031,105557539
HIHA,UP1031,105557562
HIHA,UP1031,105557570
HIHA,UP1031,105557575
HIHA,UP1031,105557612
HIHA,UP1031,105557640
HIHA,UP1031,105557688
HIHA,UP1031,105557691
HIHA,UP1031,105557754
HIHA,UP1031,105557809
HIHA,UP1031,105557826
HIHA,UP1031,105557914
HIHA,UP1031,105557936
HIHA,UP1031,105557959
HIHA,UP1031,105557960
HIHA,UP1031,105558022
HIHA,UP1031,105558027
HIHA,UP1031,105558055
HIHA,UP1031,105558060
HIHA,UP1031,105558092
HIHA,UP1031,105558094
HIHA,UP1031,105558127
HIHA,UP1031,105558150
HIHA,UP1031,105558158
HIHA,UP1031,105558171
HIHA,UP1031,105558188
HIHA,UP1031,105558199
HIHA,UP1031,105558227
HIHA,UP1031,105558246
HIHA,UP1031,105558304
HIHA,UP1031,105558313
HIHA,UP1031,105558394
HIHA,UP1031,105558445
HIHA,UP1031,105558468
HIHA,UP1031,105558482
HIHA,UP1031,105558492
HIHA,UP1031,105558530
HIHA,UP1031,105558618
HIHA,UP1031,105558620
HIHA,UP1031,105558633
HIHA,UP1031,105558640
HIHA,UP1031,105558656
HIHA,UP1031,105558660
HIHA,UP1031,105558673
HIHA,UP1031,105558697
HIHA,UP1031,105558705
HIHA,UP1031,105558780
HIHA,UP1031,105558823
HIHA,UP1031,105558828
HIHA,UP1031,105558886
HIHA,UP1031,105558893
HIHA,UP1031,105558968
HIHA,UP1031,105558987
HIHA,UP1031,105558989
HIHA,UP1031,105559014
HIHA,UP1031,105559108
HIHA,UP1031,105559131
HIHA,UP1031,105559143
HIHA,UP1031,105559226
HIHA,UP1031,105559284
HIHA,UP1031,105559287
HIHA,UP1031,105559292
HIHA,UP1031,105559312
HIHA,UP1031,105559361
HIHA,UP1031,105559365
HIHA,UP1031,105559384
HIHA,UP1031,105559401
HIHA,UP1031,105559420
HIHA,UP1031,105559422
HIHA,UP1031,105559452
HIHA,UP1031,105559460
HIHA,UP1031,105559504
HIHA,UP1031,105559652
HIHA,UP1031,105559679
HIHA,UP1031,105559694
HIHA,UP1031,105559702
HIHA,UP1031,105559740
HIHA,UP1031,105559752
HIHA,UP1031,105559756
HIHA,UP1031,105559773
HIHA,UP1031,105559807
HIHA,UP1031,105559818
HIHA,UP1031,105559845
HIHA,UP1031,105559871
HIHA,UP1031,105559902
HIHA,UP1031,105559905
HIHA,UP1031,105559915
HIHA,UP1031,105559926
HIHA,UP1031,105559936
HIHA,UP1031,105559950
HIHA,UP1031,105559955
HIHA,UP1031,105559970
HIHA,UP1031,105560048
HIHA,UP1031,105560051
HIHA,UP1031,105560125
HIHA,UP1031,105560147
HIHA,UP1031,105560168
HIHA,UP1031,105560183
HIHA,UP1031,105560230
HIHA,UP1031,105560285
HIHA,UP1031,105560289
HIHA,UP1031,105560369
HIHA,UP1031,105560396
HIHA,UP1031,105560536
HIHA,UP1031,105560607
HIHA,UP1031,105560704
HIHA,UP1031,105560731
HIHA,UP1031,105560736
HIHA,UP1031,105560825
HIHA,UP1031,105560829
HIHA,UP1031,105560830
HIHA,UP1031,105560840
HIHA,UP1031,105560869
HIHA,UP1031,105560877
HIHA,UP1031,105560925
HIHA,UP1031,105560961
HIHA,UP1031,105560996
HIHA,UP1031,105561005
HIHA,UP1031,105561026
HIHA,UP1031,105561033
HIHA,UP1031,105561064
HIHA,UP1031,105561065
HIHA,UP1031,105561074
HIHA,UP1031,105561112
HIHA,UP1031,105561120
HIHA,UP1031,105561135
HIHA,UP1031,105561157
HIHA,UP1031,105561193
HIHA,UP1031,105561195
HIHA,UP1031,105561236
HIHA,UP1031,105561347
HIHA,UP1031,105548999
HIHA,UP1031,105550412
HIHA,UP1031,105551023
HIHA,UP1031,105551613
HIHA,UP1031,105556044
HIHA,UP1031,105558392
HIHA,UP1031,105544263
HIHA,UP1031,105545342
HIHA,UP1031,105546083
HIHA,UP1031,105546604
HIHA,UP1031,105546830
HIHA,UP1031,105547009
HIHA,UP1031,105547501
HIHA,UP1031,105547810
HIHA,UP1031,105548858
HIHA,UP1031,105549940
HIHA,UP1031,105550041
HIHA,UP1031,105550103
HIHA,UP1031,105550521
HIHA,UP1031,105550762
HIHA,UP1031,105550783
HIHA,UP1031,105551089
HIHA,UP1031,105551516
HIHA,UP1031,105551610
HIHA,UP1031,105551721
HIHA,UP1031,105552068
HIHA,UP1031,105552437
HIHA,UP1031,105552456
HIHA,UP1031,105552931
HIHA,UP1031,105553901
HIHA,UP1031,105554205
HIHA,UP1031,105554219
HIHA,UP1031,105554279
HIHA,UP1031,105555132
HIHA,UP1031,105555316
HIHA,UP1031,105556040
HIHA,UP1031,105556369
HIHA,UP1031,105558519
HIHA,UP1031,105558738
HIHA,UP1031,105558800
HIHA,UP1031,105559609
HIHA,UP1031,105559678
HIHA,UP1031,105559778
HIHA,UP1031,105559879
HIHA,UP1031,105561037
HIHA,UP1031,105561226
HIHA,UP1031,105544542
HIHA,UP1031,105544783
HIHA,UP1031,105544886
HIHA,UP1031,105545097
HIHA,UP1031,105545625
HIHA,UP1031,105546078
HIHA,UP1031,105546957
HIHA,UP1031,105547461
HIHA,UP1031,105547559
HIHA,UP1031,105548576
HIHA,UP1031,105548694
HIHA,UP1031,105548834
HIHA,UP1031,105549726
HIHA,UP1031,105551142
HIHA,UP1031,105552009
HIHA,UP1031,105552163
HIHA,UP1031,105552289
HIHA,UP1031,105552326
HIHA,UP1031,105552569
HIHA,UP1031,105552583
HIHA,UP1031,105552733
HIHA,UP1031,105553065
HIHA,UP1031,105553093
HIHA,UP1031,105553174
HIHA,UP1031,105553204
HIHA,UP1031,105554101
HIHA,UP1031,105554197
HIHA,UP1031,105555636
HIHA,UP1031,105556407
HIHA,UP1031,105557027
HIHA,UP1031,105557397
HIHA,UP1031,105558287
HIHA,UP1031,105558525
HIHA,UP1031,105558815
HIHA,UP1031,105559107
HIHA,UP1031,105560035
HIHA,UP1031,105560391
HIHA,UP1031,105560467
HIHA,UP1031,105560490
HIHA,UP1031,105561350
HIHA,UP1031,105543764
HIHA,UP1031,105545212
HIHA,UP1031,105545680
HIHA,UP1031,105545733
HIHA,UP1031,105545867
HIHA,UP1031,105545940
HIHA,UP1031,105546382
HIHA,UP1031,105546455
HIHA,UP1031,105546527
HIHA,UP1031,105546651
HIHA,UP1031,105546702
HIHA,UP1031,105546751
HIHA,UP1031,105547139
HIHA,UP1031,105548013
HIHA,UP1031,105548427
HIHA,UP1031,105548582
HIHA,UP1031,105548708
HIHA,UP1031,105548864
HIHA,UP1031,105549119
HIHA,UP1031,105549394
HIHA,UP1031,105549673
HIHA,UP1031,105549938
HIHA,UP1031,105550661
HIHA,UP1031,105551238
HIHA,UP1031,105551661
HIHA,UP1031,105551749
HIHA,UP1031,105553061
HIHA,UP1031,105553380
HIHA,UP1031,105553937
HIHA,UP1031,105554274
HIHA,UP1031,105554314
HIHA,UP1031,105555118
HIHA,UP1031,105556562
HIHA,UP1031,105557220
HIHA,UP1031,105557294
HIHA,UP1031,105558850
HIHA,UP1031,105558851
HIHA,UP1031,105559152
HIHA,UP1031,105560684
HIHA,UP1031,105560719
HIHA,UP1031,105543732
HIHA,UP1031,105543855
HIHA,UP1031,105543898
HIHA,UP1031,105544038
HIHA,UP1031,105544372
HIHA,UP1031,105544643
HIHA,UP1031,105544692
HIHA,UP1031,105544751
HIHA,UP1031,105545605
HIHA,UP1031,105545766
HIHA,UP1031,105546148
HIHA,UP1031,105546360
HIHA,UP1031,105546439
HIHA,UP1031,105547341
HIHA,UP1031,105548104
HIHA,UP1031,105548359
HIHA,UP1031,105548753
HIHA,UP1031,105548835
HIHA,UP1031,105548929
HIHA,UP1031,105549069
HIHA,UP1031,105549272
HIHA,UP1031,105549654
HIHA,UP1031,105550337
HIHA,UP1031,105550823
HIHA,UP1031,105550892
HIHA,UP1031,105551529
HIHA,UP1031,105552930
HIHA,UP1031,105554451
HIHA,UP1031,105554609
HIHA,UP1031,105555492
HIHA,UP1031,105556188
HIHA,UP1031,105557037
HIHA,UP1031,105557858
HIHA,UP1031,105557994
HIHA,UP1031,105559042
HIHA,UP1031,105559295
HIHA,UP1031,105559395
HIHA,UP1031,105560060
HIHA,UP1031,105560845
HIHA,UP1031,105561323
HIHA,UP1031,105544201
HIHA,UP1031,105544653
HIHA,UP1031,105544997
HIHA,UP1031,105545658
HIHA,UP1031,105547456
HIHA,UP1031,105547496
HIHA,UP1031,105547539
HIHA,UP1031,105547730
HIHA,UP1031,105548310
HIHA,UP1031,105548403
HIHA,UP1031,105548742
HIHA,UP1031,105548855
HIHA,UP1031,105548990
HIHA,UP1031,105549123
HIHA,UP1031,105549153
HIHA,UP1031,105550271
HIHA,UP1031,105550708
HIHA,UP1031,105551041
HIHA,UP1031,105551042
HIHA,UP1031,105551101
HIHA,UP1031,105551617
HIHA,UP1031,105552028
HIHA,UP1031,105553839
HIHA,UP1031,105553987
HIHA,UP1031,105554259
HIHA,UP1031,105555137
HIHA,UP1031,105555597
HIHA,UP1031,105555603
HIHA,UP1031,105555748
HIHA,UP1031,105556118
HIHA,UP1031,105556886
HIHA,UP1031,105558219
HIHA,UP1031,105558799
HIHA,UP1031,105559297
HIHA,UP1031,105560252
HIHA,UP1031,105560308
HIHA,UP1031,105560326
HIHA,UP1031,105560498
HIHA,UP1031,105560638
HIHA,UP1031,105560807
HIHA,UP1031,105544015
HIHA,UP1031,105558266
HIHA,UP1031,105558320
HIHA,UP1031,105546647
HIHA,UP1031,105553836
HIHA,UP1031,105554018
HIHA,UP1031,105560361
HIHA,UP1031,105561366
HIHA,UP1031,105543689
HIHA,UP1031,105543738
HIHA,UP1031,105544227
HIHA,UP1031,105544337
HIHA,UP1031,105546252
HIHA,UP1031,105546832
HIHA,UP1031,105547476
HIHA,UP1031,105547555
HIHA,UP1031,105547772
HIHA,UP1031,105548069
HIHA,UP1031,105548712
HIHA,UP1031,105549349
HIHA,UP1031,105550159
HIHA,UP1031,105551036
HIHA,UP1031,105551132
HIHA,UP1031,105551781
HIHA,UP1031,105551785
HIHA,UP1031,105551817
HIHA,UP1031,105552242
HIHA,UP1031,105552272
HIHA,UP1031,105552441
HIHA,UP1031,105554574
HIHA,UP1031,105555048
HIHA,UP1031,105555553
HIHA,UP1031,105556057
HIHA,UP1031,105556101
HIHA,UP1031,105556778
HIHA,UP1031,105557079
HIHA,UP1031,105557654
HIHA,UP1031,105557780
HIHA,UP1031,105558267
HIHA,UP1031,105558317
HIHA,UP1031,105558690
HIHA,UP1031,105559023
HIHA,UP1031,105559024
HIHA,UP1031,105559105
HIHA,UP1031,105560356
HIHA,UP1031,105560362
HIHA,UP1031,105560770
HIHA,UP1031,105561151
HIHA,UP1031,105545801
HIHA,UP1032,105561412
HIHA,UP1032,105561452
HIHA,UP1032,105561453
HIHA,UP1032,105561473
HIHA,UP1032,105561480
HIHA,UP1032,105561494
HIHA,UP1032,105561516
HIHA,UP1032,105561522
HIHA,UP1032,105561539
HIHA,UP1032,105561542
HIHA,UP1032,105561563
HIHA,UP1032,105561568
HIHA,UP1032,105561597
HIHA,UP1032,105561602
HIHA,UP1032,105561644
HIHA,UP1032,105561666
HIHA,UP1032,105561670
HIHA,UP1032,105561698
HIHA,UP1032,105561704
HIHA,UP1032,105561705
HIHA,UP1032,105561709
HIHA,UP1032,105561732
HIHA,UP1032,105561810
HIHA,UP1032,105561827
HIHA,UP1032,105561838
HIHA,UP1032,105561843
HIHA,UP1032,105561861
HIHA,UP1032,105561879
HIHA,UP1032,105561930
HIHA,UP1032,105561965
HIHA,UP1032,105561979
HIHA,UP1032,105561982
HIHA,UP1032,105562057
HIHA,UP1032,105562099
HIHA,UP1032,105562118
HIHA,UP1032,105562122
HIHA,UP1032,105562128
HIHA,UP1032,105562142
HIHA,UP1032,105562145
HIHA,UP1032,105562167
HIHA,UP1032,105562191
HIHA,UP1032,105562202
HIHA,UP1032,105562211
HIHA,UP1032,105562250
HIHA,UP1032,105562268
HIHA,UP1032,105562284
HIHA,UP1032,105562289
HIHA,UP1032,105562303
HIHA,UP1032,105562335
HIHA,UP1032,105562344
HIHA,UP1032,105562353
HIHA,UP1032,105562396
HIHA,UP1032,105562418
HIHA,UP1032,105562445
HIHA,UP1032,105562470
HIHA,UP1032,105562519
HIHA,UP1032,105562525
HIHA,UP1032,105562553
HIHA,UP1032,105562565
HIHA,UP1032,105562621
HIHA,UP1032,105562676
HIHA,UP1032,105562692
HIHA,UP1032,105562707
HIHA,UP1032,105562762
HIHA,UP1032,105562786
HIHA,UP1032,105562800
HIHA,UP1032,105562826
HIHA,UP1032,105562845
HIHA,UP1032,105562849
HIHA,UP1032,105562868
HIHA,UP1032,105562943
HIHA,UP1032,105562967
HIHA,UP1032,105562978
HIHA,UP1032,105562988
HIHA,UP1032,105563019
HIHA,UP1032,105563025
HIHA,UP1032,105563029
HIHA,UP1032,105563046
HIHA,UP1032,105563069
HIHA,UP1032,105563070
HIHA,UP1032,105563092
HIHA,UP1032,105563120
HIHA,UP1032,105563137
HIHA,UP1032,105563188
HIHA,UP1032,105563269
HIHA,UP1032,105563279
HIHA,UP1032,105563282
HIHA,UP1032,105563294
HIHA,UP1032,105563315
HIHA,UP1032,105563329
HIHA,UP1032,105563330
HIHA,UP1032,105563344
HIHA,UP1032,105563380
HIHA,UP1032,105563427
HIHA,UP1032,105563462
HIHA,UP1032,105563470
HIHA,UP1032,105563488
HIHA,UP1032,105563550
HIHA,UP1032,105563561
HIHA,UP1032,105563580
HIHA,UP1032,105563587
HIHA,UP1032,105563621
HIHA,UP1032,105563639
HIHA,UP1032,105563644
HIHA,UP1032,105563649
HIHA,UP1032,105563684
HIHA,UP1032,105563690
HIHA,UP1032,105563699
HIHA,UP1032,105563729
HIHA,UP1032,105563743
HIHA,UP1032,105563773
HIHA,UP1032,105563778
HIHA,UP1032,105563811
HIHA,UP1032,105563815
HIHA,UP1032,105563846
HIHA,UP1032,105563856
HIHA,UP1032,105563869
HIHA,UP1032,105563873
HIHA,UP1032,105563877
HIHA,UP1032,105563908
HIHA,UP1032,105563922
HIHA,UP1032,105563929
HIHA,UP1032,105563934
HIHA,UP1032,105563984
HIHA,UP1032,105564018
HIHA,UP1032,105564029
HIHA,UP1032,105564047
HIHA,UP1032,105564104
HIHA,UP1032,105564119
HIHA,UP1032,105564120
HIHA,UP1032,105564135
HIHA,UP1032,105564136
HIHA,UP1032,105564146
HIHA,UP1032,105564164
HIHA,UP1032,105564168
HIHA,UP1032,105564219
HIHA,UP1032,105564310
HIHA,UP1032,105564320
HIHA,UP1032,105564342
HIHA,UP1032,105564365
HIHA,UP1032,105564452
HIHA,UP1032,105564507
HIHA,UP1032,105564552
HIHA,UP1032,105564568
HIHA,UP1032,105564582
HIHA,UP1032,105564589
HIHA,UP1032,105564596
HIHA,UP1032,105564624
HIHA,UP1032,105564655
HIHA,UP1032,105564671
HIHA,UP1032,105564705
HIHA,UP1032,105564710
HIHA,UP1032,105564770
HIHA,UP1032,105564830
HIHA,UP1032,105564832
HIHA,UP1032,105564836
HIHA,UP1032,105564862
HIHA,UP1032,105564874
HIHA,UP1032,105564898
HIHA,UP1032,105564900
HIHA,UP1032,105564955
HIHA,UP1032,105564971
HIHA,UP1032,105565044
HIHA,UP1032,105565063
HIHA,UP1032,105565083
HIHA,UP1032,105565121
HIHA,UP1032,105565126
HIHA,UP1032,105565227
HIHA,UP1032,105565366
HIHA,UP1032,105565404
HIHA,UP1032,105565442
HIHA,UP1032,105565467
HIHA,UP1032,105565485
HIHA,UP1032,105565522
HIHA,UP1032,105565585
HIHA,UP1032,105565591
HIHA,UP1032,105565645
HIHA,UP1032,105565650
HIHA,UP1032,105565688
HIHA,UP1032,105565692
HIHA,UP1032,105565746
HIHA,UP1032,105565771
HIHA,UP1032,105565798
HIHA,UP1032,105565821
HIHA,UP1032,105565829
HIHA,UP1032,105565866
HIHA,UP1032,105565878
HIHA,UP1032,105565920
HIHA,UP1032,105565930
HIHA,UP1032,105565945
HIHA,UP1032,105566001
HIHA,UP1032,105566060
HIHA,UP1032,105566095
HIHA,UP1032,105566101
HIHA,UP1032,105566104
HIHA,UP1032,105566137
HIHA,UP1032,105566159
HIHA,UP1032,105566200
HIHA,UP1032,105566201
HIHA,UP1032,105566304
HIHA,UP1032,105566322
HIHA,UP1032,105566369
HIHA,UP1032,105566406
HIHA,UP1032,105566414
HIHA,UP1032,105566428
HIHA,UP1032,105566480
HIHA,UP1032,105566546
HIHA,UP1032,105566592
HIHA,UP1032,105566632
HIHA,UP1032,105566706
HIHA,UP1032,105566727
HIHA,UP1032,105566770
HIHA,UP1032,105566799
HIHA,UP1032,105566836
HIHA,UP1032,105566850
HIHA,UP1032,105566852
HIHA,UP1032,105566855
HIHA,UP1032,105566860
HIHA,UP1032,105566917
HIHA,UP1032,105566952
HIHA,UP1032,105566964
HIHA,UP1032,105566966
HIHA,UP1032,105567000
HIHA,UP1032,105567053
HIHA,UP1032,105567110
HIHA,UP1032,105567152
HIHA,UP1032,105567160
HIHA,UP1032,105567176
HIHA,UP1032,105567272
HIHA,UP1032,105567280
HIHA,UP1032,105567335
HIHA,UP1032,105567337
HIHA,UP1032,105567376
HIHA,UP1032,105567399
HIHA,UP1032,105567480
HIHA,UP1032,105567483
HIHA,UP1032,105567492
HIHA,UP1032,105567498
HIHA,UP1032,105567652
HIHA,UP1032,105567682
HIHA,UP1032,105567704
HIHA,UP1032,105567743
HIHA,UP1032,105567757
HIHA,UP1032,105567831
HIHA,UP1032,105567872
HIHA,UP1032,105567886
HIHA,UP1032,105567889
HIHA,UP1032,105567890
HIHA,UP1032,105567953
HIHA,UP1032,105567978
HIHA,UP1032,105568028
HIHA,UP1032,105568076
HIHA,UP1032,105568101
HIHA,UP1032,105568108
HIHA,UP1032,105568119
HIHA,UP1032,105568130
HIHA,UP1032,105568227
HIHA,UP1032,105568230
HIHA,UP1032,105568252
HIHA,UP1032,105568318
HIHA,UP1032,105568319
HIHA,UP1032,105568357
HIHA,UP1032,105568360
HIHA,UP1032,105568365
HIHA,UP1032,105568382
HIHA,UP1032,105568388
HIHA,UP1032,105568436
HIHA,UP1032,105568437
HIHA,UP1032,105568445
HIHA,UP1032,105568451
HIHA,UP1032,105568461
HIHA,UP1032,105568485
HIHA,UP1032,105568493
HIHA,UP1032,105568530
HIHA,UP1032,105568538
HIHA,UP1032,105568559
HIHA,UP1032,105568577
HIHA,UP1032,105568589
HIHA,UP1032,105568597
HIHA,UP1032,105568610
HIHA,UP1032,105568658
HIHA,UP1032,105568673
HIHA,UP1032,105568731
HIHA,UP1032,105568739
HIHA,UP1032,105568799
HIHA,UP1032,105568850
HIHA,UP1032,105568865
HIHA,UP1032,105568957
HIHA,UP1032,105568959
HIHA,UP1032,105569007
HIHA,UP1032,105569126
HIHA,UP1032,105569161
HIHA,UP1032,105569189
HIHA,UP1032,105569194
HIHA,UP1032,105569251
HIHA,UP1032,105569255
HIHA,UP1032,105569389
HIHA,UP1032,105569438
HIHA,UP1032,105569465
HIHA,UP1032,105569506
HIHA,UP1032,105569516
HIHA,UP1032,105569521
HIHA,UP1032,105569553
HIHA,UP1032,105569597
HIHA,UP1032,105569656
HIHA,UP1032,105569660
HIHA,UP1032,105569673
HIHA,UP1032,105569690
HIHA,UP1032,105569715
HIHA,UP1032,105569757
HIHA,UP1032,105569765
HIHA,UP1032,105569793
HIHA,UP1032,105569851
HIHA,UP1032,105569856
HIHA,UP1032,105569888
HIHA,UP1032,105569901
HIHA,UP1032,105569947
HIHA,UP1032,105569957
HIHA,UP1032,105569964
HIHA,UP1032,105570014
HIHA,UP1032,105570154
HIHA,UP1032,105570180
HIHA,UP1032,105570217
HIHA,UP1032,105570266
HIHA,UP1032,105570321
HIHA,UP1032,105570343
HIHA,UP1032,105570350
HIHA,UP1032,105570351
HIHA,UP1032,105570368
HIHA,UP1032,105570382
HIHA,UP1032,105570409
HIHA,UP1032,105570452
HIHA,UP1032,105570465
HIHA,UP1032,105570516
HIHA,UP1032,105570543
HIHA,UP1032,105570589
HIHA,UP1032,105570690
HIHA,UP1032,105570703
HIHA,UP1032,105570706
HIHA,UP1032,105570756
HIHA,UP1032,105570782
HIHA,UP1032,105570797
HIHA,UP1032,105570836
HIHA,UP1032,105570864
HIHA,UP1032,105570875
HIHA,UP1032,105570882
HIHA,UP1032,105570902
HIHA,UP1032,105570903
HIHA,UP1032,105570925
HIHA,UP1032,105570946
HIHA,UP1032,105570985
HIHA,UP1032,105571019
HIHA,UP1032,105571029
HIHA,UP1032,105571066
HIHA,UP1032,105571077
HIHA,UP1032,105571104
HIHA,UP1032,105571114
HIHA,UP1032,105571143
HIHA,UP1032,105571169
HIHA,UP1032,105571192
HIHA,UP1032,105571289
HIHA,UP1032,105571291
HIHA,UP1032,105571314
HIHA,UP1032,105571324
HIHA,UP1032,105571326
HIHA,UP1032,105571385
HIHA,UP1032,105571410
HIHA,UP1032,105571416
HIHA,UP1032,105571446
HIHA,UP1032,105571482
HIHA,UP1032,105571517
HIHA,UP1032,105571547
HIHA,UP1032,105571553
HIHA,UP1032,105571582
HIHA,UP1032,105571620
HIHA,UP1032,105571636
HIHA,UP1032,105571674
HIHA,UP1032,105571688
HIHA,UP1032,105571713
HIHA,UP1032,105571722
HIHA,UP1032,105571734
HIHA,UP1032,105571787
HIHA,UP1032,105571807
HIHA,UP1032,105571831
HIHA,UP1032,105571843
HIHA,UP1032,105571903
HIHA,UP1032,105571940
HIHA,UP1032,105571942
HIHA,UP1032,105571952
HIHA,UP1032,105571954
HIHA,UP1032,105571957
HIHA,UP1032,105572029
HIHA,UP1032,105572050
HIHA,UP1032,105572119
HIHA,UP1032,105572161
HIHA,UP1032,105572175
HIHA,UP1032,105572179
HIHA,UP1032,105572185
HIHA,UP1032,105572191
HIHA,UP1032,105572200
HIHA,UP1032,105572237
HIHA,UP1032,105572245
HIHA,UP1032,105572249
HIHA,UP1032,105572260
HIHA,UP1032,105572273
HIHA,UP1032,105572283
HIHA,UP1032,105572291
HIHA,UP1032,105572330
HIHA,UP1032,105572332
HIHA,UP1032,105572335
HIHA,UP1032,105572357
HIHA,UP1032,105572432
HIHA,UP1032,105572443
HIHA,UP1032,105572473
HIHA,UP1032,105572480
HIHA,UP1032,105572583
HIHA,UP1032,105572594
HIHA,UP1032,105572609
HIHA,UP1032,105572627
HIHA,UP1032,105572657
HIHA,UP1032,105572702
HIHA,UP1032,105572704
HIHA,UP1032,105572755
HIHA,UP1032,105572757
HIHA,UP1032,105572786
HIHA,UP1032,105572816
HIHA,UP1032,105572827
HIHA,UP1032,105572858
HIHA,UP1032,105572860
HIHA,UP1032,105572877
HIHA,UP1032,105572890
HIHA,UP1032,105572941
HIHA,UP1032,105572963
HIHA,UP1032,105573016
HIHA,UP1032,105573059
HIHA,UP1032,105573081
HIHA,UP1032,105573088
HIHA,UP1032,105573100
HIHA,UP1032,105573133
HIHA,UP1032,105573153
HIHA,UP1032,105573156
HIHA,UP1032,105573159
HIHA,UP1032,105573169
HIHA,UP1032,105573233
HIHA,UP1032,105573277
HIHA,UP1032,105573295
HIHA,UP1032,105573303
HIHA,UP1032,105573304
HIHA,UP1032,105573309
HIHA,UP1032,105573333
HIHA,UP1032,105573347
HIHA,UP1032,105573408
HIHA,UP1032,105573431
HIHA,UP1032,105573450
HIHA,UP1032,105573520
HIHA,UP1032,105573620
HIHA,UP1032,105573636
HIHA,UP1032,105573652
HIHA,UP1032,105573736
HIHA,UP1032,105573755
HIHA,UP1032,105573762
HIHA,UP1032,105573781
HIHA,UP1032,105573808
HIHA,UP1032,105573836
HIHA,UP1032,105573855
HIHA,UP1032,105573928
HIHA,UP1032,105573952
HIHA,UP1032,105573960
HIHA,UP1032,105573985
HIHA,UP1032,105574004
HIHA,UP1032,105574035
HIHA,UP1032,105574049
HIHA,UP1032,105574069
HIHA,UP1032,105574109
HIHA,UP1032,105574124
HIHA,UP1032,105574164
HIHA,UP1032,105574255
HIHA,UP1032,105574270
HIHA,UP1032,105574271
HIHA,UP1032,105574325
HIHA,UP1032,105574328
HIHA,UP1032,105574333
HIHA,UP1032,105574397
HIHA,UP1032,105574425
HIHA,UP1032,105574481
HIHA,UP1032,105574485
HIHA,UP1032,105574539
HIHA,UP1032,105574553
HIHA,UP1032,105574588
HIHA,UP1032,105574646
HIHA,UP1032,105574651
HIHA,UP1032,105574652
HIHA,UP1032,105574663
HIHA,UP1032,105574692
HIHA,UP1032,105574693
HIHA,UP1032,105574695
HIHA,UP1032,105574723
HIHA,UP1032,105574729
HIHA,UP1032,105574752
HIHA,UP1032,105574763
HIHA,UP1032,105574774
HIHA,UP1032,105574792
HIHA,UP1032,105574797
HIHA,UP1032,105574872
HIHA,UP1032,105574887
HIHA,UP1032,105574936
HIHA,UP1032,105574961
HIHA,UP1032,105575016
HIHA,UP1032,105575029
HIHA,UP1032,105575039
HIHA,UP1032,105575070
HIHA,UP1032,105575081
HIHA,UP1032,105575090
HIHA,UP1032,105575116
HIHA,UP1032,105575125
HIHA,UP1032,105575156
HIHA,UP1032,105575159
HIHA,UP1032,105575260
HIHA,UP1032,105575266
HIHA,UP1032,105575372
HIHA,UP1032,105575413
HIHA,UP1032,105575444
HIHA,UP1032,105575456
HIHA,UP1032,105575486
HIHA,UP1032,105575509
HIHA,UP1032,105575672
HIHA,UP1032,105575731
HIHA,UP1032,105575749
HIHA,UP1032,105575764
HIHA,UP1032,105575781
HIHA,UP1032,105575836
HIHA,UP1032,105575866
HIHA,UP1032,105575872
HIHA,UP1032,105575926
HIHA,UP1032,105575961
HIHA,UP1032,105575978
HIHA,UP1032,105576009
HIHA,UP1032,105576037
HIHA,UP1032,105576110
HIHA,UP1032,105576121
HIHA,UP1032,105576137
HIHA,UP1032,105576171
HIHA,UP1032,105576247
HIHA,UP1032,105576249
HIHA,UP1032,105576262
HIHA,UP1032,105576283
HIHA,UP1032,105576317
HIHA,UP1032,105576369
HIHA,UP1032,105576400
HIHA,UP1032,105576447
HIHA,UP1032,105576448
HIHA,UP1032,105576474
HIHA,UP1032,105576487
HIHA,UP1032,105576494
HIHA,UP1032,105576505
HIHA,UP1032,105576591
HIHA,UP1032,105576619
HIHA,UP1032,105576620
HIHA,UP1032,105576645
HIHA,UP1032,105576655
HIHA,UP1032,105576691
HIHA,UP1032,105576722
HIHA,UP1032,105576742
HIHA,UP1032,105576759
HIHA,UP1032,105576787
HIHA,UP1032,105576832
HIHA,UP1032,105576851
HIHA,UP1032,105576886
HIHA,UP1032,105576937
HIHA,UP1032,105576943
HIHA,UP1032,105576971
HIHA,UP1032,105576979
HIHA,UP1032,105576981
HIHA,UP1032,105577012
HIHA,UP1032,105577021
HIHA,UP1032,105577027
HIHA,UP1032,105577029
HIHA,UP1032,105577037
HIHA,UP1032,105577038
HIHA,UP1032,105577048
HIHA,UP1032,105577095
HIHA,UP1032,105577110
HIHA,UP1032,105577112
HIHA,UP1032,105577172
HIHA,UP1032,105577181
HIHA,UP1032,105577204
HIHA,UP1032,105577212
HIHA,UP1032,105577215
HIHA,UP1032,105577239
HIHA,UP1032,105577271
HIHA,UP1032,105577286
HIHA,UP1032,105577303
HIHA,UP1032,105577331
HIHA,UP1032,105577476
HIHA,UP1032,105577509
HIHA,UP1032,105577522
HIHA,UP1032,105577535
HIHA,UP1032,105577549
HIHA,UP1032,105577578
HIHA,UP1032,105577682
HIHA,UP1032,105567131
HIHA,UP1032,105567883
HIHA,UP1032,105568841
HIHA,UP1032,105569644
HIHA,UP1032,105571612
HIHA,UP1032,105572789
HIHA,UP1032,105572790
HIHA,UP1032,105573800
HIHA,UP1032,105561451
HIHA,UP1032,105562054
HIHA,UP1032,105562223
HIHA,UP1032,105562768
HIHA,UP1032,105563265
HIHA,UP1032,105563671
HIHA,UP1032,105564447
HIHA,UP1032,105564656
HIHA,UP1032,105565098
HIHA,UP1032,105565476
HIHA,UP1032,105565557
HIHA,UP1032,105565831
HIHA,UP1032,105566760
HIHA,UP1032,105567792
HIHA,UP1032,105567991
HIHA,UP1032,105568587
HIHA,UP1032,105569042
HIHA,UP1032,105569705
HIHA,UP1032,105569898
HIHA,UP1032,105571180
HIHA,UP1032,105571249
HIHA,UP1032,105571341
HIHA,UP1032,105571376
HIHA,UP1032,105571456
HIHA,UP1032,105571748
HIHA,UP1032,105572451
HIHA,UP1032,105573361
HIHA,UP1032,105573582
HIHA,UP1032,105573677
HIHA,UP1032,105574086
HIHA,UP1032,105574168
HIHA,UP1032,105574674
HIHA,UP1032,105574733
HIHA,UP1032,105574750
HIHA,UP1032,105574832
HIHA,UP1032,105575697
HIHA,UP1032,105576331
HIHA,UP1032,105576715
HIHA,UP1032,105576909
HIHA,UP1032,105577579
HIHA,UP1032,105561559
HIHA,UP1032,105562189
HIHA,UP1032,105562251
HIHA,UP1032,105562390
HIHA,UP1032,105563298
HIHA,UP1032,105563357
HIHA,UP1032,105563720
HIHA,UP1032,105563812
HIHA,UP1032,105563920
HIHA,UP1032,105564185
HIHA,UP1032,105564392
HIHA,UP1032,105565379
HIHA,UP1032,105566404
HIHA,UP1032,105566762
HIHA,UP1032,105566863
HIHA,UP1032,105567136
HIHA,UP1032,105567458
HIHA,UP1032,105567802
HIHA,UP1032,105567906
HIHA,UP1032,105568269
HIHA,UP1032,105569273
HIHA,UP1032,105569455
HIHA,UP1032,105569675
HIHA,UP1032,105570209
HIHA,UP1032,105570790
HIHA,UP1032,105571162
HIHA,UP1032,105571186
HIHA,UP1032,105571194
HIHA,UP1032,105571396
HIHA,UP1032,105572315
HIHA,UP1032,105572373
HIHA,UP1032,105573065
HIHA,UP1032,105573990
HIHA,UP1032,105574463
HIHA,UP1032,105574977
HIHA,UP1032,105575778
HIHA,UP1032,105576212
HIHA,UP1032,105576732
HIHA,UP1032,105576753
HIHA,UP1032,105576754
HIHA,UP1032,105561421
HIHA,UP1032,105561609
HIHA,UP1032,105562144
HIHA,UP1032,105562296
HIHA,UP1032,105562400
HIHA,UP1032,105562429
HIHA,UP1032,105563865
HIHA,UP1032,105564343
HIHA,UP1032,105565105
HIHA,UP1032,105565207
HIHA,UP1032,105565558
HIHA,UP1032,105565631
HIHA,UP1032,105565660
HIHA,UP1032,105565813
HIHA,UP1032,105565972
HIHA,UP1032,105566352
HIHA,UP1032,105567924
HIHA,UP1032,105569222
HIHA,UP1032,105569489
HIHA,UP1032,105570307
HIHA,UP1032,105570512
HIHA,UP1032,105570758
HIHA,UP1032,105571140
HIHA,UP1032,105571199
HIHA,UP1032,105571657
HIHA,UP1032,105571664
HIHA,UP1032,105572483
HIHA,UP1032,105572783
HIHA,UP1032,105572958
HIHA,UP1032,105573615
HIHA,UP1032,105574583
HIHA,UP1032,105574817
HIHA,UP1032,105575158
HIHA,UP1032,105575265
HIHA,UP1032,105575586
HIHA,UP1032,105575947
HIHA,UP1032,105576124
HIHA,UP1032,105576946
HIHA,UP1032,105577409
HIHA,UP1032,105577705
HIHA,UP1032,105561877
HIHA,UP1032,105562165
HIHA,UP1032,105562562
HIHA,UP1032,105563373
HIHA,UP1032,105564003
HIHA,UP1032,105564124
HIHA,UP1032,105564131
HIHA,UP1032,105565551
HIHA,UP1032,105565754
HIHA,UP1032,105565820
HIHA,UP1032,105567022
HIHA,UP1032,105567104
HIHA,UP1032,105567256
HIHA,UP1032,105567374
HIHA,UP1032,105567975
HIHA,UP1032,105568006
HIHA,UP1032,105568669
HIHA,UP1032,105568730
HIHA,UP1032,105569175
HIHA,UP1032,105569370
HIHA,UP1032,105569401
HIHA,UP1032,105569666
HIHA,UP1032,105570063
HIHA,UP1032,105570193
HIHA,UP1032,105570586
HIHA,UP1032,105570856
HIHA,UP1032,105571302
HIHA,UP1032,105571825
HIHA,UP1032,105571924
HIHA,UP1032,105572039
HIHA,UP1032,105572230
HIHA,UP1032,105573524
HIHA,UP1032,105573678
HIHA,UP1032,105573917
HIHA,UP1032,105574363
HIHA,UP1032,105576090
HIHA,UP1032,105576870
HIHA,UP1032,105576887
HIHA,UP1032,105577379
HIHA,UP1032,105577611
HIHA,UP1032,105562147
HIHA,UP1032,105562432
HIHA,UP1032,105562724
HIHA,UP1032,105563203
HIHA,UP1032,105563493
HIHA,UP1032,105565298
HIHA,UP1032,105565356
HIHA,UP1032,105565859
HIHA,UP1032,105566378
HIHA,UP1032,105566419
HIHA,UP1032,105566710
HIHA,UP1032,105566956
HIHA,UP1032,105567408
HIHA,UP1032,105568642
HIHA,UP1032,105569118
HIHA,UP1032,105569510
HIHA,UP1032,105569713
HIHA,UP1032,105569749
HIHA,UP1032,105569761
HIHA,UP1032,105569833
HIHA,UP1032,105570207
HIHA,UP1032,105570509
HIHA,UP1032,105571444
HIHA,UP1032,105571867
HIHA,UP1032,105572227
HIHA,UP1032,105572281
HIHA,UP1032,105573571
HIHA,UP1032,105575015
HIHA,UP1032,105575198
HIHA,UP1032,105575347
HIHA,UP1032,105575368
HIHA,UP1032,105575490
HIHA,UP1032,105575496
HIHA,UP1032,105575810
HIHA,UP1032,105576085
HIHA,UP1032,105576608
HIHA,UP1032,105576777
HIHA,UP1032,105576807
HIHA,UP1032,105577199
HIHA,UP1032,105577326
HIHA,UP1032,105562799
HIHA,UP1032,105564731
HIHA,UP1032,105569041
HIHA,UP1032,105569676
HIHA,UP1032,105571010
HIHA,UP1032,105571025
HIHA,UP1032,105571181
HIHA,UP1032,105572498
HIHA,UP1032,105572831
HIHA,UP1032,105575912
HIHA,UP1032,105577264
HIHA,UP1032,105562533
HIHA,UP1032,105563831
HIHA,UP1032,105564238
HIHA,UP1032,105565884
HIHA,UP1032,105570712
HIHA,UP1032,105571144
HIHA,UP1032,105572873
HIHA,UP1032,105576264
HIHA,UP1032,105561488
HIHA,UP1032,105561864
HIHA,UP1032,105561934
HIHA,UP1032,105561949
HIHA,UP1032,105562672
HIHA,UP1032,105563032
HIHA,UP1032,105563542
HIHA,UP1032,105563725
HIHA,UP1032,105564098
HIHA,UP1032,105564105
HIHA,UP1032,105565270
HIHA,UP1032,105565976
HIHA,UP1032,105566152
HIHA,UP1032,105566812
HIHA,UP1032,105568007
HIHA,UP1032,105568067
HIHA,UP1032,105568074
HIHA,UP1032,105568234
HIHA,UP1032,105570730
HIHA,UP1032,105571409
HIHA,UP1032,105571544
HIHA,UP1032,105571546
HIHA,UP1032,105572394
HIHA,UP1032,105572489
HIHA,UP1032,105572492
HIHA,UP1032,105572560
HIHA,UP1032,105572647
HIHA,UP1032,105572973
HIHA,UP1032,105573093
HIHA,UP1032,105573152
HIHA,UP1032,105573826
HIHA,UP1032,105573996
HIHA,UP1032,105574011
HIHA,UP1032,105575245
HIHA,UP1032,105575982
HIHA,UP1032,105576011
HIHA,UP1032,105576065
HIHA,UP1032,105576473
HIHA,UP1032,105576632
HIHA,UP1032,105576894
HIHA,UP1032,105564550
HIHA,UP1032,105569171
HIHA,UP1034,105577747
HIHA,UP1034,105577884
HIHA,UP1034,105577917
HIHA,UP1034,105577955
HIHA,UP1034,105577959
HIHA,UP1034,105577960
HIHA,UP1034,105578014
HIHA,UP1034,105578116
HIHA,UP1034,105578127
HIHA,UP1034,105578204
HIHA,UP1034,105578205
HIHA,UP1034,105578239
HIHA,UP1034,105578261
HIHA,UP1034,105578266
HIHA,UP1034,105578267
HIHA,UP1034,105578358
HIHA,UP1034,105578386
HIHA,UP1034,105578421
HIHA,UP1034,105578425
HIHA,UP1034,105578432
HIHA,UP1034,105578436
HIHA,UP1034,105578524
HIHA,UP1034,105578529
HIHA,UP1034,105578578
HIHA,UP1034,105578634
HIHA,UP1034,105578637
HIHA,UP1034,105578640
HIHA,UP1034,105578659
HIHA,UP1034,105578670
HIHA,UP1034,105578696
HIHA,UP1034,105578700
HIHA,UP1034,105578711
HIHA,UP1034,105578767
HIHA,UP1034,105578771
HIHA,UP1034,105578857
HIHA,UP1034,105578858
HIHA,UP1034,105578872
HIHA,UP1034,105578921
HIHA,UP1034,105578964
HIHA,UP1034,105579043
HIHA,UP1034,105579063
HIHA,UP1034,105579079
HIHA,UP1034,105579098
HIHA,UP1034,105579105
HIHA,UP1034,105579150
HIHA,UP1034,105579206
HIHA,UP1034,105579259
HIHA,UP1034,105579312
HIHA,UP1034,105579323
HIHA,UP1034,105579348
HIHA,UP1034,105579353
HIHA,UP1034,105579461
HIHA,UP1034,105579465
HIHA,UP1034,105579503
HIHA,UP1034,105579508
HIHA,UP1034,105579522
HIHA,UP1034,105579548
HIHA,UP1034,105579556
HIHA,UP1034,105579628
HIHA,UP1034,105579649
HIHA,UP1034,105579685
HIHA,UP1034,105579690
HIHA,UP1034,105579709
HIHA,UP1034,105579735
HIHA,UP1034,105579773
HIHA,UP1034,105579798
HIHA,UP1034,105579816
HIHA,UP1034,105579824
HIHA,UP1034,105579864
HIHA,UP1034,105579996
HIHA,UP1034,105580007
HIHA,UP1034,105580047
HIHA,UP1034,105580063
HIHA,UP1034,105580069
HIHA,UP1034,105580085
HIHA,UP1034,105580092
HIHA,UP1034,105580108
HIHA,UP1034,105580115
HIHA,UP1034,105580143
HIHA,UP1034,105580238
HIHA,UP1034,105580252
HIHA,UP1034,105580302
HIHA,UP1034,105580308
HIHA,UP1034,105580322
HIHA,UP1034,105580346
HIHA,UP1034,105580359
HIHA,UP1034,105580362
HIHA,UP1034,105580367
HIHA,UP1034,105580466
HIHA,UP1034,105580473
HIHA,UP1034,105580568
HIHA,UP1034,105580591
HIHA,UP1034,105580596
HIHA,UP1034,105580602
HIHA,UP1034,105580651
HIHA,UP1034,105580668
HIHA,UP1034,105580673
HIHA,UP1034,105580716
HIHA,UP1034,105580723
HIHA,UP1034,105580729
HIHA,UP1034,105580779
HIHA,UP1034,105580786
HIHA,UP1034,105580789
HIHA,UP1034,105580886
HIHA,UP1034,105580968
HIHA,UP1034,105580975
HIHA,UP1034,105581013
HIHA,UP1034,105581019
HIHA,UP1034,105581052
HIHA,UP1034,105581054
HIHA,UP1034,105581084
HIHA,UP1034,105581126
HIHA,UP1034,105581186
HIHA,UP1034,105581191
HIHA,UP1034,105581240
HIHA,UP1034,105581288
HIHA,UP1034,105581323
HIHA,UP1034,105581324
HIHA,UP1034,105581370
HIHA,UP1034,105581394
HIHA,UP1034,105581409
HIHA,UP1034,105581410
HIHA,UP1034,105581415
HIHA,UP1034,105581447
HIHA,UP1034,105581456
HIHA,UP1034,105581503
HIHA,UP1034,105581521
HIHA,UP1034,105581578
HIHA,UP1034,105581643
HIHA,UP1034,105581787
HIHA,UP1034,105581862
HIHA,UP1034,105581899
HIHA,UP1034,105581919
HIHA,UP1034,105581932
HIHA,UP1034,105581961
HIHA,UP1034,105581965
HIHA,UP1034,105581981
HIHA,UP1034,105581986
HIHA,UP1034,105581992
HIHA,UP1034,105582036
HIHA,UP1034,105582057
HIHA,UP1034,105582070
HIHA,UP1034,105582100
HIHA,UP1034,105582148
HIHA,UP1034,105582191
HIHA,UP1034,105582209
HIHA,UP1034,105582216
HIHA,UP1034,105582237
HIHA,UP1034,105582260
HIHA,UP1034,105582327
HIHA,UP1034,105582330
HIHA,UP1034,105582385
HIHA,UP1034,105582399
HIHA,UP1034,105582412
HIHA,UP1034,105582460
HIHA,UP1034,105582488
HIHA,UP1034,105582514
HIHA,UP1034,105582552
HIHA,UP1034,105582574
HIHA,UP1034,105582626
HIHA,UP1034,105582673
HIHA,UP1034,105582751
HIHA,UP1034,105582883
HIHA,UP1034,105582976
HIHA,UP1034,105582996
HIHA,UP1034,105583001
HIHA,UP1034,105583084
HIHA,UP1034,105583094
HIHA,UP1034,105583115
HIHA,UP1034,105583199
HIHA,UP1034,105583228
HIHA,UP1034,105583250
HIHA,UP1034,105583289
HIHA,UP1034,105583349
HIHA,UP1034,105583365
HIHA,UP1034,105583384
HIHA,UP1034,105583386
HIHA,UP1034,105583467
HIHA,UP1034,105583507
HIHA,UP1034,105583508
HIHA,UP1034,105583528
HIHA,UP1034,105583531
HIHA,UP1034,105583558
HIHA,UP1034,105583564
HIHA,UP1034,105583589
HIHA,UP1034,105583639
HIHA,UP1034,105583654
HIHA,UP1034,105583722
HIHA,UP1034,105583796
HIHA,UP1034,105583895
HIHA,UP1034,105583896
HIHA,UP1034,105583917
HIHA,UP1034,105583938
HIHA,UP1034,105583946
HIHA,UP1034,105583961
HIHA,UP1034,105583964
HIHA,UP1034,105583996
HIHA,UP1034,105584018
HIHA,UP1034,105584091
HIHA,UP1034,105584099
HIHA,UP1034,105584125
HIHA,UP1034,105584234
HIHA,UP1034,105584238
HIHA,UP1034,105584278
HIHA,UP1034,105584282
HIHA,UP1034,105584301
HIHA,UP1034,105584311
HIHA,UP1034,105584324
HIHA,UP1034,105584371
HIHA,UP1034,105584375
HIHA,UP1034,105584390
HIHA,UP1034,105584393
HIHA,UP1034,105584414
HIHA,UP1034,105584441
HIHA,UP1034,105584474
HIHA,UP1034,105584495
HIHA,UP1034,105584518
HIHA,UP1034,105584577
HIHA,UP1034,105584581
HIHA,UP1034,105584650
HIHA,UP1034,105584666
HIHA,UP1034,105584700
HIHA,UP1034,105584807
HIHA,UP1034,105584827
HIHA,UP1034,105584828
HIHA,UP1034,105584982
HIHA,UP1034,105585009
HIHA,UP1034,105585010
HIHA,UP1034,105585015
HIHA,UP1034,105585032
HIHA,UP1034,105585052
HIHA,UP1034,105585054
HIHA,UP1034,105585061
HIHA,UP1034,105585063
HIHA,UP1034,105585112
HIHA,UP1034,105585176
HIHA,UP1034,105585214
HIHA,UP1034,105585321
HIHA,UP1034,105585332
HIHA,UP1034,105585345
HIHA,UP1034,105585392
HIHA,UP1034,105585455
HIHA,UP1034,105585472
HIHA,UP1034,105585474
HIHA,UP1034,105585490
HIHA,UP1034,105585514
HIHA,UP1034,105585527
HIHA,UP1034,105585531
HIHA,UP1034,105585533
HIHA,UP1034,105585559
HIHA,UP1034,105585603
HIHA,UP1034,105585614
HIHA,UP1034,105585622
HIHA,UP1034,105585679
HIHA,UP1034,105585791
HIHA,UP1034,105585812
HIHA,UP1034,105585831
HIHA,UP1034,105585840
HIHA,UP1034,105585848
HIHA,UP1034,105585861
HIHA,UP1034,105585892
HIHA,UP1034,105585926
HIHA,UP1034,105585940
HIHA,UP1034,105585956
HIHA,UP1034,105585968
HIHA,UP1034,105585974
HIHA,UP1034,105586006
HIHA,UP1034,105586018
HIHA,UP1034,105586055
HIHA,UP1034,105586102
HIHA,UP1034,105586148
HIHA,UP1034,105586160
HIHA,UP1034,105586270
HIHA,UP1034,105586288
HIHA,UP1034,105586331
HIHA,UP1034,105586341
HIHA,UP1034,105586359
HIHA,UP1034,105586472
HIHA,UP1034,105586480
HIHA,UP1034,105586527
HIHA,UP1034,105586536
HIHA,UP1034,105586562
HIHA,UP1034,105586564
HIHA,UP1034,105586566
HIHA,UP1034,105586576
HIHA,UP1034,105586587
HIHA,UP1034,105586593
HIHA,UP1034,105586621
HIHA,UP1034,105586645
HIHA,UP1034,105586657
HIHA,UP1034,105586710
HIHA,UP1034,105586767
HIHA,UP1034,105586786
HIHA,UP1034,105586803
HIHA,UP1034,105586814
HIHA,UP1034,105586817
HIHA,UP1034,105586844
HIHA,UP1034,105586920
HIHA,UP1034,105586990
HIHA,UP1034,105587004
HIHA,UP1034,105587199
HIHA,UP1034,105587212
HIHA,UP1034,105587259
HIHA,UP1034,105587268
HIHA,UP1034,105587292
HIHA,UP1034,105587430
HIHA,UP1034,105587445
HIHA,UP1034,105587447
HIHA,UP1034,105587449
HIHA,UP1034,105587537
HIHA,UP1034,105587566
HIHA,UP1034,105587631
HIHA,UP1034,105587642
HIHA,UP1034,105587666
HIHA,UP1034,105587680
HIHA,UP1034,105587692
HIHA,UP1034,105587710
HIHA,UP1034,105587712
HIHA,UP1034,105587760
HIHA,UP1034,105587869
HIHA,UP1034,105587880
HIHA,UP1034,105587882
HIHA,UP1034,105587998
HIHA,UP1034,105588009
HIHA,UP1034,105588010
HIHA,UP1034,105588021
HIHA,UP1034,105588043
HIHA,UP1034,105588106
HIHA,UP1034,105588108
HIHA,UP1034,105588124
HIHA,UP1034,105588146
HIHA,UP1034,105588148
HIHA,UP1034,105588163
HIHA,UP1034,105588276
HIHA,UP1034,105588286
HIHA,UP1034,105588386
HIHA,UP1034,105588395
HIHA,UP1034,105588407
HIHA,UP1034,105588409
HIHA,UP1034,105588414
HIHA,UP1034,105588467
HIHA,UP1034,105588492
HIHA,UP1034,105588527
HIHA,UP1034,105588547
HIHA,UP1034,105588578
HIHA,UP1034,105588589
HIHA,UP1034,105588644
HIHA,UP1034,105588647
HIHA,UP1034,105588652
HIHA,UP1034,105588678
HIHA,UP1034,105588713
HIHA,UP1034,105588746
HIHA,UP1034,105588778
HIHA,UP1034,105588779
HIHA,UP1034,105588784
HIHA,UP1034,105588829
HIHA,UP1034,105588830
HIHA,UP1034,105588834
HIHA,UP1034,105588840
HIHA,UP1034,105588873
HIHA,UP1034,105588899
HIHA,UP1034,105588928
HIHA,UP1034,105588939
HIHA,UP1034,105588987
HIHA,UP1034,105588994
HIHA,UP1034,105589013
HIHA,UP1034,105589024
HIHA,UP1034,105589042
HIHA,UP1034,105589076
HIHA,UP1034,105589079
HIHA,UP1034,105589149
HIHA,UP1034,105589216
HIHA,UP1034,105589242
HIHA,UP1034,105589289
HIHA,UP1034,105589303
HIHA,UP1034,105589304
HIHA,UP1034,105589316
HIHA,UP1034,105589335
HIHA,UP1034,105589368
HIHA,UP1034,105589379
HIHA,UP1034,105589401
HIHA,UP1034,105589421
HIHA,UP1034,105589465
HIHA,UP1034,105589476
HIHA,UP1034,105589479
HIHA,UP1034,105589485
HIHA,UP1034,105589509
HIHA,UP1034,105589549
HIHA,UP1034,105589556
HIHA,UP1034,105589575
HIHA,UP1034,105589596
HIHA,UP1034,105589600
HIHA,UP1034,105589617
HIHA,UP1034,105589720
HIHA,UP1034,105589761
HIHA,UP1034,105589773
HIHA,UP1034,105589805
HIHA,UP1034,105589811
HIHA,UP1034,105589829
HIHA,UP1034,105589903
HIHA,UP1034,105589982
HIHA,UP1034,105590044
HIHA,UP1034,105590056
HIHA,UP1034,105590067
HIHA,UP1034,105590081
HIHA,UP1034,105590089
HIHA,UP1034,105590093
HIHA,UP1034,105590100
HIHA,UP1034,105590189
HIHA,UP1034,105590214
HIHA,UP1034,105590255
HIHA,UP1034,105590294
HIHA,UP1034,105590329
HIHA,UP1034,105590338
HIHA,UP1034,105590414
HIHA,UP1034,105590416
HIHA,UP1034,105590430
HIHA,UP1034,105590431
HIHA,UP1034,105590435
HIHA,UP1034,105590529
HIHA,UP1034,105590553
HIHA,UP1034,105590560
HIHA,UP1034,105590597
HIHA,UP1034,105590599
HIHA,UP1034,105590612
HIHA,UP1034,105590619
HIHA,UP1034,105590620
HIHA,UP1034,105590621
HIHA,UP1034,105590657
HIHA,UP1034,105590658
HIHA,UP1034,105590670
HIHA,UP1034,105590674
HIHA,UP1034,105590704
HIHA,UP1034,105590720
HIHA,UP1034,105590752
HIHA,UP1034,105590796
HIHA,UP1034,105590863
HIHA,UP1034,105590910
HIHA,UP1034,105590919
HIHA,UP1034,105590969
HIHA,UP1034,105591074
HIHA,UP1034,105591140
HIHA,UP1034,105591159
HIHA,UP1034,105591173
HIHA,UP1034,105591214
HIHA,UP1034,105591272
HIHA,UP1034,105591280
HIHA,UP1034,105591301
HIHA,UP1034,105591304
HIHA,UP1034,105591340
HIHA,UP1034,105591396
HIHA,UP1034,105591421
HIHA,UP1034,105591433
HIHA,UP1034,105591435
HIHA,UP1034,105591437
HIHA,UP1034,105591456
HIHA,UP1034,105591457
HIHA,UP1034,105591458
HIHA,UP1034,105591471
HIHA,UP1034,105591555
HIHA,UP1034,105591596
HIHA,UP1034,105591617
HIHA,UP1034,105591700
HIHA,UP1034,105591731
HIHA,UP1034,105591761
HIHA,UP1034,105591772
HIHA,UP1034,105591821
HIHA,UP1034,105591832
HIHA,UP1034,105591844
HIHA,UP1034,105591848
HIHA,UP1034,105591853
HIHA,UP1034,105591858
HIHA,UP1034,105591861
HIHA,UP1034,105591977
HIHA,UP1034,105592007
HIHA,UP1034,105592047
HIHA,UP1034,105592053
HIHA,UP1034,105592058
HIHA,UP1034,105592129
HIHA,UP1034,105592178
HIHA,UP1034,105592194
HIHA,UP1034,105592208
HIHA,UP1034,105592211
HIHA,UP1034,105592243
HIHA,UP1034,105592299
HIHA,UP1034,105592316
HIHA,UP1034,105592368
HIHA,UP1034,105592432
HIHA,UP1034,105592452
HIHA,UP1034,105592455
HIHA,UP1034,105592458
HIHA,UP1034,105592461
HIHA,UP1034,105592466
HIHA,UP1034,105592508
HIHA,UP1034,105592533
HIHA,UP1034,105592537
HIHA,UP1034,105592550
HIHA,UP1034,105592567
HIHA,UP1034,105592580
HIHA,UP1034,105592618
HIHA,UP1034,105592633
HIHA,UP1034,105592699
HIHA,UP1034,105592703
HIHA,UP1034,105592706
HIHA,UP1034,105592717
HIHA,UP1034,105592772
HIHA,UP1034,105592795
HIHA,UP1034,105592797
HIHA,UP1034,105592813
HIHA,UP1034,105592828
HIHA,UP1034,105592831
HIHA,UP1034,105592888
HIHA,UP1034,105592918
HIHA,UP1034,105592929
HIHA,UP1034,105592939
HIHA,UP1034,105592981
HIHA,UP1034,105592998
HIHA,UP1034,105593013
HIHA,UP1034,105593107
HIHA,UP1034,105593177
HIHA,UP1034,105593205
HIHA,UP1034,105593275
HIHA,UP1034,105593282
HIHA,UP1034,105593322
HIHA,UP1034,105593338
HIHA,UP1034,105593400
HIHA,UP1034,105593440
HIHA,UP1034,105593442
HIHA,UP1034,105593451
HIHA,UP1034,105593466
HIHA,UP1034,105593474
HIHA,UP1034,105593489
HIHA,UP1034,105593492
HIHA,UP1034,105593524
HIHA,UP1034,105593562
HIHA,UP1034,105593631
HIHA,UP1034,105593643
HIHA,UP1034,105593651
HIHA,UP1034,105593655
HIHA,UP1034,105593659
HIHA,UP1034,105593689
HIHA,UP1034,105593692
HIHA,UP1034,105593694
HIHA,UP1034,105593725
HIHA,UP1034,105593732
HIHA,UP1034,105593741
HIHA,UP1034,105593747
HIHA,UP1034,105593753
HIHA,UP1034,105593782
HIHA,UP1034,105593815
HIHA,UP1034,105593816
HIHA,UP1034,105593845
HIHA,UP1034,105593853
HIHA,UP1034,105594017
HIHA,UP1034,105594119
HIHA,UP1034,105594130
HIHA,UP1034,105594139
HIHA,UP1034,105594167
HIHA,UP1034,105594190
HIHA,UP1034,105594469
HIHA,UP1034,105594484
HIHA,UP1034,105594487
HIHA,UP1034,105594509
HIHA,UP1034,105594521
HIHA,UP1034,105594530
HIHA,UP1034,105594588
HIHA,UP1034,105594590
HIHA,UP1034,105594637
HIHA,UP1034,105594715
HIHA,UP1034,105594718
HIHA,UP1034,105594737
HIHA,UP1034,105594778
HIHA,UP1034,105594780
HIHA,UP1034,105594792
HIHA,UP1034,105594876
HIHA,UP1034,105594917
HIHA,UP1034,105594950
HIHA,UP1034,105594953
HIHA,UP1034,105594959
HIHA,UP1034,105594970
HIHA,UP1034,105594971
HIHA,UP1034,105594977
HIHA,UP1034,105595008
HIHA,UP1034,105595031
HIHA,UP1034,105595055
HIHA,UP1034,105595085
HIHA,UP1034,105595186
HIHA,UP1034,105595211
HIHA,UP1034,105595323
HIHA,UP1034,105595377
HIHA,UP1034,105595411
HIHA,UP1034,105595416
HIHA,UP1034,105595452
HIHA,UP1034,105595476
HIHA,UP1034,105595495
HIHA,UP1034,105595517
HIHA,UP1034,105595530
HIHA,UP1034,105595623
HIHA,UP1034,105595627
HIHA,UP1034,105595660
HIHA,UP1034,105586372
HIHA,UP1034,105590979
HIHA,UP1034,105591543
HIHA,UP1034,105592674
HIHA,UP1034,105593726
HIHA,UP1034,105594015
HIHA,UP1034,105577816
HIHA,UP1034,105578444
HIHA,UP1034,105578682
HIHA,UP1034,105578930
HIHA,UP1034,105579326
HIHA,UP1034,105580540
HIHA,UP1034,105581563
HIHA,UP1034,105582273
HIHA,UP1034,105582570
HIHA,UP1034,105582817
HIHA,UP1034,105583463
HIHA,UP1034,105583851
HIHA,UP1034,105584428
HIHA,UP1034,105584469
HIHA,UP1034,105584593
HIHA,UP1034,105584836
HIHA,UP1034,105585347
HIHA,UP1034,105585693
HIHA,UP1034,105585854
HIHA,UP1034,105586862
HIHA,UP1034,105587157
HIHA,UP1034,105587485
HIHA,UP1034,105588324
HIHA,UP1034,105589169
HIHA,UP1034,105590362
HIHA,UP1034,105591506
HIHA,UP1034,105591799
HIHA,UP1034,105591919
HIHA,UP1034,105592056
HIHA,UP1034,105592108
HIHA,UP1034,105592196
HIHA,UP1034,105593127
HIHA,UP1034,105593156
HIHA,UP1034,105593347
HIHA,UP1034,105593448
HIHA,UP1034,105593597
HIHA,UP1034,105593883
HIHA,UP1034,105594215
HIHA,UP1034,105594695
HIHA,UP1034,105594820
HIHA,UP1034,105579175
HIHA,UP1034,105579264
HIHA,UP1034,105579672
HIHA,UP1034,105579794
HIHA,UP1034,105580002
HIHA,UP1034,105580233
HIHA,UP1034,105580372
HIHA,UP1034,105580573
HIHA,UP1034,105580601
HIHA,UP1034,105580709
HIHA,UP1034,105580838
HIHA,UP1034,105581224
HIHA,UP1034,105584211
HIHA,UP1034,105584336
HIHA,UP1034,105584905
HIHA,UP1034,105585273
HIHA,UP1034,105585366
HIHA,UP1034,105585394
HIHA,UP1034,105586087
HIHA,UP1034,105586267
HIHA,UP1034,105586547
HIHA,UP1034,105586723
HIHA,UP1034,105586884
HIHA,UP1034,105588038
HIHA,UP1034,105588542
HIHA,UP1034,105589176
HIHA,UP1034,105590456
HIHA,UP1034,105590899
HIHA,UP1034,105591277
HIHA,UP1034,105591502
HIHA,UP1034,105592653
HIHA,UP1034,105593638
HIHA,UP1034,105594284
HIHA,UP1034,105594425
HIHA,UP1034,105594598
HIHA,UP1034,105594783
HIHA,UP1034,105594993
HIHA,UP1034,105595299
HIHA,UP1034,105595307
HIHA,UP1034,105595351
HIHA,UP1034,105578175
HIHA,UP1034,105578180
HIHA,UP1034,105578782
HIHA,UP1034,105579000
HIHA,UP1034,105579374
HIHA,UP1034,105579445
HIHA,UP1034,105580197
HIHA,UP1034,105580457
HIHA,UP1034,105580999
HIHA,UP1034,105581180
HIHA,UP1034,105581760
HIHA,UP1034,105582516
HIHA,UP1034,105582872
HIHA,UP1034,105584443
HIHA,UP1034,105585204
HIHA,UP1034,105585439
HIHA,UP1034,105585891
HIHA,UP1034,105586589
HIHA,UP1034,105586638
HIHA,UP1034,105586794
HIHA,UP1034,105587069
HIHA,UP1034,105587332
HIHA,UP1034,105587852
HIHA,UP1034,105588675
HIHA,UP1034,105588866
HIHA,UP1034,105588955
HIHA,UP1034,105589329
HIHA,UP1034,105589728
HIHA,UP1034,105590062
HIHA,UP1034,105590436
HIHA,UP1034,105591352
HIHA,UP1034,105591573
HIHA,UP1034,105591910
HIHA,UP1034,105592941
HIHA,UP1034,105593602
HIHA,UP1034,105593833
HIHA,UP1034,105593985
HIHA,UP1034,105594218
HIHA,UP1034,105594399
HIHA,UP1034,105595106
HIHA,UP1034,105577795
HIHA,UP1034,105577797
HIHA,UP1034,105578364
HIHA,UP1034,105578881
HIHA,UP1034,105579623
HIHA,UP1034,105580046
HIHA,UP1034,105580761
HIHA,UP1034,105580778
HIHA,UP1034,105581069
HIHA,UP1034,105581174
HIHA,UP1034,105581351
HIHA,UP1034,105581494
HIHA,UP1034,105581823
HIHA,UP1034,105581942
HIHA,UP1034,105581943
HIHA,UP1034,105582880
HIHA,UP1034,105583009
HIHA,UP1034,105583660
HIHA,UP1034,105583761
HIHA,UP1034,105584136
HIHA,UP1034,105584261
HIHA,UP1034,105584736
HIHA,UP1034,105584831
HIHA,UP1034,105586553
HIHA,UP1034,105586700
HIHA,UP1034,105587154
HIHA,UP1034,105587283
HIHA,UP1034,105587594
HIHA,UP1034,105587888
HIHA,UP1034,105588920
HIHA,UP1034,105589397
HIHA,UP1034,105589756
HIHA,UP1034,105590042
HIHA,UP1034,105590538
HIHA,UP1034,105590818
HIHA,UP1034,105590916
HIHA,UP1034,105591257
HIHA,UP1034,105591571
HIHA,UP1034,105592294
HIHA,UP1034,105594009
HIHA,UP1034,105578114
HIHA,UP1034,105578222
HIHA,UP1034,105579653
HIHA,UP1034,105579843
HIHA,UP1034,105579966
HIHA,UP1034,105581092
HIHA,UP1034,105581583
HIHA,UP1034,105581789
HIHA,UP1034,105581821
HIHA,UP1034,105581840
HIHA,UP1034,105582319
HIHA,UP1034,105583154
HIHA,UP1034,105583820
HIHA,UP1034,105584030
HIHA,UP1034,105584774
HIHA,UP1034,105584860
HIHA,UP1034,105585516
HIHA,UP1034,105586116
HIHA,UP1034,105586210
HIHA,UP1034,105586980
HIHA,UP1034,105587046
HIHA,UP1034,105587273
HIHA,UP1034,105587811
HIHA,UP1034,105588382
HIHA,UP1034,105589187
HIHA,UP1034,105589206
HIHA,UP1034,105589472
HIHA,UP1034,105589500
HIHA,UP1034,105590284
HIHA,UP1034,105590363
HIHA,UP1034,105590412
HIHA,UP1034,105590489
HIHA,UP1034,105591323
HIHA,UP1034,105591591
HIHA,UP1034,105592635
HIHA,UP1034,105592839
HIHA,UP1034,105592899
HIHA,UP1034,105592928
HIHA,UP1034,105593537
HIHA,UP1034,105594493
HIHA,UP1034,105579712
HIHA,UP1034,105580872
HIHA,UP1034,105582060
HIHA,UP1034,105583117
HIHA,UP1034,105585377
HIHA,UP1034,105587887
HIHA,UP1034,105587947
HIHA,UP1034,105588966
HIHA,UP1034,105591581
HIHA,UP1034,105592484
HIHA,UP1034,105592696
HIHA,UP1034,105592708
HIHA,UP1034,105595206
HIHA,UP1034,105582535
HIHA,UP1034,105583680
HIHA,UP1034,105584738
HIHA,UP1034,105586330
HIHA,UP1034,105586996
HIHA,UP1034,105587604
HIHA,UP1034,105588555
HIHA,UP1034,105589475
HIHA,UP1034,105590029
HIHA,UP1034,105593034
HIHA,UP1034,105578464
HIHA,UP1034,105578845
HIHA,UP1034,105579197
HIHA,UP1034,105579964
HIHA,UP1034,105580863
HIHA,UP1034,105581169
HIHA,UP1034,105583249
HIHA,UP1034,105584439
HIHA,UP1034,105584454
HIHA,UP1034,105584472
HIHA,UP1034,105584957
HIHA,UP1034,105585485
HIHA,UP1034,105585880
HIHA,UP1034,105587453
HIHA,UP1034,105588944
HIHA,UP1034,105589208
HIHA,UP1034,105590232
HIHA,UP1034,105590934
HIHA,UP1034,105591339
HIHA,UP1034,105591721
HIHA,UP1034,105592210
HIHA,UP1034,105586180
HIHA,UP1034,105594901
JDM,HC16,31308337
JDM,HC16,31308437
JDM,HC16,31308456
JDM,HC16,31308498
JDM,HC16,31308654
JDM,HC16,31308835
JDM,HC16,31308888
JDM,HC16,31309072
JDM,HC16,31309107
JDM,HC16,31309206
JDM,HC16,31309572
JDM,HC16,31309739
JDM,HC16,31309759
JDM,HC16,31309771
JDM,HC16,31309833
JDM,HC16,31309843
JDM,HC16,31309884
JDM,HC16,31310031
JDM,HC16,31310081
JDM,HC16,31310273
JDM,HC16,31310516
JDM,HC16,31310565
JDM,HC16,31310618
JDM,HC16,31310796
JDM,HC16,31311040
JDM,HC16,31311171
JDM,HC16,31311419
JDM,HC16,31311577
JDM,HC16,31311874
JDM,HC16,31312031
JDM,HC16,31312051
JDM,HC16,31312443
JDM,HC16,31312454
JDM,HC16,31312678
JDM,HC16,31312739
JDM,HC16,31312802
JDM,HC16,31312907
JDM,HC16,31313115
JDM,HC16,31313226
JDM,HC16,31313331
JDM,HC16,31313509
JDM,HC16,31313634
JDM,HC16,31313681
JDM,HC16,31313704
JDM,HC16,31313959
JDM,HC16,31314104
JDM,HC16,31314436
JDM,HC16,31314657
JDM,HC16,31314815
JDM,HC16,31314817
JDM,HC16,31314870
JDM,HC16,31314909
JDM,HC16,31315184
JDM,HC16,31315319
JDM,HC16,31315399
JDM,HC16,31315524
JDM,HC16,31315588
JDM,HC16,31315667
JDM,HC16,31315738
JDM,HC16,31315831
JDM,HC16,31316023
JDM,HC16,31316099
JDM,HC16,31316171
JDM,HC16,31316291
JDM,HC16,31316322
JDM,HC16,31316330
JDM,HC16,31316393
JDM,HC16,31316496
JDM,HC16,31316499
JDM,HC16,31316580
JDM,HC16,31316619
JDM,HC16,31316700
JDM,HC16,31317088
JDM,HC16,31317117
JDM,HC16,31317273
JDM,HC16,31317295
JDM,HC16,31317578
JDM,HC16,31318042
JDM,HC16,31318052
JDM,HC16,31318083
JDM,HC16,31318353
JDM,HC16,31318381
JDM,HC16,31318564
JDM,HC16,31318752
JDM,HC16,31318875
JDM,HC16,31318883
JDM,HC16,31319126
JDM,HC16,31319243
JDM,HC16,31319417
JDM,HC16,31319532
JDM,HC16,31319575
JDM,HC16,31319600
JDM,HC16,31320136
JDM,HC16,31320147
JDM,HC16,31320298
JDM,HC16,31320363
JDM,HC16,31320931
JDM,HC16,31321510
JDM,HC16,31321555
JDM,HC16,31321620
JDM,HC16,31321735
JDM,HC16,31321954
JDM,HC16,31322073
JDM,HC16,31322164
JDM,HC16,31322218
JDM,HC16,31322282
JDM,HC16,31322393
JDM,HC16,31322419
JDM,HC16,31322664
JDM,HC16,31322751
JDM,HC16,31322821
JDM,HC16,31323064
JDM,HC16,31323566
JDM,HC16,31323828
JDM,HC16,31323857
JDM,HC16,31323890
JDM,HC16,31324289
JDM,HC16,31324865
JDM,HC16,31325015
JDM,HC16,31325291
JDM,HC16,31325505
JDM,HC16,31325528
JDM,HC16,31326100
JDM,HC16,31326294
JDM,HC16,31326780
JDM,HC16,31326798
JDM,HC16,31326913
JDM,HC16,31327004
JDM,HC16,31327060
JDM,HC16,31327068
JDM,HC16,31327218
JDM,HC16,31327244
JDM,HC16,31327265
JDM,HC16,31327386
JDM,HC16,31327667
JDM,HC16,31327680
JDM,HC16,31327833
JDM,HC16,31327942
JDM,HC16,31327947
JDM,HC16,31328053
JDM,HC16,31328268
JDM,HC16,31328587
JDM,HC16,31328608
JDM,HC16,31328616
JDM,HC16,31328640
JDM,HC16,31328743
JDM,HC16,31328925
JDM,HC16,31328945
JDM,HC16,31329100
JDM,HC16,31329194
JDM,HC16,31329236
JDM,HC16,31329324
JDM,HC16,31329494
JDM,HC16,31329542
JDM,HC16,31330068
JDM,HC16,31330150
JDM,HC16,31330352
JDM,HC16,31330397
JDM,HC16,31330889
JDM,HC16,31331131
JDM,HC16,31331169
JDM,HC16,31331252
JDM,HC16,31331431
JDM,HC16,31331435
JDM,HC16,31331452
JDM,HC16,31331615
JDM,HC16,31331711
JDM,HC16,31332021
JDM,HC16,31332490
JDM,HC16,31332596
JDM,HC16,31332614
JDM,HC16,31332685
JDM,HC16,31332807
JDM,HC16,31332884
JDM,HC16,31333301
JDM,HC16,31333488
JDM,HC16,31333617
JDM,HC16,31333693
JDM,HC16,31333695
JDM,HC16,31333892
JDM,HC16,31334093
JDM,HC16,31334361
JDM,HC16,31334489
JDM,HC16,31334652
JDM,HC16,31334707
JDM,HC16,31334830
JDM,HC16,31334889
JDM,HC16,31334901
JDM,HC16,31334965
JDM,HC16,31335189
JDM,HC16,31335408
JDM,HC16,31335461
JDM,HC16,31335658
JDM,HC16,31335790
JDM,HC16,31335953
JDM,HC16,31336102
JDM,HC16,31336194
JDM,HC16,31336225
JDM,HC16,31336246
JDM,HC16,31336435
JDM,HC16,31336477
JDM,HC16,31336755
JDM,HC16,31336768
JDM,HC16,31336795
JDM,HC16,31336824
JDM,HC16,31336904
JDM,HC16,31337012
JDM,HC16,31337389
JDM,HC16,31337682
JDM,HC16,31337900
JDM,HC16,31338107
JDM,HC16,31338183
JDM,HC16,31338200
JDM,HC16,31338669
JDM,HC16,31338747
JDM,HC16,31339097
JDM,HC16,31339276
JDM,HC16,31339512
JDM,HC16,31339584
JDM,HC16,31340048
JDM,HC16,31340212
JDM,HC16,31340414
JDM,HC16,31340823
JDM,HC16,31340851
JDM,HC16,31341070
JDM,HC16,31341215
JDM,HC16,31341532
JDM,HC16,31341714
JDM,HC16,31342101
JDM,HC16,31342294
JDM,HC16,31342382
JDM,HC16,31342497
JDM,HC16,31342691
JDM,HC16,31343021
JDM,HC16,31343067
JDM,HC16,31343402
JDM,HC16,31343607
JDM,HC16,31343679
JDM,HC16,31343798
JDM,HC16,31344250
JDM,HC16,31345040
JDM,HC16,31345164
JDM,HC16,31345491
JDM,HC16,31345617
JDM,HC16,31345748
JDM,HC16,31346198
JDM,HC16,31346297
JDM,HC16,31346816
JDM,HC16,31347008
JDM,HC16,31347103
JDM,HC16,31347129
JDM,HC16,31347327
JDM,HC16,31347426
JDM,HC16,31347537
JDM,HC16,31347781
JDM,HC16,31347927
JDM,HC16,31348081
JDM,HC16,31348147
JDM,HC16,31348475
JDM,HC16,31348516
JDM,HC16,31348611
JDM,HC16,31348660
JDM,HC16,31348702
JDM,HC16,31348852
JDM,HC16,31348921
JDM,HC16,31348959
JDM,HC16,31348967
JDM,HC16,31348997
JDM,HC16,31349010
JDM,HC16,31349163
JDM,HC16,31349285
JDM,HC16,31349469
JDM,HC16,31349504
JDM,HC16,31349551
JDM,HC16,31349591
JDM,HC16,31349619
JDM,HC16,31349650
JDM,HC16,31349917
JDM,HC16,31350104
JDM,HC16,31350157
JDM,HC16,31350336
JDM,HC16,31350341
JDM,HC16,31350386
JDM,HC16,31350769
JDM,HC16,31351046
JDM,HC16,31351107
JDM,HC16,31352557
JDM,HC16,31352732
JDM,HC16,31352777
JDM,HC16,31353200
JDM,HC16,31353522
JDM,HC16,31353721
JDM,HC16,31353747
JDM,HC16,31353947
JDM,HC16,31354209
JDM,HC16,31354218
JDM,HC16,31354262
JDM,HC16,31354322
JDM,HC16,31354877
JDM,HC16,31355020
JDM,HC16,31355059
JDM,HC16,31355184
JDM,HC16,31355306
JDM,HC16,31355375
JDM,HC16,31355499
JDM,HC16,31355691
JDM,HC16,31355868
JDM,HC16,31355916
JDM,HC16,31355934
JDM,HC16,31356266
JDM,HC16,31356451
JDM,HC16,31356513
JDM,HC16,31357008
JDM,HC16,31357070
JDM,HC16,31357239
JDM,HC16,31357350
JDM,HC16,31357415
JDM,HC16,31357588
JDM,HC16,31357651
JDM,HC16,31357906
JDM,HC16,31357920
JDM,HC16,31358239
JDM,HC16,31358566
JDM,HC16,31358591
JDM,HC16,31358976
JDM,HC16,31359006
JDM,HC16,31359154
JDM,HC16,31359232
JDM,HC16,31359581
JDM,HC16,31359640
JDM,HC16,31359948
JDM,HC16,31360073
JDM,HC16,31360178
JDM,HC16,31360542
JDM,HC16,31360553
JDM,HC16,31361139
JDM,HC16,31361209
JDM,HC16,31361210
JDM,HC16,31361641
JDM,HC16,31361672
JDM,HC16,31361926
JDM,HC16,31362035
JDM,HC16,31362051
JDM,HC16,31362097
JDM,HC16,31362199
JDM,HC16,31362217
JDM,HC16,31362511
JDM,HC16,31363193
JDM,HC16,31363754
JDM,HC16,31363907
JDM,HC16,31363927
JDM,HC16,31364006
JDM,HC16,31364009
JDM,HC16,31364178
JDM,HC16,31364186
JDM,HC16,31364212
JDM,HC16,31364293
JDM,HC16,31364577
JDM,HC16,31364975
JDM,HC16,31365062
JDM,HC16,31365314
JDM,HC16,31365345
JDM,HC16,31365558
JDM,HC16,31365587
JDM,HC16,31365718
JDM,HC16,31366111
JDM,HC16,31366198
JDM,HC16,31366490
JDM,HC16,31366869
JDM,HC16,31366988
JDM,HC16,31367161
JDM,HC16,31367265
JDM,HC16,31367619
JDM,HC16,31367783
JDM,HC16,31367900
JDM,HC16,31368249
JDM,HC16,31368375
JDM,HC16,31368392
JDM,HC16,31368901
JDM,HC16,31369015
JDM,HC16,31369222
JDM,HC16,31369225
JDM,HC16,31369501
JDM,HC16,31369510
JDM,HC16,31369569
JDM,HC16,31369697
JDM,HC16,31369831
JDM,HC16,31369871
JDM,HC16,31369884
JDM,HC16,31370179
JDM,HC16,31370210
JDM,HC16,31370314
JDM,HC16,31370331
JDM,HC16,31370352
JDM,HC16,31370669
JDM,HC16,31371032
JDM,HC16,31371052
JDM,HC16,31371086
JDM,HC16,31371134
JDM,HC16,31371153
JDM,HC16,31371414
JDM,HC16,31371439
JDM,HC16,31371440
JDM,HC16,31371544
JDM,HC16,31371776
JDM,HC16,31372011
JDM,HC16,31372137
JDM,HC16,31372179
JDM,HC16,31372352
JDM,HC16,31372526
JDM,HC16,31372622
JDM,HC16,31372647
JDM,HC16,31372733
JDM,HC16,31372789
JDM,HC16,31372813
JDM,HC16,31372957
JDM,HC16,31373020
JDM,HC16,31373066
JDM,HC16,31373219
JDM,HC16,31373357
JDM,HC16,31373977
JDM,HC16,31374462
JDM,HC16,31374556
JDM,HC16,31375438
JDM,HC16,31375446
JDM,HC16,31375564
JDM,HC16,31375764
JDM,HC16,31376007
JDM,HC16,31376257
JDM,HC16,31376870
JDM,HC16,31376886
JDM,HC16,31377035
JDM,HC16,31377111
JDM,HC16,31377116
JDM,HC16,31377159
JDM,HC16,31377204
JDM,HC16,31377343
JDM,HC16,31377484
JDM,HC16,31377509
JDM,HC16,31377563
JDM,HC16,31377588
JDM,HC16,31377749
JDM,HC16,31378091
JDM,HC16,31378262
JDM,HC16,31378309
JDM,HC16,31378393
JDM,HC16,31379064
JDM,HC16,31380064
JDM,HC16,31380110
JDM,HC16,31380623
JDM,HC16,31380674
JDM,HC16,31381155
JDM,HC16,31381262
JDM,HC16,31381543
JDM,HC16,31381579
JDM,HC16,31382083
JDM,HC16,31382748
JDM,HC16,31382925
JDM,HC16,31382950
JDM,HC16,31382990
JDM,HC16,31383124
JDM,HC16,31383355
JDM,HC16,31383368
JDM,HC16,31383496
JDM,HC16,31383638
JDM,HC16,31384429
JDM,HC16,31384726
JDM,HC16,31384732
JDM,HC16,31385060
JDM,HC16,31385264
JDM,HC16,31385282
JDM,HC16,31385467
JDM,HC16,31385626
JDM,HC16,31385788
JDM,HC16,31386175
JDM,HC16,31386293
JDM,HC16,31386326
JDM,HC16,31386620
JDM,HC16,31386704
JDM,HC16,31387010
JDM,HC16,31387191
JDM,HC16,31387224
JDM,HC16,31387226
JDM,HC16,31387237
JDM,HC16,31387352
JDM,HC16,31387359
JDM,HC16,31387489
JDM,HC16,31387890
JDM,HC16,31388197
JDM,HC16,31388253
JDM,HC16,31388278
JDM,HC16,31388309
JDM,HC16,31388416
JDM,HC16,31388449
JDM,HC16,31388562
JDM,HC16,31388601
JDM,HC16,31388652
JDM,HC16,31388874
JDM,HC16,31389520
JDM,HC16,31389789
JDM,HC16,31389803
JDM,HC16,31390037
JDM,HC16,31390041
JDM,HC16,31390187
JDM,HC16,31390273
JDM,HC16,31390293
JDM,HC16,31390766
JDM,HC16,31391067
JDM,HC16,31391260
JDM,HC16,31391756
JDM,HC16,31391882
JDM,HC16,31392098
JDM,HC16,31392296
JDM,HC16,31393052
JDM,HC16,31393387
JDM,HC16,31393924
JDM,HC16,31393943
JDM,HC16,31394024
JDM,HC16,31394231
JDM,HC16,31394298
JDM,HC16,31394666
JDM,HC16,31394690
JDM,HC16,31394810
JDM,HC16,31394946
JDM,HC16,31395060
JDM,HC16,31395335
JDM,HC16,31395922
JDM,HC16,31396270
JDM,HC16,31397804
JDM,HC16,31397959
JDM,HC16,31397998
JDM,HC16,31398040
JDM,HC16,31398258
JDM,HC16,31398450
JDM,HC16,31398460
JDM,HC16,31399064
JDM,HC16,31399352
JDM,HC16,31399443
JDM,HC16,31399492
JDM,HC16,31400023
JDM,HC16,31400080
JDM,HC16,31400100
JDM,HC16,31400350
JDM,HC16,31400351
JDM,HC16,31400475
JDM,HC16,31400499
JDM,HC16,31400741
JDM,HC16,31400760
JDM,HC16,31400842
JDM,HC16,31401352
JDM,HC16,31401627
JDM,HC16,31401718
JDM,HC16,31402207
JDM,HC16,31402247
JDM,HC16,31402363
JDM,HC16,31402595
JDM,HC16,31402952
JDM,HC16,31403572
JDM,HC16,31404098
JDM,HC16,31404488
JDM,HC16,31404489
JDM,HC16,31404690
JDM,HC16,31404720
JDM,HC16,31405503
JDM,HC16,31405702
JDM,HC16,31405796
JDM,HC16,31405926
JDM,HC16,31405943
JDM,HC16,31406067
JDM,HC16,31406077
JDM,HC16,31406691
JDM,HC16,31406707
JDM,HC16,31406710
JDM,HC16,31406829
JDM,HC16,31406843
JDM,HC16,31407173
JDM,HC16,31407231
JDM,HC16,31407516
JDM,HC16,31407622
JDM,HC16,31408014
JDM,HC16,31408098
JDM,HC16,31408733
JDM,HC16,31408824
JDM,HC16,31409266
JDM,HC16,31409331
JDM,HC16,31409429
JDM,HC16,31409550
JDM,HC16,31409599
JDM,HC16,31409915
JDM,HC16,31410582
JDM,HC16,31410751
JDM,HC16,31410793
JDM,HC16,31411390
JDM,HC16,31411411
JDM,HC16,31411622
JDM,HC16,31412353
JDM,HC16,31412495
JDM,HC16,31413030
JDM,HC16,31413600
JDM,HC16,31414063
JDM,HC16,31332422
JDM,HC16,31335940
JDM,HC16,31375875
JDM,HC16,31312090
JDM,HC16,31316686
JDM,HC16,31316775
JDM,HC16,31329306
JDM,HC16,31360845
JDM,HC16,31378839
JDM,HC16,31326144
JDM,HC16,31328993
JDM,HC16,31335329
JDM,HC16,31339580
JDM,HC16,31359712
JDM,HC16,31364506
JDM,HC16,31404090
JDM,HC16,31320472
JDM,HC16,31321135
JDM,HC16,31321475
JDM,HC16,31321982
JDM,HC16,31322933
JDM,HC16,31323029
JDM,HC16,31329164
JDM,HC16,31333485
JDM,HC16,31335093
JDM,HC16,31340331
JDM,HC16,31341545
JDM,HC16,31342700
JDM,HC16,31349404
JDM,HC16,31350337
JDM,HC16,31351810
JDM,HC16,31355008
JDM,HC16,31355448
JDM,HC16,31358345
JDM,HC16,31360433
JDM,HC16,31361271
JDM,HC16,31362972
JDM,HC16,31363819
JDM,HC16,31363965
JDM,HC16,31364302
JDM,HC16,31364443
JDM,HC16,31364537
JDM,HC16,31365048
JDM,HC16,31367939
JDM,HC16,31370860
JDM,HC16,31373179
JDM,HC16,31374314
JDM,HC16,31375179
JDM,HC16,31383984
JDM,HC16,31389248
JDM,HC16,31389993
JDM,HC16,31390926
JDM,HC16,31408482
JDM,HC16,31409104
JDM,HC16,31409616
JDM,HC16,31412709
JDM,HC16,31311025
JDM,HC16,31313733
JDM,HC16,31319701
JDM,HC16,31325093
JDM,HC16,31332796
JDM,HC16,31340007
JDM,HC16,31343051
JDM,HC16,31347667
JDM,HC16,31350888
JDM,HC16,31353120
JDM,HC16,31353881
JDM,HC16,31354365
JDM,HC16,31358042
JDM,HC16,31359028
JDM,HC16,31360069
JDM,HC16,31366179
JDM,HC16,31367862
JDM,HC16,31375042
JDM,HC16,31391553
JDM,HC16,31403210
JDM,HC16,31409646
JDM,HC16,31413482
JDM,HC17,31308562
JDM,HC17,31308649
JDM,HC17,31308840
JDM,HC17,31309556
JDM,HC17,31309747
JDM,HC17,31309815
JDM,HC17,31309934
JDM,HC17,31310505
JDM,HC17,31310540
JDM,HC17,31310542
JDM,HC17,31310803
JDM,HC17,31310878
JDM,HC17,31310912
JDM,HC17,31310962
JDM,HC17,31311260
JDM,HC17,31311293
JDM,HC17,31311489
JDM,HC17,31311615
JDM,HC17,31311785
JDM,HC17,31311843
JDM,HC17,31311956
JDM,HC17,31312130
JDM,HC17,31312147
JDM,HC17,31312468
JDM,HC17,31312488
JDM,HC17,31312627
JDM,HC17,31312699
JDM,HC17,31312749
JDM,HC17,31312845
JDM,HC17,31313064
JDM,HC17,31313116
JDM,HC17,31313359
JDM,HC17,31313374
JDM,HC17,31314100
JDM,HC17,31314116
JDM,HC17,31314220
JDM,HC17,31314325
JDM,HC17,31314664
JDM,HC17,31314782
JDM,HC17,31314809
JDM,HC17,31314852
JDM,HC17,31314874
JDM,HC17,31314906
JDM,HC17,31314916
JDM,HC17,31314969
JDM,HC17,31315155
JDM,HC17,31315209
JDM,HC17,31315974
JDM,HC17,31316652
JDM,HC17,31317051
JDM,HC17,31317100
JDM,HC17,31317137
JDM,HC17,31317214
JDM,HC17,31317247
JDM,HC17,31317342
JDM,HC17,31317411
JDM,HC17,31317554
JDM,HC17,31317617
JDM,HC17,31318374
JDM,HC17,31318694
JDM,HC17,31318746
JDM,HC17,31318876
JDM,HC17,31319025
JDM,HC17,31319147
JDM,HC17,31319412
JDM,HC17,31319546
JDM,HC17,31319882
JDM,HC17,31319977
JDM,HC17,31320525
JDM,HC17,31320775
JDM,HC17,31320853
JDM,HC17,31320876
JDM,HC17,31320894
JDM,HC17,31320922
JDM,HC17,31321044
JDM,HC17,31321491
JDM,HC17,31321494
JDM,HC17,31321576
JDM,HC17,31321750
JDM,HC17,31321810
JDM,HC17,31321934
JDM,HC17,31321947
JDM,HC17,31322243
JDM,HC17,31322487
JDM,HC17,31322548
JDM,HC17,31322553
JDM,HC17,31322796
JDM,HC17,31322838
JDM,HC17,31322882
JDM,HC17,31322978
JDM,HC17,31323253
JDM,HC17,31323366
JDM,HC17,31323494
JDM,HC17,31323587
JDM,HC17,31323735
JDM,HC17,31323765
JDM,HC17,31324006
JDM,HC17,31324084
JDM,HC17,31324275
JDM,HC17,31324374
JDM,HC17,31324384
JDM,HC17,31324406
JDM,HC17,31324414
JDM,HC17,31324585
JDM,HC17,31325113
JDM,HC17,31325201
JDM,HC17,31325360
JDM,HC17,31325640
JDM,HC17,31325973
JDM,HC17,31325992
JDM,HC17,31326123
JDM,HC17,31326150
JDM,HC17,31326348
JDM,HC17,31326359
JDM,HC17,31326821
JDM,HC17,31327012
JDM,HC17,31327167
JDM,HC17,31327232
JDM,HC17,31327413
JDM,HC17,31327429
JDM,HC17,31327526
JDM,HC17,31327546
JDM,HC17,31327729
JDM,HC17,31327739
JDM,HC17,31327920
JDM,HC17,31328193
JDM,HC17,31328230
JDM,HC17,31328287
JDM,HC17,31328344
JDM,HC17,31328521
JDM,HC17,31328953
JDM,HC17,31329135
JDM,HC17,31329193
JDM,HC17,31329249
JDM,HC17,31329501
JDM,HC17,31329513
JDM,HC17,31329612
JDM,HC17,31329690
JDM,HC17,31330023
JDM,HC17,31330041
JDM,HC17,31330097
JDM,HC17,31330370
JDM,HC17,31330405
JDM,HC17,31330490
JDM,HC17,31330492
JDM,HC17,31330500
JDM,HC17,31330542
JDM,HC17,31330949
JDM,HC17,31331178
JDM,HC17,31331492
JDM,HC17,31331719
JDM,HC17,31331767
JDM,HC17,31332086
JDM,HC17,31332323
JDM,HC17,31332491
JDM,HC17,31332606
JDM,HC17,31332775
JDM,HC17,31332811
JDM,HC17,31332906
JDM,HC17,31333080
JDM,HC17,31333404
JDM,HC17,31333810
JDM,HC17,31333900
JDM,HC17,31334160
JDM,HC17,31334315
JDM,HC17,31334349
JDM,HC17,31334372
JDM,HC17,31334398
JDM,HC17,31334448
JDM,HC17,31334656
JDM,HC17,31334997
JDM,HC17,31335636
JDM,HC17,31335998
JDM,HC17,31336022
JDM,HC17,31336633
JDM,HC17,31336673
JDM,HC17,31336786
JDM,HC17,31336817
JDM,HC17,31337409
JDM,HC17,31337824
JDM,HC17,31338054
JDM,HC17,31338142
JDM,HC17,31338276
JDM,HC17,31338417
JDM,HC17,31338734
JDM,HC17,31339387
JDM,HC17,31339585
JDM,HC17,31339661
JDM,HC17,31339744
JDM,HC17,31339981
JDM,HC17,31340031
JDM,HC17,31340032
JDM,HC17,31340292
JDM,HC17,31340422
JDM,HC17,31340480
JDM,HC17,31340612
JDM,HC17,31340802
JDM,HC17,31340816
JDM,HC17,31340943
JDM,HC17,31341062
JDM,HC17,31341825
JDM,HC17,31342003
JDM,HC17,31342269
JDM,HC17,31342299
JDM,HC17,31342368
JDM,HC17,31342489
JDM,HC17,31342517
JDM,HC17,31342680
JDM,HC17,31342777
JDM,HC17,31342809
JDM,HC17,31342894
JDM,HC17,31343299
JDM,HC17,31343300
JDM,HC17,31343426
JDM,HC17,31343439
JDM,HC17,31344031
JDM,HC17,31344040
JDM,HC17,31344056
JDM,HC17,31344163
JDM,HC17,31344241
JDM,HC17,31344261
JDM,HC17,31344339
JDM,HC17,31344404
JDM,HC17,31344406
JDM,HC17,31344688
JDM,HC17,31345033
JDM,HC17,31345660
JDM,HC17,31345751
JDM,HC17,31345859
JDM,HC17,31346052
JDM,HC17,31346129
JDM,HC17,31346172
JDM,HC17,31346309
JDM,HC17,31346527
JDM,HC17,31346671
JDM,HC17,31346826
JDM,HC17,31347251
JDM,HC17,31347253
JDM,HC17,31347401
JDM,HC17,31347465
JDM,HC17,31347906
JDM,HC17,31348054
JDM,HC17,31348481
JDM,HC17,31349443
JDM,HC17,31349618
JDM,HC17,31349759
JDM,HC17,31349934
JDM,HC17,31350041
JDM,HC17,31350148
JDM,HC17,31350585
JDM,HC17,31350868
JDM,HC17,31350890
JDM,HC17,31350960
JDM,HC17,31351045
JDM,HC17,31351288
JDM,HC17,31351309
JDM,HC17,31351404
JDM,HC17,31351474
JDM,HC17,31351515
JDM,HC17,31351925
JDM,HC17,31352029
JDM,HC17,31352046
JDM,HC17,31352271
JDM,HC17,31352387
JDM,HC17,31352465
JDM,HC17,31352483
JDM,HC17,31352670
JDM,HC17,31352737
JDM,HC17,31352846
JDM,HC17,31353020
JDM,HC17,31353215
JDM,HC17,31353224
JDM,HC17,31353339
JDM,HC17,31353346
JDM,HC17,31353375
JDM,HC17,31353387
JDM,HC17,31353454
JDM,HC17,31353456
JDM,HC17,31353755
JDM,HC17,31353783
JDM,HC17,31354368
JDM,HC17,31354371
JDM,HC17,31354402
JDM,HC17,31354447
JDM,HC17,31354760
JDM,HC17,31354772
JDM,HC17,31354921
JDM,HC17,31355048
JDM,HC17,31355132
JDM,HC17,31355477
JDM,HC17,31355590
JDM,HC17,31355672
JDM,HC17,31355711
JDM,HC17,31355891
JDM,HC17,31356071
JDM,HC17,31356144
JDM,HC17,31356405
JDM,HC17,31356727
JDM,HC17,31356772
JDM,HC17,31356888
JDM,HC17,31357200
JDM,HC17,31357262
JDM,HC17,31357306
JDM,HC17,31357314
JDM,HC17,31357365
JDM,HC17,31357404
JDM,HC17,31357886
JDM,HC17,31357904
JDM,HC17,31357932
JDM,HC17,31358470
JDM,HC17,31358814
JDM,HC17,31358933
JDM,HC17,31358991
JDM,HC17,31359184
JDM,HC17,31359251
JDM,HC17,31360208
JDM,HC17,31360273
JDM,HC17,31360307
JDM,HC17,31360464
JDM,HC17,31360830
JDM,HC17,31360943
JDM,HC17,31361311
JDM,HC17,31361409
JDM,HC17,31361422
JDM,HC17,31362013
JDM,HC17,31362125
JDM,HC17,31362132
JDM,HC17,31362149
JDM,HC17,31362183
JDM,HC17,31362239
JDM,HC17,31362380
JDM,HC17,31362482
JDM,HC17,31363081
JDM,HC17,31363084
JDM,HC17,31363219
JDM,HC17,31363403
JDM,HC17,31363993
JDM,HC17,31364028
JDM,HC17,31364401
JDM,HC17,31364486
JDM,HC17,31364554
JDM,HC17,31364668
JDM,HC17,31364972
JDM,HC17,31364992
JDM,HC17,31365032
JDM,HC17,31365055
JDM,HC17,31365203
JDM,HC17,31365238
JDM,HC17,31365450
JDM,HC17,31365478
JDM,HC17,31365685
JDM,HC17,31365811
JDM,HC17,31366136
JDM,HC17,31366152
JDM,HC17,31366564
JDM,HC17,31366598
JDM,HC17,31366784
JDM,HC17,31367046
JDM,HC17,31367488
JDM,HC17,31367767
JDM,HC17,31368206
JDM,HC17,31368368
JDM,HC17,31368526
JDM,HC17,31368532
JDM,HC17,31368616
JDM,HC17,31368963
JDM,HC17,31369188
JDM,HC17,31369220
JDM,HC17,31369398
JDM,HC17,31369552
JDM,HC17,31369557
JDM,HC17,31369917
JDM,HC17,31370074
JDM,HC17,31370647
JDM,HC17,31370830
JDM,HC17,31370916
JDM,HC17,31370985
JDM,HC17,31371043
JDM,HC17,31371051
JDM,HC17,31371312
JDM,HC17,31371580
JDM,HC17,31371666
JDM,HC17,31371707
JDM,HC17,31371749
JDM,HC17,31371866
JDM,HC17,31371915
JDM,HC17,31371924
JDM,HC17,31371961
JDM,HC17,31372307
JDM,HC17,31372671
JDM,HC17,31372706
JDM,HC17,31372748
JDM,HC17,31372863
JDM,HC17,31372883
JDM,HC17,31373217
JDM,HC17,31373264
JDM,HC17,31373309
JDM,HC17,31373894
JDM,HC17,31373925
JDM,HC17,31374174
JDM,HC17,31374266
JDM,HC17,31374297
JDM,HC17,31374431
JDM,HC17,31374476
JDM,HC17,31374601
JDM,HC17,31374679
JDM,HC17,31374681
JDM,HC17,31374693
JDM,HC17,31374895
JDM,HC17,31375286
JDM,HC17,31375342
JDM,HC17,31375384
JDM,HC17,31375551
JDM,HC17,31375708
JDM,HC17,31376110
JDM,HC17,31376155
JDM,HC17,31376203
JDM,HC17,31376236
JDM,HC17,31376344
JDM,HC17,31376380
JDM,HC17,31376415
JDM,HC17,31376425
JDM,HC17,31376511
JDM,HC17,31376547
JDM,HC17,31376824
JDM,HC17,31377307
JDM,HC17,31377462
JDM,HC17,31377530
JDM,HC17,31377688
JDM,HC17,31377890
JDM,HC17,31377956
JDM,HC17,31378163
JDM,HC17,31378314
JDM,HC17,31378640
JDM,HC17,31378758
JDM,HC17,31379520
JDM,HC17,31379689
JDM,HC17,31380308
JDM,HC17,31380867
JDM,HC17,31380874
JDM,HC17,31381132
JDM,HC17,31381290
JDM,HC17,31381358
JDM,HC17,31382047
JDM,HC17,31382198
JDM,HC17,31382345
JDM,HC17,31382544
JDM,HC17,31383625
JDM,HC17,31384193
JDM,HC17,31384312
JDM,HC17,31384317
JDM,HC17,31384658
JDM,HC17,31384690
JDM,HC17,31385012
JDM,HC17,31385120
JDM,HC17,31385205
JDM,HC17,31385324
JDM,HC17,31386008
JDM,HC17,31386084
JDM,HC17,31386107
JDM,HC17,31386345
JDM,HC17,31386356
JDM,HC17,31386421
JDM,HC17,31386600
JDM,HC17,31386752
JDM,HC17,31386898
JDM,HC17,31387534
JDM,HC17,31387665
JDM,HC17,31387772
JDM,HC17,31387970
JDM,HC17,31388018
JDM,HC17,31388068
JDM,HC17,31388082
JDM,HC17,31388276
JDM,HC17,31388330
JDM,HC17,31388506
JDM,HC17,31388805
JDM,HC17,31388954
JDM,HC17,31389393
JDM,HC17,31389416
JDM,HC17,31389425
JDM,HC17,31389472
JDM,HC17,31389738
JDM,HC17,31389912
JDM,HC17,31390074
JDM,HC17,31390337
JDM,HC17,31390494
JDM,HC17,31390620
JDM,HC17,31391584
JDM,HC17,31391784
JDM,HC17,31392062
JDM,HC17,31392222
JDM,HC17,31392259
JDM,HC17,31392735
JDM,HC17,31392807
JDM,HC17,31392877
JDM,HC17,31393266
JDM,HC17,31393319
JDM,HC17,31393582
JDM,HC17,31393899
JDM,HC17,31394501
JDM,HC17,31394652
JDM,HC17,31395035
JDM,HC17,31395210
JDM,HC17,31395590
JDM,HC17,31395835
JDM,HC17,31395864
JDM,HC17,31396317
JDM,HC17,31396360
JDM,HC17,31396590
JDM,HC17,31396658
JDM,HC17,31396719
JDM,HC17,31396780
JDM,HC17,31396820
JDM,HC17,31397039
JDM,HC17,31397119
JDM,HC17,31397235
JDM,HC17,31397546
JDM,HC17,31397746
JDM,HC17,31397761
JDM,HC17,31398162
JDM,HC17,31398209
JDM,HC17,31398521
JDM,HC17,31398600
JDM,HC17,31398786
JDM,HC17,31399076
JDM,HC17,31399482
JDM,HC17,31399520
JDM,HC17,31399693
JDM,HC17,31399778
JDM,HC17,31399881
JDM,HC17,31400029
JDM,HC17,31400145
JDM,HC17,31400444
JDM,HC17,31400480
JDM,HC17,31400640
JDM,HC17,31400867
JDM,HC17,31400978
JDM,HC17,31400986
JDM,HC17,31401144
JDM,HC17,31401416
JDM,HC17,31401550
JDM,HC17,31401578
JDM,HC17,31401707
JDM,HC17,31401811
JDM,HC17,31402044
JDM,HC17,31402099
JDM,HC17,31402308
JDM,HC17,31402640
JDM,HC17,31402676
JDM,HC17,31403156
JDM,HC17,31403380
JDM,HC17,31403467
JDM,HC17,31403826
JDM,HC17,31403905
JDM,HC17,31404051
JDM,HC17,31404604
JDM,HC17,31404637
JDM,HC17,31404759
JDM,HC17,31404819
JDM,HC17,31405158
JDM,HC17,31405170
JDM,HC17,31405304
JDM,HC17,31405464
JDM,HC17,31405510
JDM,HC17,31406135
JDM,HC17,31406139
JDM,HC17,31406808
JDM,HC17,31406873
JDM,HC17,31406994
JDM,HC17,31407114
JDM,HC17,31407362
JDM,HC17,31408222
JDM,HC17,31408784
JDM,HC17,31408985
JDM,HC17,31409098
JDM,HC17,31409510
JDM,HC17,31410121
JDM,HC17,31410204
JDM,HC17,31410413
JDM,HC17,31410423
JDM,HC17,31410620
JDM,HC17,31410651
JDM,HC17,31410835
JDM,HC17,31410843
JDM,HC17,31410934
JDM,HC17,31411217
JDM,HC17,31411922
JDM,HC17,31412002
JDM,HC17,31412168
JDM,HC17,31412203
JDM,HC17,31412490
JDM,HC17,31412776
JDM,HC17,31412914
JDM,HC17,31413186
JDM,HC17,31413308
JDM,HC17,31413681
JDM,HC17,31413757
JDM,HC17,31413929
JDM,HC17,31414006
JDM,HC17,31326303
JDM,HC17,31348877
JDM,HC17,31382955
JDM,HC17,31384010
JDM,HC17,31396854
JDM,HC17,31405342
JDM,HC17,31407625
JDM,HC17,31310620
JDM,HC17,31311075
JDM,HC17,31311969
JDM,HC17,31319084
JDM,HC17,31320979
JDM,HC17,31321759
JDM,HC17,31322130
JDM,HC17,31327332
JDM,HC17,31328247
JDM,HC17,31332983
JDM,HC17,31343008
JDM,HC17,31343149
JDM,HC17,31347069
JDM,HC17,31347882
JDM,HC17,31349805
JDM,HC17,31352711
JDM,HC17,31354832
JDM,HC17,31361542
JDM,HC17,31370005
JDM,HC17,31371619
JDM,HC17,31393370
JDM,HC17,31396839
JDM,HC17,31400274
JDM,HC17,31400752
JDM,HC17,31400814
JDM,HC17,31402617
JDM,HC17,31404560
JDM,HC17,31406393
JDM,HC17,31410520
JDM,HC17,31311716
JDM,HC17,31312308
JDM,HC17,31318439
JDM,HC17,31321106
JDM,HC17,31321854
JDM,HC17,31322577
JDM,HC17,31338355
JDM,HC17,31353917
JDM,HC17,31354947
JDM,HC17,31367741
JDM,HC17,31372718
JDM,HC17,31374364
JDM,HC17,31414050
JDM,HC17,31311056
JDM,HC17,31315191
JDM,HC17,31316949
JDM,HC17,31318804
JDM,HC17,31319255
JDM,HC17,31322701
JDM,HC17,31322810
JDM,HC17,31322967
JDM,HC17,31323356
JDM,HC17,31324819
JDM,HC17,31325523
JDM,HC17,31328361
JDM,HC17,31328797
JDM,HC17,31331513
JDM,HC17,31336356
JDM,HC17,31336548
JDM,HC17,31337336
JDM,HC17,31337476
JDM,HC17,31341515
JDM,HC17,31342318
JDM,HC17,31343052
JDM,HC17,31348065
JDM,HC17,31349353
JDM,HC17,31352808
JDM,HC17,31353475
JDM,HC17,31354172
JDM,HC17,31361956
JDM,HC17,31362913
JDM,HC17,31367601
JDM,HC17,31368424
JDM,HC17,31369449
JDM,HC17,31369905
JDM,HC17,31372598
JDM,HC17,31378057
JDM,HC17,31384964
JDM,HC17,31387968
JDM,HC17,31389111
JDM,HC17,31394183
JDM,HC17,31402389
JDM,HC17,31406020
JDM,HC17,31311495
JDM,HC17,31312228
JDM,HC17,31314748
JDM,HC17,31315441
JDM,HC17,31320611
JDM,HC17,31332826
JDM,HC17,31342027
JDM,HC17,31344515
JDM,HC17,31349681
JDM,HC17,31352239
JDM,HC17,31354094
JDM,HC17,31365022
JDM,HC17,31390492
JDM,HC17,31390530
JDM,HC17,31392963
JDM,HC17,31397427
JDM,HC17,31401724
JDM,HC17,31406338
JDM,HC17,31408023
JDM,HC17,31410660
JDM,HC18,31308358
JDM,HC18,31308374
JDM,HC18,31308406
JDM,HC18,31308725
JDM,HC18,31309377
JDM,HC18,31309585
JDM,HC18,31309686
JDM,HC18,31309930
JDM,HC18,31310348
JDM,HC18,31310372
JDM,HC18,31310734
JDM,HC18,31310741
JDM,HC18,31310954
JDM,HC18,31311000
JDM,HC18,31311139
JDM,HC18,31311156
JDM,HC18,31311553
JDM,HC18,31311566
JDM,HC18,31311885
JDM,HC18,31311981
JDM,HC18,31312210
JDM,HC18,31312229
JDM,HC18,31312245
JDM,HC18,31312385
JDM,HC18,31312645
JDM,HC18,31312754
JDM,HC18,31312847
JDM,HC18,31312933
JDM,HC18,31312946
JDM,HC18,31313089
JDM,HC18,31313211
JDM,HC18,31313236
JDM,HC18,31313385
JDM,HC18,31313495
JDM,HC18,31314312
JDM,HC18,31314396
JDM,HC18,31314461
JDM,HC18,31314494
JDM,HC18,31314620
JDM,HC18,31314933
JDM,HC18,31315247
JDM,HC18,31315267
JDM,HC18,31315314
JDM,HC18,31315353
JDM,HC18,31315575
JDM,HC18,31316248
JDM,HC18,31316540
JDM,HC18,31316597
JDM,HC18,31316795
JDM,HC18,31316851
JDM,HC18,31317074
JDM,HC18,31317156
JDM,HC18,31317857
JDM,HC18,31317995
JDM,HC18,31318324
JDM,HC18,31318569
JDM,HC18,31318657
JDM,HC18,31318730
JDM,HC18,31318791
JDM,HC18,31318823
JDM,HC18,31319002
JDM,HC18,31319178
JDM,HC18,31319622
JDM,HC18,31320124
JDM,HC18,31320190
JDM,HC18,31320480
JDM,HC18,31320529
JDM,HC18,31320846
JDM,HC18,31320869
JDM,HC18,31320972
JDM,HC18,31321042
JDM,HC18,31321129
JDM,HC18,31321228
JDM,HC18,31321275
JDM,HC18,31321464
JDM,HC18,31321478
JDM,HC18,31321611
JDM,HC18,31321677
JDM,HC18,31321689
JDM,HC18,31321745
JDM,HC18,31321793
JDM,HC18,31321806
JDM,HC18,31321833
JDM,HC18,31321870
JDM,HC18,31321874
JDM,HC18,31322200
JDM,HC18,31322334
JDM,HC18,31322666
JDM,HC18,31322826
JDM,HC18,31323000
JDM,HC18,31323238
JDM,HC18,31323506
JDM,HC18,31323592
JDM,HC18,31323600
JDM,HC18,31323706
JDM,HC18,31323795
JDM,HC18,31324094
JDM,HC18,31324699
JDM,HC18,31324965
JDM,HC18,31325095
JDM,HC18,31325164
JDM,HC18,31325376
JDM,HC18,31325452
JDM,HC18,31325808
JDM,HC18,31325896
JDM,HC18,31326292
JDM,HC18,31326435
JDM,HC18,31326495
JDM,HC18,31326646
JDM,HC18,31326788
JDM,HC18,31326949
JDM,HC18,31326978
JDM,HC18,31327002
JDM,HC18,31327274
JDM,HC18,31327311
JDM,HC18,31327582
JDM,HC18,31327588
JDM,HC18,31328132
JDM,HC18,31328680
JDM,HC18,31328726
JDM,HC18,31328762
JDM,HC18,31329183
JDM,HC18,31329417
JDM,HC18,31329427
JDM,HC18,31329471
JDM,HC18,31329480
JDM,HC18,31329762
JDM,HC18,31329816
JDM,HC18,31329959
JDM,HC18,31330045
JDM,HC18,31330401
JDM,HC18,31330447
JDM,HC18,31330661
JDM,HC18,31331239
JDM,HC18,31331617
JDM,HC18,31331759
JDM,HC18,31331920
JDM,HC18,31332001
JDM,HC18,31332120
JDM,HC18,31332156
JDM,HC18,31332187
JDM,HC18,31332557
JDM,HC18,31332595
JDM,HC18,31332680
JDM,HC18,31332689
JDM,HC18,31333278
JDM,HC18,31333461
JDM,HC18,31333559
JDM,HC18,31333800
JDM,HC18,31333870
JDM,HC18,31333871
JDM,HC18,31333917
JDM,HC18,31334031
JDM,HC18,31334206
JDM,HC18,31334323
JDM,HC18,31334377
JDM,HC18,31334387
JDM,HC18,31334466
JDM,HC18,31334852
JDM,HC18,31334972
JDM,HC18,31335216
JDM,HC18,31335413
JDM,HC18,31335864
JDM,HC18,31335865
JDM,HC18,31335921
JDM,HC18,31336253
JDM,HC18,31336392
JDM,HC18,31336422
JDM,HC18,31336515
JDM,HC18,31336595
JDM,HC18,31336808
JDM,HC18,31337439
JDM,HC18,31338120
JDM,HC18,31338155
JDM,HC18,31338177
JDM,HC18,31338368
JDM,HC18,31338431
JDM,HC18,31338556
JDM,HC18,31338706
JDM,HC18,31338730
JDM,HC18,31338756
JDM,HC18,31338806
JDM,HC18,31338978
JDM,HC18,31339005
JDM,HC18,31339263
JDM,HC18,31339303
JDM,HC18,31339356
JDM,HC18,31339623
JDM,HC18,31339746
JDM,HC18,31339769
JDM,HC18,31339939
JDM,HC18,31340051
JDM,HC18,31340103
JDM,HC18,31340311
JDM,HC18,31340450
JDM,HC18,31340928
JDM,HC18,31341249
JDM,HC18,31341434
JDM,HC18,31341969
JDM,HC18,31342355
JDM,HC18,31342378
JDM,HC18,31342419
JDM,HC18,31342454
JDM,HC18,31342527
JDM,HC18,31342778
JDM,HC18,31342967
JDM,HC18,31343167
JDM,HC18,31343313
JDM,HC18,31343338
JDM,HC18,31343495
JDM,HC18,31343523
JDM,HC18,31343584
JDM,HC18,31343668
JDM,HC18,31343738
JDM,HC18,31343892
JDM,HC18,31343896
JDM,HC18,31344103
JDM,HC18,31344574
JDM,HC18,31344653
JDM,HC18,31344730
JDM,HC18,31344781
JDM,HC18,31344936
JDM,HC18,31344939
JDM,HC18,31344950
JDM,HC18,31345284
JDM,HC18,31345294
JDM,HC18,31345498
JDM,HC18,31345602
JDM,HC18,31345935
JDM,HC18,31345994
JDM,HC18,31346069
JDM,HC18,31346096
JDM,HC18,31346439
JDM,HC18,31346512
JDM,HC18,31346843
JDM,HC18,31347059
JDM,HC18,31347086
JDM,HC18,31347176
JDM,HC18,31347201
JDM,HC18,31347222
JDM,HC18,31347295
JDM,HC18,31347317
JDM,HC18,31347375
JDM,HC18,31347413
JDM,HC18,31347453
JDM,HC18,31347580
JDM,HC18,31347788
JDM,HC18,31347815
JDM,HC18,31347902
JDM,HC18,31347933
JDM,HC18,31348005
JDM,HC18,31348139
JDM,HC18,31348203
JDM,HC18,31348525
JDM,HC18,31348911
JDM,HC18,31348939
JDM,HC18,31349091
JDM,HC18,31349127
JDM,HC18,31349448
JDM,HC18,31349900
JDM,HC18,31349977
JDM,HC18,31350018
JDM,HC18,31350803
JDM,HC18,31350857
JDM,HC18,31351032
JDM,HC18,31351818
JDM,HC18,31352140
JDM,HC18,31352461
JDM,HC18,31352633
JDM,HC18,31352899
JDM,HC18,31352965
JDM,HC18,31353063
JDM,HC18,31353173
JDM,HC18,31353244
JDM,HC18,31353459
JDM,HC18,31353629
JDM,HC18,31353674
JDM,HC18,31353679
JDM,HC18,31353921
JDM,HC18,31354298
JDM,HC18,31354360
JDM,HC18,31354497
JDM,HC18,31354633
JDM,HC18,31355187
JDM,HC18,31355199
JDM,HC18,31355268
JDM,HC18,31355406
JDM,HC18,31355640
JDM,HC18,31355897
JDM,HC18,31356003
JDM,HC18,31356179
JDM,HC18,31356220
JDM,HC18,31356385
JDM,HC18,31356802
JDM,HC18,31356922
JDM,HC18,31356992
JDM,HC18,31357125
JDM,HC18,31357194
JDM,HC18,31357243
JDM,HC18,31357278
JDM,HC18,31357733
JDM,HC18,31358006
JDM,HC18,31358073
JDM,HC18,31358088
JDM,HC18,31358120
JDM,HC18,31358511
JDM,HC18,31358699
JDM,HC18,31358784
JDM,HC18,31359008
JDM,HC18,31360022
JDM,HC18,31360138
JDM,HC18,31360174
JDM,HC18,31360475
JDM,HC18,31360907
JDM,HC18,31360911
JDM,HC18,31360968
JDM,HC18,31360975
JDM,HC18,31361136
JDM,HC18,31361147
JDM,HC18,31361449
JDM,HC18,31361895
JDM,HC18,31362019
JDM,HC18,31362067
JDM,HC18,31362213
JDM,HC18,31362312
JDM,HC18,31362548
JDM,HC18,31362728
JDM,HC18,31362859
JDM,HC18,31362936
JDM,HC18,31362980
JDM,HC18,31363139
JDM,HC18,31363271
JDM,HC18,31363472
JDM,HC18,31363559
JDM,HC18,31363638
JDM,HC18,31363716
JDM,HC18,31364177
JDM,HC18,31364344
JDM,HC18,31364547
JDM,HC18,31364627
JDM,HC18,31364679
JDM,HC18,31364719
JDM,HC18,31364735
JDM,HC18,31364789
JDM,HC18,31365004
JDM,HC18,31365395
JDM,HC18,31365663
JDM,HC18,31365773
JDM,HC18,31365793
JDM,HC18,31365942
JDM,HC18,31366006
JDM,HC18,31366172
JDM,HC18,31366279
JDM,HC18,31366412
JDM,HC18,31366678
JDM,HC18,31366875
JDM,HC18,31366904
JDM,HC18,31366923
JDM,HC18,31367036
JDM,HC18,31367547
JDM,HC18,31367990
JDM,HC18,31368018
JDM,HC18,31368038
JDM,HC18,31368313
JDM,HC18,31368338
JDM,HC18,31368513
JDM,HC18,31368594
JDM,HC18,31368933
JDM,HC18,31368957
JDM,HC18,31369053
JDM,HC18,31369371
JDM,HC18,31369742
JDM,HC18,31369780
JDM,HC18,31370186
JDM,HC18,31370237
JDM,HC18,31370323
JDM,HC18,31370459
JDM,HC18,31370734
JDM,HC18,31370864
JDM,HC18,31370882
JDM,HC18,31370891
JDM,HC18,31371156
JDM,HC18,31371164
JDM,HC18,31371265
JDM,HC18,31371304
JDM,HC18,31371405
JDM,HC18,31371551
JDM,HC18,31371651
JDM,HC18,31372101
JDM,HC18,31372185
JDM,HC18,31372248
JDM,HC18,31372328
JDM,HC18,31372491
JDM,HC18,31372746
JDM,HC18,31372832
JDM,HC18,31372939
JDM,HC18,31373045
JDM,HC18,31373144
JDM,HC18,31373339
JDM,HC18,31373346
JDM,HC18,31373469
JDM,HC18,31373507
JDM,HC18,31373669
JDM,HC18,31373880
JDM,HC18,31374154
JDM,HC18,31374212
JDM,HC18,31374387
JDM,HC18,31374575
JDM,HC18,31374674
JDM,HC18,31374675
JDM,HC18,31374739
JDM,HC18,31374757
JDM,HC18,31374836
JDM,HC18,31375271
JDM,HC18,31375386
JDM,HC18,31375546
JDM,HC18,31375624
JDM,HC18,31375627
JDM,HC18,31375815
JDM,HC18,31375923
JDM,HC18,31376161
JDM,HC18,31376202
JDM,HC18,31376756
JDM,HC18,31376815
JDM,HC18,31377104
JDM,HC18,31377339
JDM,HC18,31378702
JDM,HC18,31378819
JDM,HC18,31378932
JDM,HC18,31378949
JDM,HC18,31379310
JDM,HC18,31380070
JDM,HC18,31380138
JDM,HC18,31380203
JDM,HC18,31380230
JDM,HC18,31380254
JDM,HC18,31380269
JDM,HC18,31380516
JDM,HC18,31380819
JDM,HC18,31381029
JDM,HC18,31381337
JDM,HC18,31381623
JDM,HC18,31381678
JDM,HC18,31381730
JDM,HC18,31382313
JDM,HC18,31382459
JDM,HC18,31382466
JDM,HC18,31382741
JDM,HC18,31383073
JDM,HC18,31383400
JDM,HC18,31383594
JDM,HC18,31383715
JDM,HC18,31383964
JDM,HC18,31384098
JDM,HC18,31384361
JDM,HC18,31384460
JDM,HC18,31384462
JDM,HC18,31384527
JDM,HC18,31384615
JDM,HC18,31385478
JDM,HC18,31385804
JDM,HC18,31386003
JDM,HC18,31386189
JDM,HC18,31386225
JDM,HC18,31386350
JDM,HC18,31386572
JDM,HC18,31386761
JDM,HC18,31386837
JDM,HC18,31386957
JDM,HC18,31387000
JDM,HC18,31387065
JDM,HC18,31387274
JDM,HC18,31387290
JDM,HC18,31387783
JDM,HC18,31387942
JDM,HC18,31388039
JDM,HC18,31388590
JDM,HC18,31388704
JDM,HC18,31388737
JDM,HC18,31389099
JDM,HC18,31389175
JDM,HC18,31389201
JDM,HC18,31389367
JDM,HC18,31389544
JDM,HC18,31389572
JDM,HC18,31389813
JDM,HC18,31390347
JDM,HC18,31390894
JDM,HC18,31391114
JDM,HC18,31391508
JDM,HC18,31391607
JDM,HC18,31391745
JDM,HC18,31391914
JDM,HC18,31391925
JDM,HC18,31392018
JDM,HC18,31392221
JDM,HC18,31392235
JDM,HC18,31392279
JDM,HC18,31392977
JDM,HC18,31393366
JDM,HC18,31393556
JDM,HC18,31393833
JDM,HC18,31394083
JDM,HC18,31394101
JDM,HC18,31394159
JDM,HC18,31394201
JDM,HC18,31394413
JDM,HC18,31394570
JDM,HC18,31394669
JDM,HC18,31394850
JDM,HC18,31395000
JDM,HC18,31395191
JDM,HC18,31395370
JDM,HC18,31395397
JDM,HC18,31395564
JDM,HC18,31395911
JDM,HC18,31395942
JDM,HC18,31396006
JDM,HC18,31396065
JDM,HC18,31396890
JDM,HC18,31396912
JDM,HC18,31396979
JDM,HC18,31397046
JDM,HC18,31397196
JDM,HC18,31397505
JDM,HC18,31397523
JDM,HC18,31397584
JDM,HC18,31398316
JDM,HC18,31398413
JDM,HC18,31398779
JDM,HC18,31398928
JDM,HC18,31399057
JDM,HC18,31399151
JDM,HC18,31399339
JDM,HC18,31399444
JDM,HC18,31399685
JDM,HC18,31399958
JDM,HC18,31400121
JDM,HC18,31400425
JDM,HC18,31401133
JDM,HC18,31401212
JDM,HC18,31401364
JDM,HC18,31401438
JDM,HC18,31401605
JDM,HC18,31401889
JDM,HC18,31402169
JDM,HC18,31402524
JDM,HC18,31403148
JDM,HC18,31403213
JDM,HC18,31403908
JDM,HC18,31404246
JDM,HC18,31404452
JDM,HC18,31404738
JDM,HC18,31405101
JDM,HC18,31405282
JDM,HC18,31405329
JDM,HC18,31405367
JDM,HC18,31405436
JDM,HC18,31406160
JDM,HC18,31406400
JDM,HC18,31406676
JDM,HC18,31406701
JDM,HC18,31406752
JDM,HC18,31407023
JDM,HC18,31407122
JDM,HC18,31407169
JDM,HC18,31407418
JDM,HC18,31407469
JDM,HC18,31407530
JDM,HC18,31407792
JDM,HC18,31408208
JDM,HC18,31408306
JDM,HC18,31408510
JDM,HC18,31408809
JDM,HC18,31409058
JDM,HC18,31409218
JDM,HC18,31409693
JDM,HC18,31410031
JDM,HC18,31410079
JDM,HC18,31410491
JDM,HC18,31410656
JDM,HC18,31410855
JDM,HC18,31410973
JDM,HC18,31411020
JDM,HC18,31411058
JDM,HC18,31411333
JDM,HC18,31411481
JDM,HC18,31411581
JDM,HC18,31411639
JDM,HC18,31411750
JDM,HC18,31411848
JDM,HC18,31411923
JDM,HC18,31412050
JDM,HC18,31412336
JDM,HC18,31412625
JDM,HC18,31412763
JDM,HC18,31413350
JDM,HC18,31413577
JDM,HC18,31413672
JDM,HC18,31414059
JDM,HC18,31311547
JDM,HC18,31317496
JDM,HC18,31330971
JDM,HC18,31352066
JDM,HC18,31358371
JDM,HC18,31359375
JDM,HC18,31361423
JDM,HC18,31376722
JDM,HC18,31381275
JDM,HC18,31404735
JDM,HC18,31310454
JDM,HC18,31311356
JDM,HC18,31320319
JDM,HC18,31327208
JDM,HC18,31327324
JDM,HC18,31328392
JDM,HC18,31336055
JDM,HC18,31339047
JDM,HC18,31340657
JDM,HC18,31343252
JDM,HC18,31343826
JDM,HC18,31345696
JDM,HC18,31346413
JDM,HC18,31347126
JDM,HC18,31347916
JDM,HC18,31366222
JDM,HC18,31375440
JDM,HC18,31375978
JDM,HC18,31377826
JDM,HC18,31378434
JDM,HC18,31380910
JDM,HC18,31382277
JDM,HC18,31384131
JDM,HC18,31384933
JDM,HC18,31385637
JDM,HC18,31385978
JDM,HC18,31387524
JDM,HC18,31389567
JDM,HC18,31393714
JDM,HC18,31395861
JDM,HC18,31398937
JDM,HC18,31398995
JDM,HC18,31399643
JDM,HC18,31403012
JDM,HC18,31404192
JDM,HC18,31316175
JDM,HC18,31347456
JDM,HC18,31350239
JDM,HC18,31361343
JDM,HC18,31373626
JDM,HC18,31378763
JDM,HC18,31381593
JDM,HC18,31394609
JDM,HC18,31400831
JDM,HC18,31411044
JDM,HC18,31411273
JDM,HC18,31309561
JDM,HC18,31309842
JDM,HC18,31320838
JDM,HC18,31323166
JDM,HC18,31325944
JDM,HC18,31329828
JDM,HC18,31332740
JDM,HC18,31336924
JDM,HC18,31338197
JDM,HC18,31338317
JDM,HC18,31339582
JDM,HC18,31340270
JDM,HC18,31341104
JDM,HC18,31343216
JDM,HC18,31350201
JDM,HC18,31351137
JDM,HC18,31352901
JDM,HC18,31356009
JDM,HC18,31358317
JDM,HC18,31362331
JDM,HC18,31365321
JDM,HC18,31366628
JDM,HC18,31370992
JDM,HC18,31372135
JDM,HC18,31372156
JDM,HC18,31372807
JDM,HC18,31375905
JDM,HC18,31385406
JDM,HC18,31386467
JDM,HC18,31387241
JDM,HC18,31387475
JDM,HC18,31390727
JDM,HC18,31391158
JDM,HC18,31392432
JDM,HC18,31392539
JDM,HC18,31393256
JDM,HC18,31393946
JDM,HC18,31401933
JDM,HC18,31409626
JDM,HC18,31410359
JDM,HC18,31309474
JDM,HC18,31312139
JDM,HC18,31312825
JDM,HC18,31314139
JDM,HC18,31315845
JDM,HC18,31320040
JDM,HC18,31327805
JDM,HC18,31335238
JDM,HC18,31338873
JDM,HC18,31343350
JDM,HC18,31349227
JDM,HC18,31351941
JDM,HC18,31352231
JDM,HC18,31353866
JDM,HC18,31354711
JDM,HC18,31355284
JDM,HC18,31359520
JDM,HC18,31360481
JDM,HC18,31360989
JDM,HC18,31363896
JDM,HC18,31364869
JDM,HC18,31365088
JDM,HC18,31368343
JDM,HC18,31369494
JDM,HC18,31373559
JDM,HC18,31374460
JDM,HC18,31386164
JDM,HC18,31387192
JDM,HC18,31387530
JDM,HC18,31389105
JDM,HC18,31392958
JDM,HC18,31392997
JDM,HC18,31407914
JDM,HC18,31408813
JDM,HC18,31409297
JDM,HC18,31411293
JDM,HC19,31308763
JDM,HC19,31309233
JDM,HC19,31309244
JDM,HC19,31309477
JDM,HC19,31309651
JDM,HC19,31309733
JDM,HC19,31310059
JDM,HC19,31310667
JDM,HC19,31310783
JDM,HC19,31310854
JDM,HC19,31310940
JDM,HC19,31311079
JDM,HC19,31311131
JDM,HC19,31311261
JDM,HC19,31311488
JDM,HC19,31311586
JDM,HC19,31311803
JDM,HC19,31312353
JDM,HC19,31312373
JDM,HC19,31312393
JDM,HC19,31312732
JDM,HC19,31312877
JDM,HC19,31312948
JDM,HC19,31313024
JDM,HC19,31313076
JDM,HC19,31313158
JDM,HC19,31313388
JDM,HC19,31313981
JDM,HC19,31314205
JDM,HC19,31314380
JDM,HC19,31314538
JDM,HC19,31314555
JDM,HC19,31314688
JDM,HC19,31314857
JDM,HC19,31314961
JDM,HC19,31315105
JDM,HC19,31315291
JDM,HC19,31315326
JDM,HC19,31315351
JDM,HC19,31315423
JDM,HC19,31315630
JDM,HC19,31315805
JDM,HC19,31315951
JDM,HC19,31315968
JDM,HC19,31316050
JDM,HC19,31316194
JDM,HC19,31316293
JDM,HC19,31316635
JDM,HC19,31316660
JDM,HC19,31316676
JDM,HC19,31316794
JDM,HC19,31316879
JDM,HC19,31317027
JDM,HC19,31317178
JDM,HC19,31317332
JDM,HC19,31317419
JDM,HC19,31317442
JDM,HC19,31317471
JDM,HC19,31317723
JDM,HC19,31317994
JDM,HC19,31318217
JDM,HC19,31318695
JDM,HC19,31318704
JDM,HC19,31318777
JDM,HC19,31318835
JDM,HC19,31319190
JDM,HC19,31319271
JDM,HC19,31319307
JDM,HC19,31319656
JDM,HC19,31319778
JDM,HC19,31320000
JDM,HC19,31320062
JDM,HC19,31320185
JDM,HC19,31320325
JDM,HC19,31320570
JDM,HC19,31320761
JDM,HC19,31321567
JDM,HC19,31321664
JDM,HC19,31322300
JDM,HC19,31322354
JDM,HC19,31322523
JDM,HC19,31322820
JDM,HC19,31323191
JDM,HC19,31323267
JDM,HC19,31323737
JDM,HC19,31323739
JDM,HC19,31323817
JDM,HC19,31323959
JDM,HC19,31324261
JDM,HC19,31324280
JDM,HC19,31324454
JDM,HC19,31324577
JDM,HC19,31324742
JDM,HC19,31325165
JDM,HC19,31325221
JDM,HC19,31325304
JDM,HC19,31325511
JDM,HC19,31325524
JDM,HC19,31325641
JDM,HC19,31325702
JDM,HC19,31325765
JDM,HC19,31325907
JDM,HC19,31326134
JDM,HC19,31326194
JDM,HC19,31326285
JDM,HC19,31326446
JDM,HC19,31326461
JDM,HC19,31326540
JDM,HC19,31326569
JDM,HC19,31326680
JDM,HC19,31326790
JDM,HC19,31327086
JDM,HC19,31327174
JDM,HC19,31327281
JDM,HC19,31327466
JDM,HC19,31327495
JDM,HC19,31327496
JDM,HC19,31327801
JDM,HC19,31327830
JDM,HC19,31327967
JDM,HC19,31328218
JDM,HC19,31328311
JDM,HC19,31328763
JDM,HC19,31328858
JDM,HC19,31328859
JDM,HC19,31328868
JDM,HC19,31328919
JDM,HC19,31329368
JDM,HC19,31329429
JDM,HC19,31329515
JDM,HC19,31329755
JDM,HC19,31329896
JDM,HC19,31330082
JDM,HC19,31330160
JDM,HC19,31330337
JDM,HC19,31330784
JDM,HC19,31330944
JDM,HC19,31330960
JDM,HC19,31331158
JDM,HC19,31331261
JDM,HC19,31331307
JDM,HC19,31331520
JDM,HC19,31331817
JDM,HC19,31332061
JDM,HC19,31332111
JDM,HC19,31332191
JDM,HC19,31332869
JDM,HC19,31332873
JDM,HC19,31333017
JDM,HC19,31333238
JDM,HC19,31333662
JDM,HC19,31333783
JDM,HC19,31333792
JDM,HC19,31333926
JDM,HC19,31334020
JDM,HC19,31334152
JDM,HC19,31334169
JDM,HC19,31334239
JDM,HC19,31334310
JDM,HC19,31334424
JDM,HC19,31334444
JDM,HC19,31334520
JDM,HC19,31334539
JDM,HC19,31334673
JDM,HC19,31334750
JDM,HC19,31334902
JDM,HC19,31335079
JDM,HC19,31335204
JDM,HC19,31335218
JDM,HC19,31335236
JDM,HC19,31335350
JDM,HC19,31335420
JDM,HC19,31335465
JDM,HC19,31335477
JDM,HC19,31335509
JDM,HC19,31335548
JDM,HC19,31335911
JDM,HC19,31336007
JDM,HC19,31336026
JDM,HC19,31336196
JDM,HC19,31336553
JDM,HC19,31336865
JDM,HC19,31337061
JDM,HC19,31337666
JDM,HC19,31338068
JDM,HC19,31338223
JDM,HC19,31338224
JDM,HC19,31338817
JDM,HC19,31339149
JDM,HC19,31339353
JDM,HC19,31339492
JDM,HC19,31339525
JDM,HC19,31339534
JDM,HC19,31339858
JDM,HC19,31339884
JDM,HC19,31339910
JDM,HC19,31340090
JDM,HC19,31340183
JDM,HC19,31340580
JDM,HC19,31340594
JDM,HC19,31340653
JDM,HC19,31340937
JDM,HC19,31341306
JDM,HC19,31341313
JDM,HC19,31341604
JDM,HC19,31341622
JDM,HC19,31342212
JDM,HC19,31342380
JDM,HC19,31342748
JDM,HC19,31342754
JDM,HC19,31342756
JDM,HC19,31342784
JDM,HC19,31342929
JDM,HC19,31343104
JDM,HC19,31343130
JDM,HC19,31343158
JDM,HC19,31343363
JDM,HC19,31343373
JDM,HC19,31343427
JDM,HC19,31343678
JDM,HC19,31344001
JDM,HC19,31344136
JDM,HC19,31344288
JDM,HC19,31344531
JDM,HC19,31345048
JDM,HC19,31345231
JDM,HC19,31345272
JDM,HC19,31345455
JDM,HC19,31345543
JDM,HC19,31345586
JDM,HC19,31345694
JDM,HC19,31345846
JDM,HC19,31345908
JDM,HC19,31346014
JDM,HC19,31346050
JDM,HC19,31346549
JDM,HC19,31346833
JDM,HC19,31346867
JDM,HC19,31346910
JDM,HC19,31347012
JDM,HC19,31347020
JDM,HC19,31347144
JDM,HC19,31347604
JDM,HC19,31347629
JDM,HC19,31347753
JDM,HC19,31348016
JDM,HC19,31348304
JDM,HC19,31348441
JDM,HC19,31348707
JDM,HC19,31348840
JDM,HC19,31349347
JDM,HC19,31349850
JDM,HC19,31349869
JDM,HC19,31350177
JDM,HC19,31350490
JDM,HC19,31350584
JDM,HC19,31351034
JDM,HC19,31351076
JDM,HC19,31351171
JDM,HC19,31351283
JDM,HC19,31351419
JDM,HC19,31351813
JDM,HC19,31351911
JDM,HC19,31352136
JDM,HC19,31352152
JDM,HC19,31352214
JDM,HC19,31352695
JDM,HC19,31352739
JDM,HC19,31352895
JDM,HC19,31352994
JDM,HC19,31353018
JDM,HC19,31353071
JDM,HC19,31353088
JDM,HC19,31353580
JDM,HC19,31353597
JDM,HC19,31353602
JDM,HC19,31353620
JDM,HC19,31353693
JDM,HC19,31353749
JDM,HC19,31354067
JDM,HC19,31354074
JDM,HC19,31354578
JDM,HC19,31354687
JDM,HC19,31354713
JDM,HC19,31354770
JDM,HC19,31354845
JDM,HC19,31354931
JDM,HC19,31355011
JDM,HC19,31355133
JDM,HC19,31355261
JDM,HC19,31355541
JDM,HC19,31355601
JDM,HC19,31355725
JDM,HC19,31355750
JDM,HC19,31356218
JDM,HC19,31356332
JDM,HC19,31356680
JDM,HC19,31356709
JDM,HC19,31356811
JDM,HC19,31356880
JDM,HC19,31357041
JDM,HC19,31357203
JDM,HC19,31357610
JDM,HC19,31357709
JDM,HC19,31358015
JDM,HC19,31358207
JDM,HC19,31358226
JDM,HC19,31358435
JDM,HC19,31358667
JDM,HC19,31358669
JDM,HC19,31358720
JDM,HC19,31358788
JDM,HC19,31358854
JDM,HC19,31358880
JDM,HC19,31358944
JDM,HC19,31359293
JDM,HC19,31359371
JDM,HC19,31359473
JDM,HC19,31359855
JDM,HC19,31360099
JDM,HC19,31360216
JDM,HC19,31360242
JDM,HC19,31360614
JDM,HC19,31360622
JDM,HC19,31361118
JDM,HC19,31361243
JDM,HC19,31361840
JDM,HC19,31361866
JDM,HC19,31362317
JDM,HC19,31362412
JDM,HC19,31362437
JDM,HC19,31362634
JDM,HC19,31362648
JDM,HC19,31362677
JDM,HC19,31362995
JDM,HC19,31363028
JDM,HC19,31363196
JDM,HC19,31363363
JDM,HC19,31363693
JDM,HC19,31363830
JDM,HC19,31363999
JDM,HC19,31364101
JDM,HC19,31364140
JDM,HC19,31364375
JDM,HC19,31364433
JDM,HC19,31364446
JDM,HC19,31364947
JDM,HC19,31365187
JDM,HC19,31365468
JDM,HC19,31365833
JDM,HC19,31365866
JDM,HC19,31365928
JDM,HC19,31366072
JDM,HC19,31366196
JDM,HC19,31366253
JDM,HC19,31366275
JDM,HC19,31366658
JDM,HC19,31366686
JDM,HC19,31366885
JDM,HC19,31367094
JDM,HC19,31367525
JDM,HC19,31367690
JDM,HC19,31367840
JDM,HC19,31367869
JDM,HC19,31367957
JDM,HC19,31367972
JDM,HC19,31368042
JDM,HC19,31368196
JDM,HC19,31368276
JDM,HC19,31368662
JDM,HC19,31369010
JDM,HC19,31369348
JDM,HC19,31369356
JDM,HC19,31369411
JDM,HC19,31369483
JDM,HC19,31369531
JDM,HC19,31369553
JDM,HC19,31369603
JDM,HC19,31369821
JDM,HC19,31369962
JDM,HC19,31370330
JDM,HC19,31370414
JDM,HC19,31370420
JDM,HC19,31370853
JDM,HC19,31371071
JDM,HC19,31371143
JDM,HC19,31371395
JDM,HC19,31371453
JDM,HC19,31371780
JDM,HC19,31371806
JDM,HC19,31371968
JDM,HC19,31372252
JDM,HC19,31372277
JDM,HC19,31372313
JDM,HC19,31372627
JDM,HC19,31372853
JDM,HC19,31372855
JDM,HC19,31373001
JDM,HC19,31373223
JDM,HC19,31373336
JDM,HC19,31373512
JDM,HC19,31373535
JDM,HC19,31373542
JDM,HC19,31373576
JDM,HC19,31373805
JDM,HC19,31374054
JDM,HC19,31374065
JDM,HC19,31374164
JDM,HC19,31374166
JDM,HC19,31374181
JDM,HC19,31374322
JDM,HC19,31374627
JDM,HC19,31374641
JDM,HC19,31374647
JDM,HC19,31374730
JDM,HC19,31374837
JDM,HC19,31374993
JDM,HC19,31375000
JDM,HC19,31375004
JDM,HC19,31375048
JDM,HC19,31375098
JDM,HC19,31375253
JDM,HC19,31375293
JDM,HC19,31375418
JDM,HC19,31375503
JDM,HC19,31375535
JDM,HC19,31375684
JDM,HC19,31375859
JDM,HC19,31376306
JDM,HC19,31376594
JDM,HC19,31376835
JDM,HC19,31376853
JDM,HC19,31376889
JDM,HC19,31377284
JDM,HC19,31377417
JDM,HC19,31377461
JDM,HC19,31377637
JDM,HC19,31377824
JDM,HC19,31378370
JDM,HC19,31378401
JDM,HC19,31378424
JDM,HC19,31378545
JDM,HC19,31379038
JDM,HC19,31379404
JDM,HC19,31379542
JDM,HC19,31379623
JDM,HC19,31379948
JDM,HC19,31380017
JDM,HC19,31380172
JDM,HC19,31380646
JDM,HC19,31381629
JDM,HC19,31381715
JDM,HC19,31383422
JDM,HC19,31383572
JDM,HC19,31383766
JDM,HC19,31384800
JDM,HC19,31384855
JDM,HC19,31385218
JDM,HC19,31385292
JDM,HC19,31385791
JDM,HC19,31385974
JDM,HC19,31386030
JDM,HC19,31386517
JDM,HC19,31386666
JDM,HC19,31386667
JDM,HC19,31386845
JDM,HC19,31387052
JDM,HC19,31387100
JDM,HC19,31387193
JDM,HC19,31387412
JDM,HC19,31387433
JDM,HC19,31387715
JDM,HC19,31387773
JDM,HC19,31387798
JDM,HC19,31387856
JDM,HC19,31387982
JDM,HC19,31388071
JDM,HC19,31388116
JDM,HC19,31388175
JDM,HC19,31388316
JDM,HC19,31388487
JDM,HC19,31388545
JDM,HC19,31389327
JDM,HC19,31389470
JDM,HC19,31389618
JDM,HC19,31390257
JDM,HC19,31390266
JDM,HC19,31390284
JDM,HC19,31390335
JDM,HC19,31390366
JDM,HC19,31390942
JDM,HC19,31391103
JDM,HC19,31391286
JDM,HC19,31391491
JDM,HC19,31391657
JDM,HC19,31391762
JDM,HC19,31391869
JDM,HC19,31392219
JDM,HC19,31392345
JDM,HC19,31392397
JDM,HC19,31392538
JDM,HC19,31392687
JDM,HC19,31393193
JDM,HC19,31393429
JDM,HC19,31393438
JDM,HC19,31393751
JDM,HC19,31393848
JDM,HC19,31394474
JDM,HC19,31394750
JDM,HC19,31394774
JDM,HC19,31394806
JDM,HC19,31395160
JDM,HC19,31395566
JDM,HC19,31395739
JDM,HC19,31396563
JDM,HC19,31396627
JDM,HC19,31396656
JDM,HC19,31396699
JDM,HC19,31396770
JDM,HC19,31397273
JDM,HC19,31397328
JDM,HC19,31397400
JDM,HC19,31397514
JDM,HC19,31398496
JDM,HC19,31398605
JDM,HC19,31398651
JDM,HC19,31398686
JDM,HC19,31398895
JDM,HC19,31398941
JDM,HC19,31399558
JDM,HC19,31399707
JDM,HC19,31399743
JDM,HC19,31399892
JDM,HC19,31400164
JDM,HC19,31400275
JDM,HC19,31400447
JDM,HC19,31400560
JDM,HC19,31401298
JDM,HC19,31401422
JDM,HC19,31401517
JDM,HC19,31401844
JDM,HC19,31401886
JDM,HC19,31402620
JDM,HC19,31402824
JDM,HC19,31402953
JDM,HC19,31403037
JDM,HC19,31403061
JDM,HC19,31403254
JDM,HC19,31403409
JDM,HC19,31403435
JDM,HC19,31403484
JDM,HC19,31403659
JDM,HC19,31403782
JDM,HC19,31403810
JDM,HC19,31403976
JDM,HC19,31404412
JDM,HC19,31404477
JDM,HC19,31404702
JDM,HC19,31404777
JDM,HC19,31404848
JDM,HC19,31405198
JDM,HC19,31406106
JDM,HC19,31406511
JDM,HC19,31407050
JDM,HC19,31407147
JDM,HC19,31407186
JDM,HC19,31407316
JDM,HC19,31407443
JDM,HC19,31407558
JDM,HC19,31408118
JDM,HC19,31408608
JDM,HC19,31408640
JDM,HC19,31408739
JDM,HC19,31408914
JDM,HC19,31409285
JDM,HC19,31409397
JDM,HC19,31409613
JDM,HC19,31409783
JDM,HC19,31409845
JDM,HC19,31409947
JDM,HC19,31410017
JDM,HC19,31410101
JDM,HC19,31410174
JDM,HC19,31410239
JDM,HC19,31410330
JDM,HC19,31410345
JDM,HC19,31410383
JDM,HC19,31410665
JDM,HC19,31411130
JDM,HC19,31411489
JDM,HC19,31412164
JDM,HC19,31412227
JDM,HC19,31412454
JDM,HC19,31412681
JDM,HC19,31412766
JDM,HC19,31412975
JDM,HC19,31413171
JDM,HC19,31413429
JDM,HC19,31413774
JDM,HC19,31413836
JDM,HC19,31331012
JDM,HC19,31332253
JDM,HC19,31344564
JDM,HC19,31345706
JDM,HC19,31350404
JDM,HC19,31359494
JDM,HC19,31387654
JDM,HC19,31399070
JDM,HC19,31401783
JDM,HC19,31404360
JDM,HC19,31310451
JDM,HC19,31313543
JDM,HC19,31317805
JDM,HC19,31328386
JDM,HC19,31328534
JDM,HC19,31329597
JDM,HC19,31332279
JDM,HC19,31337489
JDM,HC19,31341131
JDM,HC19,31355693
JDM,HC19,31356556
JDM,HC19,31369112
JDM,HC19,31375196
JDM,HC19,31381235
JDM,HC19,31384786
JDM,HC19,31402757
JDM,HC19,31404803
JDM,HC19,31407889
JDM,HC19,31410590
JDM,HC19,31412226
JDM,HC19,31413999
JDM,HC19,31309549
JDM,HC19,31313367
JDM,HC19,31314347
JDM,HC19,31326265
JDM,HC19,31333419
JDM,HC19,31339210
JDM,HC19,31340012
JDM,HC19,31341799
JDM,HC19,31347636
JDM,HC19,31350921
JDM,HC19,31354978
JDM,HC19,31356070
JDM,HC19,31401025
JDM,HC19,31401955
JDM,HC19,31308613
JDM,HC19,31312284
JDM,HC19,31314049
JDM,HC19,31317749
JDM,HC19,31319356
JDM,HC19,31320010
JDM,HC19,31320523
JDM,HC19,31324843
JDM,HC19,31325597
JDM,HC19,31329230
JDM,HC19,31331146
JDM,HC19,31335178
JDM,HC19,31337161
JDM,HC19,31337461
JDM,HC19,31338737
JDM,HC19,31338855
JDM,HC19,31339493
JDM,HC19,31340199
JDM,HC19,31341711
JDM,HC19,31347091
JDM,HC19,31348770
JDM,HC19,31351551
JDM,HC19,31351893
JDM,HC19,31353930
JDM,HC19,31355358
JDM,HC19,31356347
JDM,HC19,31360759
JDM,HC19,31364633
JDM,HC19,31365252
JDM,HC19,31366615
JDM,HC19,31370706
JDM,HC19,31371935
JDM,HC19,31376345
JDM,HC19,31391722
JDM,HC19,31396783
JDM,HC19,31396920
JDM,HC19,31398472
JDM,HC19,31398920
JDM,HC19,31402394
JDM,HC19,31405480
JDM,HC19,31309167
JDM,HC19,31313200
JDM,HC19,31314120
JDM,HC19,31315049
JDM,HC19,31316343
JDM,HC19,31322133
JDM,HC19,31322984
JDM,HC19,31323534
JDM,HC19,31324160
JDM,HC19,31326332
JDM,HC19,31329856
JDM,HC19,31330101
JDM,HC19,31330264
JDM,HC19,31330752
JDM,HC19,31339564
JDM,HC19,31341366
JDM,HC19,31342839
JDM,HC19,31345934
JDM,HC19,31346911
JDM,HC19,31350644
JDM,HC19,31352867
JDM,HC19,31353027
JDM,HC19,31355169
JDM,HC19,31358223
JDM,HC19,31358353
JDM,HC19,31360812
JDM,HC19,31361921
JDM,HC19,31363618
JDM,HC19,31365008
JDM,HC19,31365691
JDM,HC19,31370950
JDM,HC19,31371094
JDM,HC19,31373068
JDM,HC19,31374929
JDM,HC19,31375813
JDM,HC19,31376362
JDM,HC19,31380931
JDM,HC19,31400306
JDM,HC19,31400934
JDM,HC19,31410933
JDM,HC20,31308532
JDM,HC20,31308904
JDM,HC20,31308946
JDM,HC20,31309473
JDM,HC20,31309487
JDM,HC20,31309551
JDM,HC20,31309674
JDM,HC20,31309785
JDM,HC20,31310334
JDM,HC20,31310362
JDM,HC20,31310392
JDM,HC20,31310518
JDM,HC20,31310529
JDM,HC20,31310871
JDM,HC20,31311226
JDM,HC20,31311381
JDM,HC20,31311732
JDM,HC20,31311898
JDM,HC20,31312029
JDM,HC20,31312184
JDM,HC20,31312372
JDM,HC20,31312407
JDM,HC20,31312502
JDM,HC20,31313001
JDM,HC20,31313392
JDM,HC20,31313466
JDM,HC20,31313753
JDM,HC20,31314404
JDM,HC20,31314453
JDM,HC20,31314583
JDM,HC20,31314593
JDM,HC20,31314621
JDM,HC20,31314903
JDM,HC20,31315180
JDM,HC20,31315283
JDM,HC20,31315395
JDM,HC20,31315398
JDM,HC20,31315506
JDM,HC20,31315530
JDM,HC20,31315669
JDM,HC20,31315833
JDM,HC20,31316209
JDM,HC20,31316803
JDM,HC20,31316897
JDM,HC20,31317040
JDM,HC20,31317064
JDM,HC20,31317210
JDM,HC20,31317217
JDM,HC20,31317276
JDM,HC20,31317714
JDM,HC20,31317732
JDM,HC20,31318244
JDM,HC20,31318301
JDM,HC20,31318317
JDM,HC20,31318329
JDM,HC20,31318350
JDM,HC20,31318681
JDM,HC20,31318751
JDM,HC20,31318870
JDM,HC20,31319004
JDM,HC20,31319013
JDM,HC20,31319038
JDM,HC20,31319039
JDM,HC20,31319153
JDM,HC20,31319714
JDM,HC20,31319828
JDM,HC20,31319957
JDM,HC20,31320184
JDM,HC20,31320225
JDM,HC20,31320793
JDM,HC20,31320795
JDM,HC20,31321141
JDM,HC20,31321222
JDM,HC20,31321267
JDM,HC20,31321425
JDM,HC20,31321599
JDM,HC20,31321695
JDM,HC20,31321702
JDM,HC20,31321851
JDM,HC20,31322002
JDM,HC20,31322089
JDM,HC20,31322100
JDM,HC20,31322142
JDM,HC20,31322313
JDM,HC20,31322438
JDM,HC20,31322581
JDM,HC20,31322756
JDM,HC20,31322960
JDM,HC20,31323297
JDM,HC20,31323334
JDM,HC20,31323656
JDM,HC20,31323755
JDM,HC20,31323925
JDM,HC20,31324114
JDM,HC20,31324120
JDM,HC20,31324301
JDM,HC20,31324402
JDM,HC20,31324471
JDM,HC20,31324730
JDM,HC20,31325575
JDM,HC20,31325612
JDM,HC20,31325926
JDM,HC20,31326276
JDM,HC20,31326511
JDM,HC20,31326607
JDM,HC20,31326817
JDM,HC20,31326958
JDM,HC20,31327326
JDM,HC20,31327453
JDM,HC20,31328669
JDM,HC20,31328683
JDM,HC20,31328935
JDM,HC20,31329182
JDM,HC20,31329251
JDM,HC20,31329276
JDM,HC20,31329317
JDM,HC20,31329392
JDM,HC20,31329575
JDM,HC20,31329655
JDM,HC20,31329861
JDM,HC20,31329974
JDM,HC20,31330073
JDM,HC20,31330111
JDM,HC20,31330276
JDM,HC20,31330824
JDM,HC20,31330871
JDM,HC20,31331130
JDM,HC20,31331549
JDM,HC20,31331755
JDM,HC20,31332064
JDM,HC20,31332158
JDM,HC20,31332251
JDM,HC20,31332393
JDM,HC20,31332398
JDM,HC20,31332618
JDM,HC20,31332733
JDM,HC20,31332835
JDM,HC20,31333051
JDM,HC20,31333053
JDM,HC20,31333151
JDM,HC20,31333182
JDM,HC20,31333245
JDM,HC20,31333507
JDM,HC20,31333735
JDM,HC20,31333982
JDM,HC20,31334458
JDM,HC20,31334571
JDM,HC20,31334671
JDM,HC20,31334834
JDM,HC20,31334868
JDM,HC20,31334934
JDM,HC20,31335261
JDM,HC20,31335382
JDM,HC20,31335527
JDM,HC20,31335814
JDM,HC20,31335887
JDM,HC20,31336346
JDM,HC20,31336361
JDM,HC20,31336489
JDM,HC20,31336529
JDM,HC20,31336811
JDM,HC20,31337800
JDM,HC20,31337914
JDM,HC20,31338007
JDM,HC20,31338073
JDM,HC20,31338168
JDM,HC20,31338186
JDM,HC20,31338429
JDM,HC20,31338500
JDM,HC20,31338987
JDM,HC20,31339194
JDM,HC20,31339317
JDM,HC20,31339436
JDM,HC20,31339557
JDM,HC20,31339720
JDM,HC20,31339871
JDM,HC20,31340179
JDM,HC20,31340466
JDM,HC20,31340531
JDM,HC20,31340687
JDM,HC20,31340761
JDM,HC20,31341086
JDM,HC20,31341247
JDM,HC20,31341429
JDM,HC20,31341536
JDM,HC20,31341583
JDM,HC20,31341786
JDM,HC20,31342155
JDM,HC20,31342189
JDM,HC20,31342281
JDM,HC20,31342387
JDM,HC20,31342593
JDM,HC20,31342744
JDM,HC20,31343048
JDM,HC20,31343132
JDM,HC20,31343169
JDM,HC20,31343314
JDM,HC20,31343701
JDM,HC20,31343704
JDM,HC20,31343720
JDM,HC20,31343880
JDM,HC20,31344002
JDM,HC20,31344058
JDM,HC20,31344328
JDM,HC20,31344682
JDM,HC20,31345036
JDM,HC20,31345085
JDM,HC20,31345241
JDM,HC20,31345517
JDM,HC20,31345567
JDM,HC20,31345629
JDM,HC20,31345633
JDM,HC20,31345689
JDM,HC20,31345829
JDM,HC20,31346508
JDM,HC20,31346989
JDM,HC20,31347053
JDM,HC20,31347115
JDM,HC20,31347555
JDM,HC20,31347556
JDM,HC20,31347812
JDM,HC20,31347956
JDM,HC20,31348048
JDM,HC20,31348133
JDM,HC20,31348232
JDM,HC20,31348388
JDM,HC20,31348406
JDM,HC20,31348484
JDM,HC20,31348724
JDM,HC20,31349004
JDM,HC20,31349035
JDM,HC20,31349122
JDM,HC20,31349138
JDM,HC20,31349365
JDM,HC20,31349424
JDM,HC20,31349678
JDM,HC20,31349751
JDM,HC20,31349817
JDM,HC20,31349823
JDM,HC20,31349838
JDM,HC20,31350195
JDM,HC20,31350280
JDM,HC20,31350465
JDM,HC20,31350556
JDM,HC20,31350757
JDM,HC20,31350812
JDM,HC20,31350951
JDM,HC20,31351023
JDM,HC20,31351024
JDM,HC20,31351025
JDM,HC20,31351062
JDM,HC20,31351156
JDM,HC20,31351177
JDM,HC20,31351486
JDM,HC20,31351655
JDM,HC20,31351753
JDM,HC20,31352068
JDM,HC20,31352276
JDM,HC20,31352457
JDM,HC20,31353141
JDM,HC20,31353264
JDM,HC20,31353778
JDM,HC20,31353916
JDM,HC20,31354107
JDM,HC20,31354300
JDM,HC20,31354756
JDM,HC20,31354987
JDM,HC20,31355118
JDM,HC20,31355179
JDM,HC20,31355225
JDM,HC20,31355263
JDM,HC20,31355442
JDM,HC20,31355470
JDM,HC20,31355479
JDM,HC20,31355569
JDM,HC20,31355616
JDM,HC20,31355762
JDM,HC20,31355811
JDM,HC20,31355927
JDM,HC20,31356032
JDM,HC20,31356038
JDM,HC20,31356701
JDM,HC20,31356858
JDM,HC20,31357171
JDM,HC20,31357386
JDM,HC20,31357894
JDM,HC20,31358041
JDM,HC20,31358119
JDM,HC20,31358176
JDM,HC20,31358184
JDM,HC20,31358234
JDM,HC20,31358322
JDM,HC20,31358524
JDM,HC20,31358627
JDM,HC20,31358882
JDM,HC20,31359189
JDM,HC20,31359479
JDM,HC20,31360084
JDM,HC20,31360656
JDM,HC20,31360675
JDM,HC20,31360725
JDM,HC20,31360855
JDM,HC20,31360978
JDM,HC20,31361036
JDM,HC20,31361061
JDM,HC20,31361076
JDM,HC20,31361388
JDM,HC20,31361486
JDM,HC20,31361493
JDM,HC20,31361594
JDM,HC20,31361610
JDM,HC20,31361890
JDM,HC20,31362182
JDM,HC20,31362305
JDM,HC20,31362417
JDM,HC20,31362628
JDM,HC20,31362671
JDM,HC20,31363031
JDM,HC20,31363114
JDM,HC20,31363290
JDM,HC20,31363292
JDM,HC20,31363416
JDM,HC20,31363793
JDM,HC20,31363953
JDM,HC20,31363981
JDM,HC20,31364064
JDM,HC20,31364215
JDM,HC20,31364381
JDM,HC20,31364467
JDM,HC20,31364705
JDM,HC20,31364769
JDM,HC20,31365020
JDM,HC20,31365076
JDM,HC20,31365147
JDM,HC20,31365183
JDM,HC20,31365249
JDM,HC20,31365299
JDM,HC20,31365462
JDM,HC20,31365491
JDM,HC20,31365729
JDM,HC20,31365980
JDM,HC20,31366228
JDM,HC20,31366347
JDM,HC20,31366371
JDM,HC20,31366384
JDM,HC20,31366755
JDM,HC20,31366811
JDM,HC20,31367015
JDM,HC20,31367170
JDM,HC20,31367352
JDM,HC20,31367435
JDM,HC20,31367844
JDM,HC20,31367876
JDM,HC20,31368266
JDM,HC20,31368747
JDM,HC20,31368923
JDM,HC20,31369101
JDM,HC20,31369103
JDM,HC20,31369311
JDM,HC20,31369413
JDM,HC20,31369581
JDM,HC20,31369711
JDM,HC20,31369792
JDM,HC20,31369800
JDM,HC20,31369818
JDM,HC20,31369926
JDM,HC20,31370025
JDM,HC20,31370572
JDM,HC20,31370676
JDM,HC20,31370820
JDM,HC20,31371343
JDM,HC20,31371359
JDM,HC20,31371366
JDM,HC20,31371546
JDM,HC20,31371629
JDM,HC20,31371654
JDM,HC20,31371852
JDM,HC20,31372362
JDM,HC20,31372562
JDM,HC20,31372657
JDM,HC20,31372740
JDM,HC20,31373084
JDM,HC20,31373191
JDM,HC20,31373386
JDM,HC20,31373519
JDM,HC20,31373752
JDM,HC20,31374109
JDM,HC20,31374790
JDM,HC20,31374830
JDM,HC20,31375201
JDM,HC20,31375484
JDM,HC20,31375544
JDM,HC20,31375654
JDM,HC20,31375789
JDM,HC20,31376073
JDM,HC20,31376178
JDM,HC20,31376309
JDM,HC20,31376333
JDM,HC20,31376431
JDM,HC20,31376452
JDM,HC20,31376487
JDM,HC20,31376745
JDM,HC20,31377229
JDM,HC20,31377372
JDM,HC20,31377432
JDM,HC20,31377627
JDM,HC20,31377665
JDM,HC20,31378224
JDM,HC20,31378399
JDM,HC20,31378505
JDM,HC20,31378637
JDM,HC20,31378762
JDM,HC20,31378862
JDM,HC20,31379817
JDM,HC20,31380413
JDM,HC20,31380681
JDM,HC20,31380783
JDM,HC20,31380970
JDM,HC20,31381046
JDM,HC20,31381282
JDM,HC20,31381394
JDM,HC20,31381591
JDM,HC20,31381620
JDM,HC20,31381775
JDM,HC20,31381820
JDM,HC20,31382242
JDM,HC20,31382722
JDM,HC20,31383093
JDM,HC20,31383239
JDM,HC20,31383700
JDM,HC20,31383995
JDM,HC20,31384109
JDM,HC20,31384127
JDM,HC20,31384217
JDM,HC20,31384446
JDM,HC20,31384711
JDM,HC20,31384750
JDM,HC20,31384931
JDM,HC20,31385192
JDM,HC20,31385280
JDM,HC20,31385308
JDM,HC20,31385372
JDM,HC20,31385488
JDM,HC20,31385542
JDM,HC20,31385634
JDM,HC20,31385673
JDM,HC20,31385786
JDM,HC20,31385968
JDM,HC20,31386113
JDM,HC20,31386834
JDM,HC20,31386985
JDM,HC20,31387461
JDM,HC20,31387476
JDM,HC20,31388576
JDM,HC20,31388712
JDM,HC20,31388830
JDM,HC20,31388833
JDM,HC20,31388895
JDM,HC20,31389196
JDM,HC20,31389243
JDM,HC20,31389270
JDM,HC20,31389291
JDM,HC20,31389324
JDM,HC20,31389455
JDM,HC20,31389561
JDM,HC20,31389812
JDM,HC20,31390115
JDM,HC20,31390425
JDM,HC20,31390450
JDM,HC20,31390464
JDM,HC20,31390488
JDM,HC20,31390514
JDM,HC20,31390596
JDM,HC20,31390950
JDM,HC20,31391096
JDM,HC20,31391313
JDM,HC20,31391403
JDM,HC20,31391485
JDM,HC20,31391615
JDM,HC20,31391761
JDM,HC20,31391904
JDM,HC20,31392015
JDM,HC20,31392575
JDM,HC20,31392616
JDM,HC20,31393097
JDM,HC20,31393122
JDM,HC20,31393233
JDM,HC20,31393633
JDM,HC20,31393636
JDM,HC20,31393887
JDM,HC20,31394079
JDM,HC20,31394358
JDM,HC20,31394368
JDM,HC20,31394835
JDM,HC20,31395019
JDM,HC20,31395030
JDM,HC20,31395091
JDM,HC20,31395562
JDM,HC20,31395632
JDM,HC20,31395945
JDM,HC20,31396072
JDM,HC20,31396264
JDM,HC20,31396454
JDM,HC20,31396796
JDM,HC20,31397140
JDM,HC20,31397143
JDM,HC20,31397298
JDM,HC20,31397530
JDM,HC20,31397777
JDM,HC20,31397781
JDM,HC20,31398025
JDM,HC20,31398135
JDM,HC20,31398160
JDM,HC20,31398191
JDM,HC20,31398201
JDM,HC20,31398389
JDM,HC20,31398411
JDM,HC20,31398432
JDM,HC20,31398760
JDM,HC20,31399019
JDM,HC20,31399400
JDM,HC20,31399632
JDM,HC20,31399751
JDM,HC20,31399933
JDM,HC20,31399961
JDM,HC20,31399981
JDM,HC20,31400043
JDM,HC20,31400108
JDM,HC20,31400327
JDM,HC20,31400520
JDM,HC20,31400659
JDM,HC20,31400975
JDM,HC20,31401310
JDM,HC20,31401662
JDM,HC20,31401850
JDM,HC20,31402074
JDM,HC20,31402121
JDM,HC20,31402421
JDM,HC20,31402433
JDM,HC20,31402603
JDM,HC20,31402647
JDM,HC20,31402957
JDM,HC20,31403111
JDM,HC20,31403442
JDM,HC20,31403612
JDM,HC20,31403718
JDM,HC20,31404160
JDM,HC20,31404256
JDM,HC20,31404342
JDM,HC20,31404403
JDM,HC20,31404495
JDM,HC20,31404523
JDM,HC20,31404558
JDM,HC20,31404573
JDM,HC20,31405364
JDM,HC20,31405419
JDM,HC20,31405430
JDM,HC20,31405562
JDM,HC20,31405623
JDM,HC20,31405719
JDM,HC20,31405901
JDM,HC20,31405981
JDM,HC20,31406337
JDM,HC20,31406339
JDM,HC20,31406656
JDM,HC20,31407097
JDM,HC20,31407172
JDM,HC20,31407246
JDM,HC20,31407413
JDM,HC20,31407578
JDM,HC20,31408342
JDM,HC20,31408483
JDM,HC20,31408700
JDM,HC20,31409118
JDM,HC20,31409835
JDM,HC20,31410064
JDM,HC20,31410285
JDM,HC20,31410312
JDM,HC20,31410611
JDM,HC20,31410627
JDM,HC20,31410686
JDM,HC20,31410696
JDM,HC20,31410884
JDM,HC20,31411099
JDM,HC20,31411176
JDM,HC20,31411275
JDM,HC20,31411878
JDM,HC20,31412086
JDM,HC20,31412120
JDM,HC20,31412310
JDM,HC20,31412319
JDM,HC20,31412341
JDM,HC20,31412917
JDM,HC20,31412935
JDM,HC20,31413146
JDM,HC20,31413289
JDM,HC20,31413498
JDM,HC20,31413781
JDM,HC20,31414055
JDM,HC20,31414151
JDM,HC20,31325802
JDM,HC20,31396881
JDM,HC20,31397366
JDM,HC20,31311603
JDM,HC20,31316204
JDM,HC20,31319051
JDM,HC20,31321624
JDM,HC20,31322296
JDM,HC20,31324351
JDM,HC20,31324932
JDM,HC20,31325463
JDM,HC20,31332095
JDM,HC20,31332453
JDM,HC20,31335623
JDM,HC20,31338910
JDM,HC20,31339172
JDM,HC20,31340190
JDM,HC20,31343994
JDM,HC20,31346157
JDM,HC20,31353889
JDM,HC20,31354426
JDM,HC20,31359197
JDM,HC20,31359597
JDM,HC20,31362838
JDM,HC20,31369693
JDM,HC20,31369899
JDM,HC20,31373010
JDM,HC20,31373547
JDM,HC20,31380045
JDM,HC20,31388465
JDM,HC20,31393990
JDM,HC20,31394617
JDM,HC20,31395767
JDM,HC20,31396473
JDM,HC20,31399323
JDM,HC20,31399711
JDM,HC20,31400233
JDM,HC20,31405328
JDM,HC20,31408169
JDM,HC20,31410878
JDM,HC20,31317084
JDM,HC20,31319921
JDM,HC20,31325582
JDM,HC20,31329585
JDM,HC20,31348027
JDM,HC20,31355544
JDM,HC20,31359918
JDM,HC20,31363666
JDM,HC20,31389645
JDM,HC20,31392239
JDM,HC20,31398574
JDM,HC20,31313817
JDM,HC20,31314036
JDM,HC20,31314303
JDM,HC20,31316968
JDM,HC20,31321199
JDM,HC20,31321642
JDM,HC20,31324842
JDM,HC20,31325293
JDM,HC20,31332950
JDM,HC20,31334602
JDM,HC20,31335400
JDM,HC20,31336296
JDM,HC20,31338763
JDM,HC20,31338871
JDM,HC20,31350526
JDM,HC20,31353390
JDM,HC20,31353636
JDM,HC20,31354196
JDM,HC20,31354503
JDM,HC20,31356830
JDM,HC20,31358972
JDM,HC20,31359058
JDM,HC20,31360550
JDM,HC20,31362245
JDM,HC20,31364091
JDM,HC20,31368238
JDM,HC20,31375060
JDM,HC20,31386371
JDM,HC20,31387782
JDM,HC20,31389911
JDM,HC20,31391644
JDM,HC20,31393953
JDM,HC20,31394431
JDM,HC20,31400153
JDM,HC20,31400210
JDM,HC20,31403892
JDM,HC20,31406641
JDM,HC20,31407475
JDM,HC20,31411089
JDM,HC20,31411376
JDM,HC20,31308755
JDM,HC20,31309101
JDM,HC20,31311124
JDM,HC20,31312014
JDM,HC20,31313207
JDM,HC20,31316432
JDM,HC20,31317452
JDM,HC20,31318359
JDM,HC20,31320804
JDM,HC20,31329931
JDM,HC20,31333740
JDM,HC20,31335244
JDM,HC20,31335818
JDM,HC20,31336409
JDM,HC20,31336527
JDM,HC20,31337152
JDM,HC20,31343585
JDM,HC20,31343595
JDM,HC20,31345444
JDM,HC20,31346167
JDM,HC20,31347534
JDM,HC20,31348295
JDM,HC20,31354712
JDM,HC20,31354792
JDM,HC20,31355738
JDM,HC20,31358842
JDM,HC20,31364123
JDM,HC20,31364538
JDM,HC20,31364548
JDM,HC20,31366353
JDM,HC20,31377187
JDM,HC20,31382384
JDM,HC20,31395671
JDM,HC20,31397494
JDM,HC20,31398775
JDM,HC20,31402419
JDM,HC20,31404789
JDM,HC20,31409486
JDM,HC20,31411830
JDM,HC20,31413680
RA,Control01_1_A_M,4987400
RA,Control01_1_A_M,4987723
RA,Control01_1_A_M,4987730
RA,Control01_1_A_M,4987738
RA,Control01_1_A_M,4987784
RA,Control01_1_A_M,4987996
RA,Control01_1_A_M,4988269
RA,Control01_1_A_M,4988513
RA,Control01_1_A_M,4988952
RA,Control01_1_A_M,4989024
RA,Control01_1_A_M,4989361
RA,Control01_1_A_M,4989425
RA,Control01_1_A_M,4990180
RA,Control01_1_A_M,4990860
RA,Control01_1_A_M,4991001
RA,Control01_1_A_M,4991229
RA,Control01_1_A_M,4991468
RA,Control01_1_A_M,4991475
RA,Control01_1_A_M,4991610
RA,Control01_1_A_M,4991668
RA,Control01_1_A_M,4991687
RA,Control01_1_A_M,4991870
RA,Control01_1_A_M,4991936
RA,Control01_1_A_M,4991963
RA,Control01_1_A_M,4992756
RA,Control01_1_A_M,4992839
RA,Control01_1_A_M,4993125
RA,Control01_1_A_M,4993230
RA,Control01_1_A_M,4993342
RA,Control01_1_A_M,4993344
RA,Control01_1_A_M,4993388
RA,Control01_1_A_M,4993413
RA,Control01_1_A_M,4993727
RA,Control01_1_A_M,4993820
RA,Control01_1_A_M,4994358
RA,Control01_1_A_M,4994645
RA,Control01_1_A_M,4995036
RA,Control01_1_A_M,4995154
RA,Control01_1_A_M,4995427
RA,Control01_1_A_M,4995740
RA,Control01_1_A_M,4996011
RA,Control01_1_A_M,4996064
RA,Control01_1_A_M,4996188
RA,Control01_1_A_M,4996281
RA,Control01_1_A_M,4996772
RA,Control01_1_A_M,4997078
RA,Control01_1_A_M,4997118
RA,Control01_1_A_M,4997254
RA,Control01_1_A_M,4997628
RA,Control01_1_A_M,4997947
RA,Control01_1_A_M,4997995
RA,Control01_1_A_M,4998041
RA,Control01_1_A_M,4998101
RA,Control01_1_A_M,4998194
RA,Control01_1_A_M,4998520
RA,Control01_1_A_M,4998897
RA,Control01_1_A_M,4998919
RA,Control01_1_A_M,4998976
RA,Control01_1_A_M,4999467
RA,Control01_1_A_M,4999613
RA,Control01_1_A_M,4999675
RA,Control01_1_A_M,4999860
RA,Control01_1_A_M,5000554
RA,Control01_1_A_M,5000558
RA,Control01_1_A_M,5000963
RA,Control01_1_A_M,5001264
RA,Control01_1_A_M,5001318
RA,Control01_1_A_M,5001343
RA,Control01_1_A_M,5001495
RA,Control01_1_A_M,5001576
RA,Control01_1_A_M,5001660
RA,Control01_1_A_M,5001776
RA,Control01_1_A_M,5002031
RA,Control01_1_A_M,5002344
RA,Control01_1_A_M,5002484
RA,Control01_1_A_M,5002502
RA,Control01_1_A_M,5002638
RA,Control01_1_A_M,5002648
RA,Control01_1_A_M,5004327
RA,Control01_1_A_M,5004520
RA,Control01_1_A_M,5004742
RA,Control01_1_A_M,5004823
RA,Control01_1_A_M,5004964
RA,Control01_1_A_M,5005018
RA,Control01_1_A_M,5005304
RA,Control01_1_A_M,5005434
RA,Control01_1_A_M,5005594
RA,Control01_1_A_M,5005978
RA,Control01_1_A_M,5006491
RA,Control01_1_A_M,5006658
RA,Control01_1_A_M,5006800
RA,Control01_1_A_M,5006850
RA,Control01_1_A_M,5007149
RA,Control01_1_A_M,5007179
RA,Control01_1_A_M,5007266
RA,Control01_1_A_M,5007552
RA,Control01_1_A_M,5007924
RA,Control01_1_A_M,5007942
RA,Control01_1_A_M,5008107
RA,Control01_1_A_M,5008247
RA,Control01_1_A_M,5008626
RA,Control01_1_A_M,5008637
RA,Control01_1_A_M,5008658
RA,Control01_1_A_M,5008872
RA,Control01_1_A_M,5008996
RA,Control01_1_A_M,5009453
RA,Control01_1_A_M,5009790
RA,Control01_1_A_M,5009976
RA,Control01_1_A_M,5010073
RA,Control01_1_A_M,5010097
RA,Control01_1_A_M,5010566
RA,Control01_1_A_M,5010580
RA,Control01_1_A_M,5010706
RA,Control01_1_A_M,5010799
RA,Control01_1_A_M,5010884
RA,Control01_1_A_M,5011010
RA,Control01_1_A_M,5011227
RA,Control01_1_A_M,5011272
RA,Control01_1_A_M,5011576
RA,Control01_1_A_M,5011694
RA,Control01_1_A_M,5011736
RA,Control01_1_A_M,5012118
RA,Control01_1_A_M,5012212
RA,Control01_1_A_M,5012546
RA,Control01_1_A_M,5012731
RA,Control01_1_A_M,5012744
RA,Control01_1_A_M,5013574
RA,Control01_1_A_M,5013796
RA,Control01_1_A_M,5014054
RA,Control01_1_A_M,5014332
RA,Control01_1_A_M,5014647
RA,Control01_1_A_M,5014661
RA,Control01_1_A_M,5014790
RA,Control01_1_A_M,5014993
RA,Control01_1_A_M,5015761
RA,Control01_1_A_M,5016044
RA,Control01_1_A_M,5016419
RA,Control01_1_A_M,5016622
RA,Control01_1_A_M,5017397
RA,Control01_1_A_M,5017811
RA,Control01_1_A_M,5017941
RA,Control01_1_A_M,5018402
RA,Control01_1_A_M,5018516
RA,Control01_1_A_M,5019343
RA,Control01_1_A_M,5019785
RA,Control01_1_A_M,5019862
RA,Control01_1_A_M,5020233
RA,Control01_1_A_M,5020243
RA,Control01_1_A_M,5020674
RA,Control01_1_A_M,5021046
RA,Control01_1_A_M,5021124
RA,Control01_1_A_M,5021532
RA,Control01_1_A_M,5021551
RA,Control01_1_A_M,5022188
RA,Control01_1_A_M,5022194
RA,Control01_1_A_M,5022236
RA,Control01_1_A_M,5022333
RA,Control01_1_A_M,5022467
RA,Control01_1_A_M,5022986
RA,Control01_1_A_M,5023041
RA,Control01_1_A_M,5023612
RA,Control01_1_A_M,5023621
RA,Control01_1_A_M,5023935
RA,Control01_1_A_M,5024163
RA,Control01_1_A_M,5024192
RA,Control01_1_A_M,5025198
RA,Control01_1_A_M,5025236
RA,Control01_1_A_M,5025265
RA,Control01_1_A_M,5025281
RA,Control01_1_A_M,5025366
RA,Control01_1_A_M,5025390
RA,Control01_1_A_M,5025816
RA,Control01_1_A_M,5026244
RA,Control01_1_A_M,5026617
RA,Control01_1_A_M,5026721
RA,Control01_1_A_M,5027110
RA,Control01_1_A_M,5027123
RA,Control01_1_A_M,5027146
RA,Control01_1_A_M,5027192
RA,Control01_1_A_M,5027455
RA,Control01_1_A_M,5027527
RA,Control01_1_A_M,5028175
RA,Control01_1_A_M,5028218
RA,Control01_1_A_M,5028352
RA,Control01_1_A_M,5028710
RA,Control01_1_A_M,5028761
RA,Control01_1_A_M,5028925
RA,Control01_1_A_M,5028932
RA,Control01_1_A_M,5029311
RA,Control01_1_A_M,5029370
RA,Control01_1_A_M,5029747
RA,Control01_1_A_M,5029825
RA,Control01_1_A_M,5030174
RA,Control01_1_A_M,5030308
RA,Control01_1_A_M,5030430
RA,Control01_1_A_M,5030498
RA,Control01_1_A_M,5030603
RA,Control01_1_A_M,5030736
RA,Control01_1_A_M,5031007
RA,Control01_1_A_M,5031098
RA,Control01_1_A_M,5031199
RA,Control01_1_A_M,5032058
RA,Control01_1_A_M,5032158
RA,Control01_1_A_M,5032202
RA,Control01_1_A_M,5032246
RA,Control01_1_A_M,5032451
RA,Control01_1_A_M,5032506
RA,Control01_1_A_M,5032602
RA,Control01_1_A_M,5033113
RA,Control01_1_A_M,5033268
RA,Control01_1_A_M,5033417
RA,Control01_1_A_M,5033462
RA,Control01_1_A_M,5033781
RA,Control01_1_A_M,5034560
RA,Control01_1_A_M,5034567
RA,Control01_1_A_M,5034578
RA,Control01_1_A_M,5034834
RA,Control01_1_A_M,5034886
RA,Control01_1_A_M,5034893
RA,Control01_1_A_M,5035050
RA,Control01_1_A_M,5035060
RA,Control01_1_A_M,5035120
RA,Control01_1_A_M,5035245
RA,Control01_1_A_M,5035283
RA,Control01_1_A_M,5035597
RA,Control01_1_A_M,5036105
RA,Control01_1_A_M,5036191
RA,Control01_1_A_M,5036449
RA,Control01_1_A_M,5036550
RA,Control01_1_A_M,5036732
RA,Control01_1_A_M,5036754
RA,Control01_1_A_M,5036780
RA,Control01_1_A_M,5036946
RA,Control01_1_A_M,5037042
RA,Control01_1_A_M,5037276
RA,Control01_1_A_M,5037415
RA,Control01_1_A_M,5037748
RA,Control01_1_A_M,5037770
RA,Control01_1_A_M,5038147
RA,Control01_1_A_M,5038431
RA,Control01_1_A_M,5038477
RA,Control01_1_A_M,5038539
RA,Control01_1_A_M,5038953
RA,Control01_1_A_M,5039110
RA,Control01_1_A_M,5039322
RA,Control01_1_A_M,5039412
RA,Control01_1_A_M,5039551
RA,Control01_1_A_M,5039940
RA,Control01_1_A_M,5040194
RA,Control01_1_A_M,5040444
RA,Control01_1_A_M,5040597
RA,Control01_1_A_M,5040633
RA,Control01_1_A_M,5040954
RA,Control01_1_A_M,5041241
RA,Control01_1_A_M,5041454
RA,Control01_1_A_M,5041667
RA,Control01_1_A_M,5041701
RA,Control01_1_A_M,5041761
RA,Control01_1_A_M,5042071
RA,Control01_1_A_M,5042681
RA,Control01_1_A_M,5042735
RA,Control01_1_A_M,5042985
RA,Control01_1_A_M,5043025
RA,Control01_1_A_M,5043179
RA,Control01_1_A_M,5043302
RA,Control01_1_A_M,5043490
RA,Control01_1_A_M,5043516
RA,Control01_1_A_M,5043835
RA,Control01_1_A_M,5044082
RA,Control01_1_A_M,5044376
RA,Control01_1_A_M,5044739
RA,Control01_1_A_M,5044874
RA,Control01_1_A_M,5045146
RA,Control01_1_A_M,5045207
RA,Control01_1_A_M,5045379
RA,Control01_1_A_M,5045574
RA,Control01_1_A_M,5045625
RA,Control01_1_A_M,5045755
RA,Control01_1_A_M,5046088
RA,Control01_1_A_M,5046869
RA,Control01_1_A_M,5046966
RA,Control01_1_A_M,5047048
RA,Control01_1_A_M,5047416
RA,Control01_1_A_M,5047594
RA,Control01_1_A_M,5047657
RA,Control01_1_A_M,5047949
RA,Control01_1_A_M,5047984
RA,Control01_1_A_M,5048085
RA,Control01_1_A_M,5048179
RA,Control01_1_A_M,5048279
RA,Control01_1_A_M,5048375
RA,Control01_1_A_M,5048658
RA,Control01_1_A_M,5048753
RA,Control01_1_A_M,5048961
RA,Control01_1_A_M,5048968
RA,Control01_1_A_M,5049310
RA,Control01_1_A_M,5049579
RA,Control01_1_A_M,5049599
RA,Control01_1_A_M,5049861
RA,Control01_1_A_M,5050098
RA,Control01_1_A_M,5050185
RA,Control01_1_A_M,5050195
RA,Control01_1_A_M,5050374
RA,Control01_1_A_M,5050447
RA,Control01_1_A_M,5050493
RA,Control01_1_A_M,5050719
RA,Control01_1_A_M,5050736
RA,Control01_1_A_M,5050937
RA,Control01_1_A_M,5051129
RA,Control01_1_A_M,5051333
RA,Control01_1_A_M,5051374
RA,Control01_1_A_M,5051651
RA,Control01_1_A_M,5051677
RA,Control01_1_A_M,5052143
RA,Control01_1_A_M,5053007
RA,Control01_1_A_M,5053203
RA,Control01_1_A_M,5053295
RA,Control01_1_A_M,5053446
RA,Control01_1_A_M,5053679
RA,Control01_1_A_M,5053845
RA,Control01_1_A_M,5053951
RA,Control01_1_A_M,5054138
RA,Control01_1_A_M,5054302
RA,Control01_1_A_M,5054356
RA,Control01_1_A_M,5054793
RA,Control01_1_A_M,5055186
RA,Control01_1_A_M,5055234
RA,Control01_1_A_M,5055264
RA,Control01_1_A_M,5055572
RA,Control01_1_A_M,5056037
RA,Control01_1_A_M,5056416
RA,Control01_1_A_M,5056525
RA,Control01_1_A_M,5057437
RA,Control01_1_A_M,5057589
RA,Control01_1_A_M,5057716
RA,Control01_1_A_M,5058849
RA,Control01_1_A_M,5058915
RA,Control01_1_A_M,5059358
RA,Control01_1_A_M,5059468
RA,Control01_1_A_M,5059559
RA,Control01_1_A_M,5059628
RA,Control01_1_A_M,5059678
RA,Control01_1_A_M,5059820
RA,Control01_1_A_M,5059850
RA,Control01_1_A_M,5059920
RA,Control01_1_A_M,5060034
RA,Control01_1_A_M,5060115
RA,Control01_1_A_M,5060213
RA,Control01_1_A_M,5060432
RA,Control01_1_A_M,5060750
RA,Control01_1_A_M,5061012
RA,Control01_1_A_M,5061036
RA,Control01_1_A_M,5061081
RA,Control01_1_A_M,5061184
RA,Control01_1_A_M,5061814
RA,Control01_1_A_M,5061998
RA,Control01_1_A_M,5062102
RA,Control01_1_A_M,5062216
RA,Control01_1_A_M,5062253
RA,Control01_1_A_M,5062396
RA,Control01_1_A_M,5062412
RA,Control01_1_A_M,5062519
RA,Control01_1_A_M,5062546
RA,Control01_1_A_M,5062762
RA,Control01_1_A_M,5063112
RA,Control01_1_A_M,5063121
RA,Control01_1_A_M,5063292
RA,Control01_1_A_M,5063391
RA,Control01_1_A_M,5063534
RA,Control01_1_A_M,5063623
RA,Control01_1_A_M,5063812
RA,Control01_1_A_M,5063992
RA,Control01_1_A_M,5064313
RA,Control01_1_A_M,5064390
RA,Control01_1_A_M,5064396
RA,Control01_1_A_M,5064741
RA,Control01_1_A_M,5064747
RA,Control01_1_A_M,5064762
RA,Control01_1_A_M,5064763
RA,Control01_1_A_M,5064880
RA,Control01_1_A_M,5064921
RA,Control01_1_A_M,5064944
RA,Control01_1_A_M,5064988
RA,Control01_1_A_M,5065263
RA,Control01_1_A_M,5065348
RA,Control01_1_A_M,5065403
RA,Control01_1_A_M,5065532
RA,Control01_1_A_M,5065534
RA,Control01_1_A_M,5065587
RA,Control01_1_A_M,5065738
RA,Control01_1_A_M,5065799
RA,Control01_1_A_M,5065800
RA,Control01_1_A_M,5065802
RA,Control01_1_A_M,5065818
RA,Control01_1_A_M,5065857
RA,Control01_1_A_M,5065922
RA,Control01_1_A_M,5066795
RA,Control01_1_A_M,5067276
RA,Control01_1_A_M,5067423
RA,Control01_1_A_M,5067436
RA,Control01_1_A_M,5067447
RA,Control01_1_A_M,5067562
RA,Control01_1_A_M,5067594
RA,Control01_1_A_M,5067639
RA,Control01_1_A_M,5067665
RA,Control01_1_A_M,5067901
RA,Control01_1_A_M,5068309
RA,Control01_1_A_M,5068721
RA,Control01_1_A_M,5068750
RA,Control01_1_A_M,5068777
RA,Control01_1_A_M,5068797
RA,Control01_1_A_M,5068823
RA,Control01_1_A_M,5068902
RA,Control01_1_A_M,5068946
RA,Control01_1_A_M,5068962
RA,Control01_1_A_M,5069093
RA,Control01_1_A_M,5069277
RA,Control01_1_A_M,5069456
RA,Control01_1_A_M,5069788
RA,Control01_1_A_M,5069803
RA,Control01_1_A_M,5069835
RA,Control01_1_A_M,5069849
RA,Control01_1_A_M,5069860
RA,Control01_1_A_M,5069871
RA,Control01_1_A_M,5069968
RA,Control01_1_A_M,5070131
RA,Control01_1_A_M,5070281
RA,Control01_1_A_M,5070371
RA,Control01_1_A_M,5070402
RA,Control01_1_A_M,5070586
RA,Control01_1_A_M,5070770
RA,Control01_1_A_M,5070807
RA,Control01_1_A_M,5070869
RA,Control01_1_A_M,5070942
RA,Control01_1_A_M,5070998
RA,Control01_1_A_M,5071124
RA,Control01_1_A_M,5071187
RA,Control01_1_A_M,5071318
RA,Control01_1_A_M,5071459
RA,Control01_1_A_M,5071462
RA,Control01_1_A_M,5071647
RA,Control01_1_A_M,5071943
RA,Control01_1_A_M,5072256
RA,Control01_1_A_M,5072320
RA,Control01_1_A_M,5072620
RA,Control01_1_A_M,5072650
RA,Control01_1_A_M,5072893
RA,Control01_1_A_M,5073068
RA,Control01_1_A_M,5073079
RA,Control01_1_A_M,5073087
RA,Control01_1_A_M,5073318
RA,Control01_1_A_M,5073628
RA,Control01_1_A_M,5073643
RA,Control01_1_A_M,5073645
RA,Control01_1_A_M,5073821
RA,Control01_1_A_M,5073849
RA,Control01_1_A_M,5073878
RA,Control01_1_A_M,5074026
RA,Control01_1_A_M,5074027
RA,Control01_1_A_M,5074032
RA,Control01_1_A_M,5074232
RA,Control01_1_A_M,5074464
RA,Control01_1_A_M,5074606
RA,Control01_1_A_M,5074640
RA,Control01_1_A_M,5074803
RA,Control01_1_A_M,5074900
RA,Control01_1_A_M,5075032
RA,Control01_1_A_M,5075125
RA,Control01_1_A_M,5075233
RA,Control01_1_A_M,5075534
RA,Control01_1_A_M,5075537
RA,Control01_1_A_M,5075541
RA,Control01_1_A_M,5075591
RA,Control01_1_A_M,5075690
RA,Control01_1_A_M,5075767
RA,Control01_1_A_M,5076077
RA,Control01_1_A_M,5076123
RA,Control01_1_A_M,5076224
RA,Control01_1_A_M,5076542
RA,Control01_1_A_M,5076660
RA,Control01_1_A_M,5076789
RA,Control01_1_A_M,5077024
RA,Control01_1_A_M,5077180
RA,Control01_1_A_M,5077625
RA,Control01_1_A_M,5077652
RA,Control01_1_A_M,5077715
RA,Control01_1_A_M,5077774
RA,Control01_1_A_M,5077902
RA,Control01_1_A_M,5077974
RA,Control01_1_A_M,5078207
RA,Control01_1_A_M,5078257
RA,Control01_1_A_M,5078341
RA,Control01_1_A_M,5078417
RA,Control01_1_A_M,5078555
RA,Control01_1_A_M,5078784
RA,Control01_1_A_M,5078842
RA,Control01_1_A_M,5078935
RA,Control01_1_A_M,5079065
RA,Control01_1_A_M,5079591
RA,Control01_1_A_M,5079630
RA,Control01_1_A_M,5079709
RA,Control01_1_A_M,5079760
RA,Control01_1_A_M,5080105
RA,Control01_1_A_M,5080248
RA,Control01_1_A_M,5080398
RA,Control01_1_A_M,5080507
RA,Control01_1_A_M,5080582
RA,Control01_1_A_M,5080597
RA,Control01_1_A_M,5080778
RA,Control01_1_A_M,5081087
RA,Control01_1_A_M,5081175
RA,Control01_1_A_M,5081454
RA,Control01_1_A_M,5081732
RA,Control01_1_A_M,5081761
RA,Control01_1_A_M,5081850
RA,Control01_1_A_M,5082036
RA,Control01_1_A_M,5082045
RA,Control01_1_A_M,5082047
RA,Control01_1_A_M,5082213
RA,Control01_1_A_M,5082330
RA,Control01_1_A_M,5082372
RA,Control01_1_A_M,5082721
RA,Control01_1_A_M,5082729
RA,Control01_1_A_M,5082795
RA,Control01_1_A_M,5082862
RA,Control01_1_A_M,5082914
RA,Control01_1_A_M,5083141
RA,Control01_1_A_M,5083367
RA,Control01_1_A_M,5083520
RA,Control01_1_A_M,5083592
RA,Control01_1_A_M,5083990
RA,Control01_1_A_M,5084277
RA,Control01_1_A_M,5084613
RA,Control01_1_A_M,5084822
RA,Control01_1_A_M,5085015
RA,Control01_1_A_M,5085096
RA,Control01_1_A_M,5085359
RA,Control01_1_A_M,5085423
RA,Control01_1_A_M,5085424
RA,Control01_1_A_M,5085697
RA,Control01_1_A_M,5086235
RA,Control01_1_A_M,5086327
RA,Control01_1_A_M,5086395
RA,Control01_1_A_M,5086881
RA,Control01_1_A_M,5087023
RA,Control01_1_A_M,5087238
RA,Control01_1_A_M,5087342
RA,Control01_1_A_M,5087474
RA,Control01_1_A_M,5087785
RA,Control01_1_A_M,5088042
RA,Control01_1_A_M,5088189
RA,Control01_1_A_M,5088246
RA,Control01_1_A_M,5088413
RA,Control01_1_A_M,5088569
RA,Control01_1_A_M,5088657
RA,Control01_1_A_M,5088707
RA,Control01_1_A_M,5088982
RA,Control01_1_A_M,5089217
RA,Control01_1_A_M,5089501
RA,Control01_1_A_M,5089624
RA,Control01_1_A_M,5089812
RA,Control01_1_A_M,5089892
RA,Control01_1_A_M,5089964
RA,Control01_1_A_M,5090218
RA,Control01_1_A_M,5090567
RA,Control01_1_A_M,5090617
RA,Control01_1_A_M,5090912
RA,Control01_1_A_M,5091196
RA,Control01_1_A_M,5091227
RA,Control01_1_A_M,5091406
RA,Control01_1_A_M,5091418
RA,Control01_1_A_M,5091428
RA,Control01_1_A_M,5091471
RA,Control01_1_A_M,5091624
RA,Control01_1_A_M,5092055
RA,Control01_1_A_M,5092083
RA,Control01_1_A_M,5092597
RA,Control01_1_A_M,5092654
RA,Control01_1_A_M,5092846
RA,Control01_1_A_M,5092983
RA,Control01_1_A_M,5092994
RA,Control01_1_A_M,5093136
RA,Control01_1_A_M,5093386
RA,Control01_1_A_M,5093419
RA,Control01_1_A_M,5093478
RA,Control01_1_A_M,5093575
RA,Control01_1_A_M,5093737
RA,Control01_1_A_M,5093942
RA,Control01_1_A_M,5094170
RA,Control01_1_A_M,5094284
RA,Control01_1_A_M,5094449
RA,Control01_1_A_M,5094628
RA,Control01_1_A_M,5094641
RA,Control01_1_A_M,5094946
RA,Control01_1_A_M,5095024
RA,Control01_1_A_M,5095074
RA,Control01_1_A_M,5095294
RA,Control01_1_A_M,5095608
RA,Control01_1_A_M,5095626
RA,Control01_1_A_M,5095894
RA,Control01_1_A_M,5000618
RA,Control01_1_A_M,5004507
RA,Control01_1_A_M,5011835
RA,Control01_1_A_M,5014762
RA,Control01_1_A_M,5019796
RA,Control01_1_A_M,5031636
RA,Control01_1_A_M,5036565
RA,Control01_1_A_M,5072030
RA,Control01_1_A_M,5072559
RA,Control01_1_A_M,5073557
RA,Control01_1_A_M,5081107
RA,Control01_1_A_M,5082867
RA,Control01_1_A_M,5088532
RA,Control01_1_A_M,5090905
RA,Control01_1_A_M,5091231
RA,Control01_1_A_M,5091345
RA,Control01_1_A_M,5095152
RA,Control01_1_A_M,5095782
RA,Control01_1_A_M,4987269
RA,Control01_1_A_M,4998601
RA,Control01_1_A_M,5032467
RA,Control01_1_A_M,5042963
RA,Control01_1_A_M,5052791
RA,Control01_1_A_M,5059330
RA,Control01_1_A_M,5063104
RA,Control01_1_A_M,5073235
RA,Control01_1_A_M,5080879
RA,Control01_1_A_M,5087387
RA,Control01_1_A_M,5090282
RA,Control01_1_A_M,5093884
RA,Control01_1_A_M,4997431
RA,Control01_1_A_M,5029196
RA,Control01_1_A_M,5038084
RA,Control01_1_A_M,5040126
RA,Control01_1_A_M,5061416
RA,Control01_1_A_M,5066821
RA,Control01_1_A_M,5076690
RA,Control01_1_A_M,5079068
RA,Control01_1_A_M,5081457
RA,Control01_1_A_M,5039096
RA,Control01_1_A_M,5080181
RA,Control01_1_A_M,5087352
RA,Control01_1_A_M,5094606
RA,Control04_1_C_F,4987719
RA,Control04_1_C_F,4987889
RA,Control04_1_C_F,4987906
RA,Control04_1_C_F,4988337
RA,Control04_1_C_F,4989038
RA,Control04_1_C_F,4989059
RA,Control04_1_C_F,4989101
RA,Control04_1_C_F,4989306
RA,Control04_1_C_F,4989526
RA,Control04_1_C_F,4989724
RA,Control04_1_C_F,4990021
RA,Control04_1_C_F,4990167
RA,Control04_1_C_F,4990359
RA,Control04_1_C_F,4990455
RA,Control04_1_C_F,4990662
RA,Control04_1_C_F,4990747
RA,Control04_1_C_F,4990891
RA,Control04_1_C_F,4990962
RA,Control04_1_C_F,4991072
RA,Control04_1_C_F,4991197
RA,Control04_1_C_F,4991252
RA,Control04_1_C_F,4991453
RA,Control04_1_C_F,4991467
RA,Control04_1_C_F,4991531
RA,Control04_1_C_F,4991640
RA,Control04_1_C_F,4991891
RA,Control04_1_C_F,4992014
RA,Control04_1_C_F,4992060
RA,Control04_1_C_F,4992069
RA,Control04_1_C_F,4992381
RA,Control04_1_C_F,4992885
RA,Control04_1_C_F,4993119
RA,Control04_1_C_F,4993210
RA,Control04_1_C_F,4993434
RA,Control04_1_C_F,4993454
RA,Control04_1_C_F,4993675
RA,Control04_1_C_F,4993940
RA,Control04_1_C_F,4994072
RA,Control04_1_C_F,4994168
RA,Control04_1_C_F,4994390
RA,Control04_1_C_F,4994448
RA,Control04_1_C_F,4994523
RA,Control04_1_C_F,4994545
RA,Control04_1_C_F,4994590
RA,Control04_1_C_F,4994675
RA,Control04_1_C_F,4994770
RA,Control04_1_C_F,4995131
RA,Control04_1_C_F,4995227
RA,Control04_1_C_F,4995360
RA,Control04_1_C_F,4995650
RA,Control04_1_C_F,4995852
RA,Control04_1_C_F,4995957
RA,Control04_1_C_F,4996032
RA,Control04_1_C_F,4996234
RA,Control04_1_C_F,4996609
RA,Control04_1_C_F,4996640
RA,Control04_1_C_F,4996989
RA,Control04_1_C_F,4997417
RA,Control04_1_C_F,4997584
RA,Control04_1_C_F,4997607
RA,Control04_1_C_F,4997744
RA,Control04_1_C_F,4997823
RA,Control04_1_C_F,4998058
RA,Control04_1_C_F,4998112
RA,Control04_1_C_F,4998361
RA,Control04_1_C_F,4998584
RA,Control04_1_C_F,4999085
RA,Control04_1_C_F,4999115
RA,Control04_1_C_F,4999565
RA,Control04_1_C_F,4999602
RA,Control04_1_C_F,4999662
RA,Control04_1_C_F,4999674
RA,Control04_1_C_F,4999732
RA,Control04_1_C_F,4999745
RA,Control04_1_C_F,4999851
RA,Control04_1_C_F,5000249
RA,Control04_1_C_F,5000595
RA,Control04_1_C_F,5000758
RA,Control04_1_C_F,5001005
RA,Control04_1_C_F,5001450
RA,Control04_1_C_F,5001832
RA,Control04_1_C_F,5001886
RA,Control04_1_C_F,5001994
RA,Control04_1_C_F,5002203
RA,Control04_1_C_F,5002209
RA,Control04_1_C_F,5002865
RA,Control04_1_C_F,5002902
RA,Control04_1_C_F,5002909
RA,Control04_1_C_F,5002996
RA,Control04_1_C_F,5003395
RA,Control04_1_C_F,5003587
RA,Control04_1_C_F,5003885
RA,Control04_1_C_F,5003912
RA,Control04_1_C_F,5003919
RA,Control04_1_C_F,5004044
RA,Control04_1_C_F,5004049
RA,Control04_1_C_F,5004074
RA,Control04_1_C_F,5004180
RA,Control04_1_C_F,5004616
RA,Control04_1_C_F,5004919
RA,Control04_1_C_F,5005125
RA,Control04_1_C_F,5005354
RA,Control04_1_C_F,5005499
RA,Control04_1_C_F,5005607
RA,Control04_1_C_F,5005735
RA,Control04_1_C_F,5006108
RA,Control04_1_C_F,5006115
RA,Control04_1_C_F,5006338
RA,Control04_1_C_F,5006379
RA,Control04_1_C_F,5006471
RA,Control04_1_C_F,5006730
RA,Control04_1_C_F,5006815
RA,Control04_1_C_F,5007044
RA,Control04_1_C_F,5007127
RA,Control04_1_C_F,5007594
RA,Control04_1_C_F,5007646
RA,Control04_1_C_F,5007675
RA,Control04_1_C_F,5007753
RA,Control04_1_C_F,5007784
RA,Control04_1_C_F,5008059
RA,Control04_1_C_F,5008122
RA,Control04_1_C_F,5008164
RA,Control04_1_C_F,5008548
RA,Control04_1_C_F,5008875
RA,Control04_1_C_F,5009061
RA,Control04_1_C_F,5009068
RA,Control04_1_C_F,5009086
RA,Control04_1_C_F,5009171
RA,Control04_1_C_F,5009400
RA,Control04_1_C_F,5009528
RA,Control04_1_C_F,5009611
RA,Control04_1_C_F,5009959
RA,Control04_1_C_F,5010503
RA,Control04_1_C_F,5010585
RA,Control04_1_C_F,5010720
RA,Control04_1_C_F,5010858
RA,Control04_1_C_F,5011020
RA,Control04_1_C_F,5011071
RA,Control04_1_C_F,5011613
RA,Control04_1_C_F,5011661
RA,Control04_1_C_F,5011678
RA,Control04_1_C_F,5012175
RA,Control04_1_C_F,5012188
RA,Control04_1_C_F,5012239
RA,Control04_1_C_F,5012459
RA,Control04_1_C_F,5012592
RA,Control04_1_C_F,5012740
RA,Control04_1_C_F,5013011
RA,Control04_1_C_F,5013164
RA,Control04_1_C_F,5013946
RA,Control04_1_C_F,5014087
RA,Control04_1_C_F,5014411
RA,Control04_1_C_F,5014972
RA,Control04_1_C_F,5015284
RA,Control04_1_C_F,5015669
RA,Control04_1_C_F,5015759
RA,Control04_1_C_F,5016035
RA,Control04_1_C_F,5016183
RA,Control04_1_C_F,5016476
RA,Control04_1_C_F,5017240
RA,Control04_1_C_F,5017659
RA,Control04_1_C_F,5017877
RA,Control04_1_C_F,5017890
RA,Control04_1_C_F,5017959
RA,Control04_1_C_F,5018344
RA,Control04_1_C_F,5018587
RA,Control04_1_C_F,5018698
RA,Control04_1_C_F,5019846
RA,Control04_1_C_F,5019872
RA,Control04_1_C_F,5019961
RA,Control04_1_C_F,5020336
RA,Control04_1_C_F,5020509
RA,Control04_1_C_F,5021101
RA,Control04_1_C_F,5021628
RA,Control04_1_C_F,5021655
RA,Control04_1_C_F,5021684
RA,Control04_1_C_F,5021959
RA,Control04_1_C_F,5022149
RA,Control04_1_C_F,5022966
RA,Control04_1_C_F,5023063
RA,Control04_1_C_F,5023136
RA,Control04_1_C_F,5023377
RA,Control04_1_C_F,5023616
RA,Control04_1_C_F,5023688
RA,Control04_1_C_F,5023812
RA,Control04_1_C_F,5024045
RA,Control04_1_C_F,5024283
RA,Control04_1_C_F,5024295
RA,Control04_1_C_F,5024544
RA,Control04_1_C_F,5025158
RA,Control04_1_C_F,5025235
RA,Control04_1_C_F,5025246
RA,Control04_1_C_F,5025328
RA,Control04_1_C_F,5025352
RA,Control04_1_C_F,5025582
RA,Control04_1_C_F,5027002
RA,Control04_1_C_F,5027042
RA,Control04_1_C_F,5027140
RA,Control04_1_C_F,5027164
RA,Control04_1_C_F,5027171
RA,Control04_1_C_F,5028038
RA,Control04_1_C_F,5028154
RA,Control04_1_C_F,5028592
RA,Control04_1_C_F,5028723
RA,Control04_1_C_F,5029072
RA,Control04_1_C_F,5029079
RA,Control04_1_C_F,5029604
RA,Control04_1_C_F,5029790
RA,Control04_1_C_F,5029905
RA,Control04_1_C_F,5030014
RA,Control04_1_C_F,5030058
RA,Control04_1_C_F,5030100
RA,Control04_1_C_F,5030158
RA,Control04_1_C_F,5030636
RA,Control04_1_C_F,5030779
RA,Control04_1_C_F,5031157
RA,Control04_1_C_F,5031615
RA,Control04_1_C_F,5031804
RA,Control04_1_C_F,5031986
RA,Control04_1_C_F,5032456
RA,Control04_1_C_F,5032494
RA,Control04_1_C_F,5032770
RA,Control04_1_C_F,5032927
RA,Control04_1_C_F,5033560
RA,Control04_1_C_F,5033952
RA,Control04_1_C_F,5034250
RA,Control04_1_C_F,5034378
RA,Control04_1_C_F,5034654
RA,Control04_1_C_F,5035679
RA,Control04_1_C_F,5035844
RA,Control04_1_C_F,5035909
RA,Control04_1_C_F,5036104
RA,Control04_1_C_F,5036174
RA,Control04_1_C_F,5036296
RA,Control04_1_C_F,5036479
RA,Control04_1_C_F,5036575
RA,Control04_1_C_F,5037143
RA,Control04_1_C_F,5037535
RA,Control04_1_C_F,5037549
RA,Control04_1_C_F,5037570
RA,Control04_1_C_F,5037713
RA,Control04_1_C_F,5038232
RA,Control04_1_C_F,5038641
RA,Control04_1_C_F,5038845
RA,Control04_1_C_F,5038870
RA,Control04_1_C_F,5039043
RA,Control04_1_C_F,5039157
RA,Control04_1_C_F,5039216
RA,Control04_1_C_F,5039671
RA,Control04_1_C_F,5040127
RA,Control04_1_C_F,5040658
RA,Control04_1_C_F,5040967
RA,Control04_1_C_F,5041022
RA,Control04_1_C_F,5041058
RA,Control04_1_C_F,5041060
RA,Control04_1_C_F,5041341
RA,Control04_1_C_F,5041429
RA,Control04_1_C_F,5042086
RA,Control04_1_C_F,5042215
RA,Control04_1_C_F,5042217
RA,Control04_1_C_F,5042243
RA,Control04_1_C_F,5042274
RA,Control04_1_C_F,5042389
RA,Control04_1_C_F,5042585
RA,Control04_1_C_F,5042651
RA,Control04_1_C_F,5042846
RA,Control04_1_C_F,5042886
RA,Control04_1_C_F,5043173
RA,Control04_1_C_F,5043218
RA,Control04_1_C_F,5043286
RA,Control04_1_C_F,5043735
RA,Control04_1_C_F,5043873
RA,Control04_1_C_F,5043932
RA,Control04_1_C_F,5044187
RA,Control04_1_C_F,5044205
RA,Control04_1_C_F,5044391
RA,Control04_1_C_F,5044589
RA,Control04_1_C_F,5044633
RA,Control04_1_C_F,5044750
RA,Control04_1_C_F,5044767
RA,Control04_1_C_F,5044802
RA,Control04_1_C_F,5044905
RA,Control04_1_C_F,5045170
RA,Control04_1_C_F,5046044
RA,Control04_1_C_F,5046108
RA,Control04_1_C_F,5046271
RA,Control04_1_C_F,5046375
RA,Control04_1_C_F,5046502
RA,Control04_1_C_F,5046535
RA,Control04_1_C_F,5046746
RA,Control04_1_C_F,5046822
RA,Control04_1_C_F,5046931
RA,Control04_1_C_F,5047982
RA,Control04_1_C_F,5048026
RA,Control04_1_C_F,5048450
RA,Control04_1_C_F,5048687
RA,Control04_1_C_F,5049021
RA,Control04_1_C_F,5049272
RA,Control04_1_C_F,5049362
RA,Control04_1_C_F,5049366
RA,Control04_1_C_F,5049732
RA,Control04_1_C_F,5049751
RA,Control04_1_C_F,5049990
RA,Control04_1_C_F,5050325
RA,Control04_1_C_F,5050337
RA,Control04_1_C_F,5050536
RA,Control04_1_C_F,5050547
RA,Control04_1_C_F,5050628
RA,Control04_1_C_F,5050713
RA,Control04_1_C_F,5050858
RA,Control04_1_C_F,5050920
RA,Control04_1_C_F,5051248
RA,Control04_1_C_F,5051394
RA,Control04_1_C_F,5051516
RA,Control04_1_C_F,5051563
RA,Control04_1_C_F,5051746
RA,Control04_1_C_F,5052057
RA,Control04_1_C_F,5052332
RA,Control04_1_C_F,5052699
RA,Control04_1_C_F,5052723
RA,Control04_1_C_F,5052838
RA,Control04_1_C_F,5052993
RA,Control04_1_C_F,5053076
RA,Control04_1_C_F,5053188
RA,Control04_1_C_F,5053649
RA,Control04_1_C_F,5054175
RA,Control04_1_C_F,5054194
RA,Control04_1_C_F,5054489
RA,Control04_1_C_F,5054701
RA,Control04_1_C_F,5054747
RA,Control04_1_C_F,5055405
RA,Control04_1_C_F,5055463
RA,Control04_1_C_F,5055466
RA,Control04_1_C_F,5055585
RA,Control04_1_C_F,5055610
RA,Control04_1_C_F,5055626
RA,Control04_1_C_F,5055859
RA,Control04_1_C_F,5055971
RA,Control04_1_C_F,5056063
RA,Control04_1_C_F,5056069
RA,Control04_1_C_F,5056188
RA,Control04_1_C_F,5056429
RA,Control04_1_C_F,5056432
RA,Control04_1_C_F,5056800
RA,Control04_1_C_F,5057001
RA,Control04_1_C_F,5057608
RA,Control04_1_C_F,5058021
RA,Control04_1_C_F,5058799
RA,Control04_1_C_F,5058867
RA,Control04_1_C_F,5059177
RA,Control04_1_C_F,5059454
RA,Control04_1_C_F,5059716
RA,Control04_1_C_F,5060167
RA,Control04_1_C_F,5060218
RA,Control04_1_C_F,5060326
RA,Control04_1_C_F,5060652
RA,Control04_1_C_F,5060822
RA,Control04_1_C_F,5060846
RA,Control04_1_C_F,5060890
RA,Control04_1_C_F,5060963
RA,Control04_1_C_F,5061215
RA,Control04_1_C_F,5061225
RA,Control04_1_C_F,5061264
RA,Control04_1_C_F,5061555
RA,Control04_1_C_F,5061563
RA,Control04_1_C_F,5061616
RA,Control04_1_C_F,5061620
RA,Control04_1_C_F,5061734
RA,Control04_1_C_F,5061853
RA,Control04_1_C_F,5061884
RA,Control04_1_C_F,5061896
RA,Control04_1_C_F,5061900
RA,Control04_1_C_F,5062088
RA,Control04_1_C_F,5062399
RA,Control04_1_C_F,5062685
RA,Control04_1_C_F,5062721
RA,Control04_1_C_F,5062936
RA,Control04_1_C_F,5062941
RA,Control04_1_C_F,5063484
RA,Control04_1_C_F,5063578
RA,Control04_1_C_F,5064034
RA,Control04_1_C_F,5064113
RA,Control04_1_C_F,5064256
RA,Control04_1_C_F,5064465
RA,Control04_1_C_F,5064648
RA,Control04_1_C_F,5065019
RA,Control04_1_C_F,5065752
RA,Control04_1_C_F,5065753
RA,Control04_1_C_F,5065832
RA,Control04_1_C_F,5066082
RA,Control04_1_C_F,5066348
RA,Control04_1_C_F,5066627
RA,Control04_1_C_F,5066702
RA,Control04_1_C_F,5066933
RA,Control04_1_C_F,5066992
RA,Control04_1_C_F,5067253
RA,Control04_1_C_F,5067305
RA,Control04_1_C_F,5067485
RA,Control04_1_C_F,5067511
RA,Control04_1_C_F,5067792
RA,Control04_1_C_F,5067828
RA,Control04_1_C_F,5067983
RA,Control04_1_C_F,5068025
RA,Control04_1_C_F,5068026
RA,Control04_1_C_F,5068149
RA,Control04_1_C_F,5068375
RA,Control04_1_C_F,5068497
RA,Control04_1_C_F,5068584
RA,Control04_1_C_F,5068802
RA,Control04_1_C_F,5069087
RA,Control04_1_C_F,5069089
RA,Control04_1_C_F,5069097
RA,Control04_1_C_F,5069424
RA,Control04_1_C_F,5069515
RA,Control04_1_C_F,5070158
RA,Control04_1_C_F,5070266
RA,Control04_1_C_F,5070283
RA,Control04_1_C_F,5070446
RA,Control04_1_C_F,5070941
RA,Control04_1_C_F,5070994
RA,Control04_1_C_F,5071287
RA,Control04_1_C_F,5071495
RA,Control04_1_C_F,5071765
RA,Control04_1_C_F,5071949
RA,Control04_1_C_F,5072225
RA,Control04_1_C_F,5072268
RA,Control04_1_C_F,5072276
RA,Control04_1_C_F,5072438
RA,Control04_1_C_F,5072462
RA,Control04_1_C_F,5072567
RA,Control04_1_C_F,5072879
RA,Control04_1_C_F,5072947
RA,Control04_1_C_F,5073170
RA,Control04_1_C_F,5073289
RA,Control04_1_C_F,5073406
RA,Control04_1_C_F,5073460
RA,Control04_1_C_F,5073769
RA,Control04_1_C_F,5074161
RA,Control04_1_C_F,5074230
RA,Control04_1_C_F,5074393
RA,Control04_1_C_F,5074488
RA,Control04_1_C_F,5074884
RA,Control04_1_C_F,5075121
RA,Control04_1_C_F,5075594
RA,Control04_1_C_F,5075755
RA,Control04_1_C_F,5076291
RA,Control04_1_C_F,5076392
RA,Control04_1_C_F,5076465
RA,Control04_1_C_F,5076746
RA,Control04_1_C_F,5076888
RA,Control04_1_C_F,5077274
RA,Control04_1_C_F,5077337
RA,Control04_1_C_F,5077789
RA,Control04_1_C_F,5077811
RA,Control04_1_C_F,5077873
RA,Control04_1_C_F,5078102
RA,Control04_1_C_F,5078118
RA,Control04_1_C_F,5078272
RA,Control04_1_C_F,5078472
RA,Control04_1_C_F,5078561
RA,Control04_1_C_F,5078562
RA,Control04_1_C_F,5078697
RA,Control04_1_C_F,5078757
RA,Control04_1_C_F,5078782
RA,Control04_1_C_F,5079170
RA,Control04_1_C_F,5079249
RA,Control04_1_C_F,5079428
RA,Control04_1_C_F,5079714
RA,Control04_1_C_F,5079721
RA,Control04_1_C_F,5079840
RA,Control04_1_C_F,5080025
RA,Control04_1_C_F,5080132
RA,Control04_1_C_F,5080184
RA,Control04_1_C_F,5080185
RA,Control04_1_C_F,5080363
RA,Control04_1_C_F,5080381
RA,Control04_1_C_F,5080488
RA,Control04_1_C_F,5080527
RA,Control04_1_C_F,5080573
RA,Control04_1_C_F,5080918
RA,Control04_1_C_F,5080948
RA,Control04_1_C_F,5080949
RA,Control04_1_C_F,5080953
RA,Control04_1_C_F,5081073
RA,Control04_1_C_F,5081136
RA,Control04_1_C_F,5081244
RA,Control04_1_C_F,5081494
RA,Control04_1_C_F,5081807
RA,Control04_1_C_F,5081991
RA,Control04_1_C_F,5082006
RA,Control04_1_C_F,5082175
RA,Control04_1_C_F,5082271
RA,Control04_1_C_F,5082657
RA,Control04_1_C_F,5082684
RA,Control04_1_C_F,5082728
RA,Control04_1_C_F,5082760
RA,Control04_1_C_F,5082825
RA,Control04_1_C_F,5082834
RA,Control04_1_C_F,5083015
RA,Control04_1_C_F,5083052
RA,Control04_1_C_F,5083095
RA,Control04_1_C_F,5083104
RA,Control04_1_C_F,5083162
RA,Control04_1_C_F,5083309
RA,Control04_1_C_F,5083328
RA,Control04_1_C_F,5083485
RA,Control04_1_C_F,5083674
RA,Control04_1_C_F,5083750
RA,Control04_1_C_F,5083809
RA,Control04_1_C_F,5083890
RA,Control04_1_C_F,5083987
RA,Control04_1_C_F,5084188
RA,Control04_1_C_F,5084346
RA,Control04_1_C_F,5084663
RA,Control04_1_C_F,5084917
RA,Control04_1_C_F,5084958
RA,Control04_1_C_F,5084984
RA,Control04_1_C_F,5085086
RA,Control04_1_C_F,5085323
RA,Control04_1_C_F,5085715
RA,Control04_1_C_F,5085901
RA,Control04_1_C_F,5085978
RA,Control04_1_C_F,5085987
RA,Control04_1_C_F,5086043
RA,Control04_1_C_F,5086110
RA,Control04_1_C_F,5086167
RA,Control04_1_C_F,5086311
RA,Control04_1_C_F,5086383
RA,Control04_1_C_F,5086398
RA,Control04_1_C_F,5086411
RA,Control04_1_C_F,5086627
RA,Control04_1_C_F,5086777
RA,Control04_1_C_F,5086796
RA,Control04_1_C_F,5086896
RA,Control04_1_C_F,5086946
RA,Control04_1_C_F,5086964
RA,Control04_1_C_F,5087053
RA,Control04_1_C_F,5087140
RA,Control04_1_C_F,5087160
RA,Control04_1_C_F,5087182
RA,Control04_1_C_F,5087390
RA,Control04_1_C_F,5087456
RA,Control04_1_C_F,5087543
RA,Control04_1_C_F,5088117
RA,Control04_1_C_F,5088293
RA,Control04_1_C_F,5088328
RA,Control04_1_C_F,5088394
RA,Control04_1_C_F,5088455
RA,Control04_1_C_F,5088728
RA,Control04_1_C_F,5088790
RA,Control04_1_C_F,5088955
RA,Control04_1_C_F,5089195
RA,Control04_1_C_F,5089401
RA,Control04_1_C_F,5089417
RA,Control04_1_C_F,5089521
RA,Control04_1_C_F,5089605
RA,Control04_1_C_F,5089639
RA,Control04_1_C_F,5089848
RA,Control04_1_C_F,5089916
RA,Control04_1_C_F,5089995
RA,Control04_1_C_F,5090174
RA,Control04_1_C_F,5090205
RA,Control04_1_C_F,5090241
RA,Control04_1_C_F,5090356
RA,Control04_1_C_F,5090461
RA,Control04_1_C_F,5090852
RA,Control04_1_C_F,5091010
RA,Control04_1_C_F,5091168
RA,Control04_1_C_F,5091216
RA,Control04_1_C_F,5091275
RA,Control04_1_C_F,5091358
RA,Control04_1_C_F,5091414
RA,Control04_1_C_F,5091481
RA,Control04_1_C_F,5091693
RA,Control04_1_C_F,5091759
RA,Control04_1_C_F,5091920
RA,Control04_1_C_F,5092039
RA,Control04_1_C_F,5092054
RA,Control04_1_C_F,5092161
RA,Control04_1_C_F,5092248
RA,Control04_1_C_F,5093086
RA,Control04_1_C_F,5093243
RA,Control04_1_C_F,5093297
RA,Control04_1_C_F,5093328
RA,Control04_1_C_F,5094106
RA,Control04_1_C_F,5094188
RA,Control04_1_C_F,5094391
RA,Control04_1_C_F,5094561
RA,Control04_1_C_F,5094684
RA,Control04_1_C_F,5094695
RA,Control04_1_C_F,5094878
RA,Control04_1_C_F,5094883
RA,Control04_1_C_F,5094996
RA,Control04_1_C_F,5095181
RA,Control04_1_C_F,5095187
RA,Control04_1_C_F,5095535
RA,Control04_1_C_F,5095629
RA,Control04_1_C_F,5095679
RA,Control04_1_C_F,5095698
RA,Control04_1_C_F,5095760
RA,Control04_1_C_F,4993240
RA,Control04_1_C_F,4997159
RA,Control04_1_C_F,5001191
RA,Control04_1_C_F,5003051
RA,Control04_1_C_F,5023960
RA,Control04_1_C_F,5029692
RA,Control04_1_C_F,5045616
RA,Control04_1_C_F,5048051
RA,Control04_1_C_F,5048440
RA,Control04_1_C_F,5048960
RA,Control04_1_C_F,5051332
RA,Control04_1_C_F,5055504
RA,Control04_1_C_F,5056929
RA,Control04_1_C_F,5064535
RA,Control04_1_C_F,5066019
RA,Control04_1_C_F,5068488
RA,Control04_1_C_F,5073790
RA,Control04_1_C_F,5074959
RA,Control04_1_C_F,5075884
RA,Control04_1_C_F,5076109
RA,Control04_1_C_F,5077237
RA,Control04_1_C_F,5077806
RA,Control04_1_C_F,5079538
RA,Control04_1_C_F,5080152
RA,Control04_1_C_F,5081816
RA,Control04_1_C_F,5082883
RA,Control04_1_C_F,5083830
RA,Control04_1_C_F,5084305
RA,Control04_1_C_F,5084733
RA,Control04_1_C_F,5084753
RA,Control04_1_C_F,5087234
RA,Control04_1_C_F,5088285
RA,Control04_1_C_F,5088641
RA,Control04_1_C_F,5090990
RA,Control04_1_C_F,5091012
RA,Control04_1_C_F,5093032
RA,Control04_1_C_F,5094269
RA,Control04_1_C_F,5094439
RA,Control04_1_C_F,5094583
RA,Control04_1_C_F,5094753
RA,Control04_1_C_F,4987279
RA,Control04_1_C_F,4987288
RA,Control04_1_C_F,4987532
RA,Control04_1_C_F,4987548
RA,Control04_1_C_F,4988550
RA,Control04_1_C_F,4989915
RA,Control04_1_C_F,4992800
RA,Control04_1_C_F,5009483
RA,Control04_1_C_F,5014050
RA,Control04_1_C_F,5017008
RA,Control04_1_C_F,5067459
RA,Control04_1_C_F,5078143
RA,Control04_1_C_F,5078893
RA,Control04_1_C_F,5080910
RA,Control04_1_C_F,5081950
RA,Control04_1_C_F,5083331
RA,Control04_1_C_F,5089389
RA,Control04_1_C_F,5091176
RA,Control04_1_C_F,5091669
RA,Control04_1_C_F,5091922
RA,Control04_1_C_F,5094120
RA,Control04_1_C_F,5094355
RA,Control04_1_C_F,5094495
RA,Control04_1_C_F,5095069
RA,Control04_1_C_F,5095276
RA,Control04_1_C_F,5095744
RA,Control04_1_C_F,4996732
RA,Control04_1_C_F,4998433
RA,Control04_1_C_F,5001111
RA,Control04_1_C_F,5002218
RA,Control04_1_C_F,5004117
RA,Control04_1_C_F,5005734
RA,Control04_1_C_F,5009259
RA,Control04_1_C_F,5010033
RA,Control04_1_C_F,5012993
RA,Control04_1_C_F,5014376
RA,Control04_1_C_F,5023972
RA,Control04_1_C_F,5024370
RA,Control04_1_C_F,5024446
RA,Control04_1_C_F,5033662
RA,Control04_1_C_F,5041734
RA,Control04_1_C_F,5042900
RA,Control04_1_C_F,5043718
RA,Control04_1_C_F,5044079
RA,Control04_1_C_F,5045505
RA,Control04_1_C_F,5051812
RA,Control04_1_C_F,5051908
RA,Control04_1_C_F,5056256
RA,Control04_1_C_F,5058282
RA,Control04_1_C_F,5061432
RA,Control04_1_C_F,5061546
RA,Control04_1_C_F,5062010
RA,Control04_1_C_F,5062170
RA,Control04_1_C_F,5064349
RA,Control04_1_C_F,5064884
RA,Control04_1_C_F,5067533
RA,Control04_1_C_F,5071426
RA,Control04_1_C_F,5075431
RA,Control04_1_C_F,5077079
RA,Control04_1_C_F,5078872
RA,Control04_1_C_F,5079891
RA,Control04_1_C_F,5080818
RA,Control04_1_C_F,5082097
RA,Control04_1_C_F,5086236
RA,Control04_1_C_F,5087092
RA,Control04_1_C_F,5089428
RA,Control04_1_C_F,4988574
RA,Control04_1_C_F,4988941
RA,Control04_1_C_F,4991111
RA,Control04_1_C_F,4991351
RA,Control04_1_C_F,4991820
RA,Control04_1_C_F,4993444
RA,Control04_1_C_F,5002774
RA,Control04_1_C_F,5004242
RA,Control04_1_C_F,5005189
RA,Control04_1_C_F,5008051
RA,Control04_1_C_F,5011868
RA,Control04_1_C_F,5015052
RA,Control04_1_C_F,5020712
RA,Control04_1_C_F,5038910
RA,Control04_1_C_F,5038950
RA,Control04_1_C_F,5045757
RA,Control04_1_C_F,5051819
RA,Control04_1_C_F,5057788
RA,Control04_1_C_F,5060202
RA,Control04_1_C_F,5064422
RA,Control04_1_C_F,5066302
RA,Control04_1_C_F,5066904
RA,Control04_1_C_F,5068487
RA,Control04_1_C_F,5072097
RA,Control04_1_C_F,5072115
RA,Control04_1_C_F,5072951
RA,Control04_1_C_F,5076596
RA,Control04_1_C_F,5079938
RA,Control04_1_C_F,5082353
RA,Control04_1_C_F,5086571
RA,Control04_1_C_F,5088644
RA,Control04_1_C_F,5089145
RA,Control04_1_C_F,5091601
RA,Control04_1_C_F,5092296
RA,Control04_1_C_F,5092702
RA,Control04_1_C_F,5093227
RA,Control04_1_C_F,5093694
RA,Control04_1_C_F,5093786
RA,Control04_1_C_F,5095091
RA,Control04_1_C_F,5095497
RA,Control06_1_C_M,4987594
RA,Control06_1_C_M,4988821
RA,Control06_1_C_M,4988953
RA,Control06_1_C_M,4989474
RA,Control06_1_C_M,4989542
RA,Control06_1_C_M,4990046
RA,Control06_1_C_M,4990146
RA,Control06_1_C_M,4990199
RA,Control06_1_C_M,4990534
RA,Control06_1_C_M,4990544
RA,Control06_1_C_M,4990737
RA,Control06_1_C_M,4990800
RA,Control06_1_C_M,4991680
RA,Control06_1_C_M,4991744
RA,Control06_1_C_M,4991835
RA,Control06_1_C_M,4992208
RA,Control06_1_C_M,4993067
RA,Control06_1_C_M,4993308
RA,Control06_1_C_M,4993426
RA,Control06_1_C_M,4993442
RA,Control06_1_C_M,4993743
RA,Control06_1_C_M,4993786
RA,Control06_1_C_M,4993838
RA,Control06_1_C_M,4993899
RA,Control06_1_C_M,4994032
RA,Control06_1_C_M,4994258
RA,Control06_1_C_M,4994284
RA,Control06_1_C_M,4994628
RA,Control06_1_C_M,4994885
RA,Control06_1_C_M,4995051
RA,Control06_1_C_M,4995213
RA,Control06_1_C_M,4995719
RA,Control06_1_C_M,4995834
RA,Control06_1_C_M,4996146
RA,Control06_1_C_M,4996216
RA,Control06_1_C_M,4996449
RA,Control06_1_C_M,4996561
RA,Control06_1_C_M,4996767
RA,Control06_1_C_M,4997044
RA,Control06_1_C_M,4997153
RA,Control06_1_C_M,4997220
RA,Control06_1_C_M,4997387
RA,Control06_1_C_M,4997719
RA,Control06_1_C_M,4998335
RA,Control06_1_C_M,4998338
RA,Control06_1_C_M,4998634
RA,Control06_1_C_M,4998728
RA,Control06_1_C_M,4998757
RA,Control06_1_C_M,4998885
RA,Control06_1_C_M,4999225
RA,Control06_1_C_M,4999246
RA,Control06_1_C_M,4999315
RA,Control06_1_C_M,4999325
RA,Control06_1_C_M,4999642
RA,Control06_1_C_M,4999757
RA,Control06_1_C_M,4999872
RA,Control06_1_C_M,4999990
RA,Control06_1_C_M,5000119
RA,Control06_1_C_M,5000122
RA,Control06_1_C_M,5000321
RA,Control06_1_C_M,5000456
RA,Control06_1_C_M,5000667
RA,Control06_1_C_M,5001176
RA,Control06_1_C_M,5001265
RA,Control06_1_C_M,5001327
RA,Control06_1_C_M,5001461
RA,Control06_1_C_M,5001486
RA,Control06_1_C_M,5001745
RA,Control06_1_C_M,5001766
RA,Control06_1_C_M,5001813
RA,Control06_1_C_M,5001815
RA,Control06_1_C_M,5001961
RA,Control06_1_C_M,5001984
RA,Control06_1_C_M,5002019
RA,Control06_1_C_M,5002094
RA,Control06_1_C_M,5002614
RA,Control06_1_C_M,5002657
RA,Control06_1_C_M,5002842
RA,Control06_1_C_M,5003380
RA,Control06_1_C_M,5003558
RA,Control06_1_C_M,5003563
RA,Control06_1_C_M,5003779
RA,Control06_1_C_M,5004136
RA,Control06_1_C_M,5004689
RA,Control06_1_C_M,5004789
RA,Control06_1_C_M,5004792
RA,Control06_1_C_M,5004880
RA,Control06_1_C_M,5005385
RA,Control06_1_C_M,5005401
RA,Control06_1_C_M,5005416
RA,Control06_1_C_M,5005614
RA,Control06_1_C_M,5006080
RA,Control06_1_C_M,5006134
RA,Control06_1_C_M,5006257
RA,Control06_1_C_M,5006300
RA,Control06_1_C_M,5006444
RA,Control06_1_C_M,5006565
RA,Control06_1_C_M,5006798
RA,Control06_1_C_M,5007031
RA,Control06_1_C_M,5007170
RA,Control06_1_C_M,5007463
RA,Control06_1_C_M,5007528
RA,Control06_1_C_M,5007573
RA,Control06_1_C_M,5007613
RA,Control06_1_C_M,5008127
RA,Control06_1_C_M,5008270
RA,Control06_1_C_M,5008603
RA,Control06_1_C_M,5008687
RA,Control06_1_C_M,5008863
RA,Control06_1_C_M,5008868
RA,Control06_1_C_M,5008881
RA,Control06_1_C_M,5008938
RA,Control06_1_C_M,5009425
RA,Control06_1_C_M,5009478
RA,Control06_1_C_M,5009726
RA,Control06_1_C_M,5009734
RA,Control06_1_C_M,5010100
RA,Control06_1_C_M,5010492
RA,Control06_1_C_M,5010691
RA,Control06_1_C_M,5010775
RA,Control06_1_C_M,5011053
RA,Control06_1_C_M,5011598
RA,Control06_1_C_M,5012019
RA,Control06_1_C_M,5012048
RA,Control06_1_C_M,5012113
RA,Control06_1_C_M,5012327
RA,Control06_1_C_M,5012685
RA,Control06_1_C_M,5012830
RA,Control06_1_C_M,5013105
RA,Control06_1_C_M,5013748
RA,Control06_1_C_M,5013890
RA,Control06_1_C_M,5014169
RA,Control06_1_C_M,5014194
RA,Control06_1_C_M,5014407
RA,Control06_1_C_M,5015204
RA,Control06_1_C_M,5015277
RA,Control06_1_C_M,5015528
RA,Control06_1_C_M,5015591
RA,Control06_1_C_M,5015661
RA,Control06_1_C_M,5015721
RA,Control06_1_C_M,5015905
RA,Control06_1_C_M,5015949
RA,Control06_1_C_M,5016115
RA,Control06_1_C_M,5016676
RA,Control06_1_C_M,5016959
RA,Control06_1_C_M,5017742
RA,Control06_1_C_M,5018085
RA,Control06_1_C_M,5018105
RA,Control06_1_C_M,5018262
RA,Control06_1_C_M,5018548
RA,Control06_1_C_M,5018714
RA,Control06_1_C_M,5018735
RA,Control06_1_C_M,5018940
RA,Control06_1_C_M,5019274
RA,Control06_1_C_M,5019701
RA,Control06_1_C_M,5020277
RA,Control06_1_C_M,5020293
RA,Control06_1_C_M,5020310
RA,Control06_1_C_M,5020603
RA,Control06_1_C_M,5020984
RA,Control06_1_C_M,5021136
RA,Control06_1_C_M,5021153
RA,Control06_1_C_M,5021221
RA,Control06_1_C_M,5021408
RA,Control06_1_C_M,5021530
RA,Control06_1_C_M,5021654
RA,Control06_1_C_M,5021732
RA,Control06_1_C_M,5022156
RA,Control06_1_C_M,5022299
RA,Control06_1_C_M,5022316
RA,Control06_1_C_M,5022908
RA,Control06_1_C_M,5023045
RA,Control06_1_C_M,5023127
RA,Control06_1_C_M,5023280
RA,Control06_1_C_M,5024303
RA,Control06_1_C_M,5024334
RA,Control06_1_C_M,5025165
RA,Control06_1_C_M,5025322
RA,Control06_1_C_M,5025435
RA,Control06_1_C_M,5025516
RA,Control06_1_C_M,5025756
RA,Control06_1_C_M,5025877
RA,Control06_1_C_M,5026147
RA,Control06_1_C_M,5026710
RA,Control06_1_C_M,5026753
RA,Control06_1_C_M,5027505
RA,Control06_1_C_M,5027887
RA,Control06_1_C_M,5028034
RA,Control06_1_C_M,5028314
RA,Control06_1_C_M,5028419
RA,Control06_1_C_M,5028477
RA,Control06_1_C_M,5029802
RA,Control06_1_C_M,5029831
RA,Control06_1_C_M,5029832
RA,Control06_1_C_M,5030426
RA,Control06_1_C_M,5030912
RA,Control06_1_C_M,5031248
RA,Control06_1_C_M,5031492
RA,Control06_1_C_M,5031545
RA,Control06_1_C_M,5032047
RA,Control06_1_C_M,5032192
RA,Control06_1_C_M,5032498
RA,Control06_1_C_M,5032762
RA,Control06_1_C_M,5032924
RA,Control06_1_C_M,5033064
RA,Control06_1_C_M,5033291
RA,Control06_1_C_M,5033294
RA,Control06_1_C_M,5033587
RA,Control06_1_C_M,5034001
RA,Control06_1_C_M,5034639
RA,Control06_1_C_M,5034682
RA,Control06_1_C_M,5034846
RA,Control06_1_C_M,5035262
RA,Control06_1_C_M,5035605
RA,Control06_1_C_M,5035969
RA,Control06_1_C_M,5036130
RA,Control06_1_C_M,5036412
RA,Control06_1_C_M,5036448
RA,Control06_1_C_M,5036463
RA,Control06_1_C_M,5036770
RA,Control06_1_C_M,5037079
RA,Control06_1_C_M,5037093
RA,Control06_1_C_M,5037171
RA,Control06_1_C_M,5037405
RA,Control06_1_C_M,5037841
RA,Control06_1_C_M,5038248
RA,Control06_1_C_M,5038315
RA,Control06_1_C_M,5038522
RA,Control06_1_C_M,5038547
RA,Control06_1_C_M,5038567
RA,Control06_1_C_M,5038642
RA,Control06_1_C_M,5038879
RA,Control06_1_C_M,5038985
RA,Control06_1_C_M,5039807
RA,Control06_1_C_M,5040280
RA,Control06_1_C_M,5040983
RA,Control06_1_C_M,5041111
RA,Control06_1_C_M,5041947
RA,Control06_1_C_M,5042150
RA,Control06_1_C_M,5042597
RA,Control06_1_C_M,5043255
RA,Control06_1_C_M,5043639
RA,Control06_1_C_M,5043724
RA,Control06_1_C_M,5043980
RA,Control06_1_C_M,5044275
RA,Control06_1_C_M,5044362
RA,Control06_1_C_M,5044707
RA,Control06_1_C_M,5044977
RA,Control06_1_C_M,5045180
RA,Control06_1_C_M,5045663
RA,Control06_1_C_M,5046030
RA,Control06_1_C_M,5046069
RA,Control06_1_C_M,5046074
RA,Control06_1_C_M,5046376
RA,Control06_1_C_M,5046424
RA,Control06_1_C_M,5046823
RA,Control06_1_C_M,5047117
RA,Control06_1_C_M,5047323
RA,Control06_1_C_M,5047554
RA,Control06_1_C_M,5047788
RA,Control06_1_C_M,5047826
RA,Control06_1_C_M,5047828
RA,Control06_1_C_M,5047894
RA,Control06_1_C_M,5048045
RA,Control06_1_C_M,5048678
RA,Control06_1_C_M,5048881
RA,Control06_1_C_M,5049150
RA,Control06_1_C_M,5049182
RA,Control06_1_C_M,5049594
RA,Control06_1_C_M,5050188
RA,Control06_1_C_M,5050193
RA,Control06_1_C_M,5050308
RA,Control06_1_C_M,5050488
RA,Control06_1_C_M,5050681
RA,Control06_1_C_M,5050742
RA,Control06_1_C_M,5050770
RA,Control06_1_C_M,5051004
RA,Control06_1_C_M,5051083
RA,Control06_1_C_M,5051314
RA,Control06_1_C_M,5051323
RA,Control06_1_C_M,5051535
RA,Control06_1_C_M,5051575
RA,Control06_1_C_M,5051581
RA,Control06_1_C_M,5052076
RA,Control06_1_C_M,5052315
RA,Control06_1_C_M,5052369
RA,Control06_1_C_M,5052781
RA,Control06_1_C_M,5052951
RA,Control06_1_C_M,5053088
RA,Control06_1_C_M,5053353
RA,Control06_1_C_M,5053528
RA,Control06_1_C_M,5054338
RA,Control06_1_C_M,5054564
RA,Control06_1_C_M,5054565
RA,Control06_1_C_M,5054610
RA,Control06_1_C_M,5054772
RA,Control06_1_C_M,5054951
RA,Control06_1_C_M,5055057
RA,Control06_1_C_M,5055430
RA,Control06_1_C_M,5055439
RA,Control06_1_C_M,5055513
RA,Control06_1_C_M,5055608
RA,Control06_1_C_M,5055640
RA,Control06_1_C_M,5055740
RA,Control06_1_C_M,5055965
RA,Control06_1_C_M,5055990
RA,Control06_1_C_M,5056545
RA,Control06_1_C_M,5056671
RA,Control06_1_C_M,5056795
RA,Control06_1_C_M,5056851
RA,Control06_1_C_M,5056949
RA,Control06_1_C_M,5057148
RA,Control06_1_C_M,5057175
RA,Control06_1_C_M,5057253
RA,Control06_1_C_M,5057367
RA,Control06_1_C_M,5057443
RA,Control06_1_C_M,5057570
RA,Control06_1_C_M,5057575
RA,Control06_1_C_M,5057690
RA,Control06_1_C_M,5057728
RA,Control06_1_C_M,5057769
RA,Control06_1_C_M,5057805
RA,Control06_1_C_M,5057863
RA,Control06_1_C_M,5057906
RA,Control06_1_C_M,5057923
RA,Control06_1_C_M,5058189
RA,Control06_1_C_M,5058228
RA,Control06_1_C_M,5058527
RA,Control06_1_C_M,5058758
RA,Control06_1_C_M,5058855
RA,Control06_1_C_M,5058869
RA,Control06_1_C_M,5058952
RA,Control06_1_C_M,5059239
RA,Control06_1_C_M,5059286
RA,Control06_1_C_M,5059392
RA,Control06_1_C_M,5060021
RA,Control06_1_C_M,5060074
RA,Control06_1_C_M,5060236
RA,Control06_1_C_M,5060586
RA,Control06_1_C_M,5060595
RA,Control06_1_C_M,5060883
RA,Control06_1_C_M,5061042
RA,Control06_1_C_M,5061424
RA,Control06_1_C_M,5061636
RA,Control06_1_C_M,5061791
RA,Control06_1_C_M,5061879
RA,Control06_1_C_M,5061910
RA,Control06_1_C_M,5062068
RA,Control06_1_C_M,5062591
RA,Control06_1_C_M,5062691
RA,Control06_1_C_M,5062798
RA,Control06_1_C_M,5062942
RA,Control06_1_C_M,5062956
RA,Control06_1_C_M,5063090
RA,Control06_1_C_M,5063171
RA,Control06_1_C_M,5063359
RA,Control06_1_C_M,5063722
RA,Control06_1_C_M,5063789
RA,Control06_1_C_M,5063892
RA,Control06_1_C_M,5064013
RA,Control06_1_C_M,5064644
RA,Control06_1_C_M,5064663
RA,Control06_1_C_M,5064962
RA,Control06_1_C_M,5065488
RA,Control06_1_C_M,5065700
RA,Control06_1_C_M,5066582
RA,Control06_1_C_M,5066648
RA,Control06_1_C_M,5066823
RA,Control06_1_C_M,5066836
RA,Control06_1_C_M,5066927
RA,Control06_1_C_M,5067067
RA,Control06_1_C_M,5067120
RA,Control06_1_C_M,5067309
RA,Control06_1_C_M,5067319
RA,Control06_1_C_M,5067406
RA,Control06_1_C_M,5067719
RA,Control06_1_C_M,5068005
RA,Control06_1_C_M,5068115
RA,Control06_1_C_M,5068184
RA,Control06_1_C_M,5068329
RA,Control06_1_C_M,5068499
RA,Control06_1_C_M,5068635
RA,Control06_1_C_M,5068870
RA,Control06_1_C_M,5068897
RA,Control06_1_C_M,5069116
RA,Control06_1_C_M,5069575
RA,Control06_1_C_M,5069694
RA,Control06_1_C_M,5069867
RA,Control06_1_C_M,5069967
RA,Control06_1_C_M,5069972
RA,Control06_1_C_M,5069985
RA,Control06_1_C_M,5070460
RA,Control06_1_C_M,5070711
RA,Control06_1_C_M,5070713
RA,Control06_1_C_M,5070763
RA,Control06_1_C_M,5070844
RA,Control06_1_C_M,5070960
RA,Control06_1_C_M,5071032
RA,Control06_1_C_M,5071343
RA,Control06_1_C_M,5071359
RA,Control06_1_C_M,5071415
RA,Control06_1_C_M,5071478
RA,Control06_1_C_M,5071496
RA,Control06_1_C_M,5071552
RA,Control06_1_C_M,5071760
RA,Control06_1_C_M,5071931
RA,Control06_1_C_M,5072114
RA,Control06_1_C_M,5072188
RA,Control06_1_C_M,5072217
RA,Control06_1_C_M,5072301
RA,Control06_1_C_M,5072312
RA,Control06_1_C_M,5072371
RA,Control06_1_C_M,5072414
RA,Control06_1_C_M,5072628
RA,Control06_1_C_M,5072666
RA,Control06_1_C_M,5072719
RA,Control06_1_C_M,5072900
RA,Control06_1_C_M,5073040
RA,Control06_1_C_M,5073086
RA,Control06_1_C_M,5073094
RA,Control06_1_C_M,5073292
RA,Control06_1_C_M,5073726
RA,Control06_1_C_M,5073915
RA,Control06_1_C_M,5073937
RA,Control06_1_C_M,5074041
RA,Control06_1_C_M,5074358
RA,Control06_1_C_M,5074446
RA,Control06_1_C_M,5074721
RA,Control06_1_C_M,5074793
RA,Control06_1_C_M,5075118
RA,Control06_1_C_M,5075145
RA,Control06_1_C_M,5075212
RA,Control06_1_C_M,5075472
RA,Control06_1_C_M,5075517
RA,Control06_1_C_M,5075531
RA,Control06_1_C_M,5075538
RA,Control06_1_C_M,5075560
RA,Control06_1_C_M,5075595
RA,Control06_1_C_M,5075653
RA,Control06_1_C_M,5075708
RA,Control06_1_C_M,5075724
RA,Control06_1_C_M,5075824
RA,Control06_1_C_M,5075857
RA,Control06_1_C_M,5075875
RA,Control06_1_C_M,5075931
RA,Control06_1_C_M,5075937
RA,Control06_1_C_M,5075957
RA,Control06_1_C_M,5076003
RA,Control06_1_C_M,5076051
RA,Control06_1_C_M,5076209
RA,Control06_1_C_M,5076323
RA,Control06_1_C_M,5076341
RA,Control06_1_C_M,5076482
RA,Control06_1_C_M,5076640
RA,Control06_1_C_M,5076905
RA,Control06_1_C_M,5077104
RA,Control06_1_C_M,5077304
RA,Control06_1_C_M,5077612
RA,Control06_1_C_M,5077814
RA,Control06_1_C_M,5077868
RA,Control06_1_C_M,5077878
RA,Control06_1_C_M,5078287
RA,Control06_1_C_M,5078487
RA,Control06_1_C_M,5078500
RA,Control06_1_C_M,5078673
RA,Control06_1_C_M,5078728
RA,Control06_1_C_M,5079259
RA,Control06_1_C_M,5079291
RA,Control06_1_C_M,5079323
RA,Control06_1_C_M,5079550
RA,Control06_1_C_M,5079576
RA,Control06_1_C_M,5079716
RA,Control06_1_C_M,5079731
RA,Control06_1_C_M,5079787
RA,Control06_1_C_M,5079879
RA,Control06_1_C_M,5079937
RA,Control06_1_C_M,5079965
RA,Control06_1_C_M,5080015
RA,Control06_1_C_M,5080028
RA,Control06_1_C_M,5080274
RA,Control06_1_C_M,5080318
RA,Control06_1_C_M,5080472
RA,Control06_1_C_M,5080706
RA,Control06_1_C_M,5080796
RA,Control06_1_C_M,5080876
RA,Control06_1_C_M,5080884
RA,Control06_1_C_M,5080896
RA,Control06_1_C_M,5080961
RA,Control06_1_C_M,5081023
RA,Control06_1_C_M,5081351
RA,Control06_1_C_M,5081552
RA,Control06_1_C_M,5081584
RA,Control06_1_C_M,5081827
RA,Control06_1_C_M,5081882
RA,Control06_1_C_M,5081929
RA,Control06_1_C_M,5082093
RA,Control06_1_C_M,5082215
RA,Control06_1_C_M,5082228
RA,Control06_1_C_M,5082285
RA,Control06_1_C_M,5082292
RA,Control06_1_C_M,5082356
RA,Control06_1_C_M,5082602
RA,Control06_1_C_M,5082749
RA,Control06_1_C_M,5083070
RA,Control06_1_C_M,5083170
RA,Control06_1_C_M,5083183
RA,Control06_1_C_M,5083372
RA,Control06_1_C_M,5083537
RA,Control06_1_C_M,5083559
RA,Control06_1_C_M,5083802
RA,Control06_1_C_M,5083823
RA,Control06_1_C_M,5083930
RA,Control06_1_C_M,5084248
RA,Control06_1_C_M,5084251
RA,Control06_1_C_M,5084705
RA,Control06_1_C_M,5084764
RA,Control06_1_C_M,5084795
RA,Control06_1_C_M,5085514
RA,Control06_1_C_M,5085554
RA,Control06_1_C_M,5085723
RA,Control06_1_C_M,5086013
RA,Control06_1_C_M,5086049
RA,Control06_1_C_M,5086255
RA,Control06_1_C_M,5086804
RA,Control06_1_C_M,5086977
RA,Control06_1_C_M,5087105
RA,Control06_1_C_M,5087118
RA,Control06_1_C_M,5087325
RA,Control06_1_C_M,5087397
RA,Control06_1_C_M,5087465
RA,Control06_1_C_M,5087528
RA,Control06_1_C_M,5087549
RA,Control06_1_C_M,5087745
RA,Control06_1_C_M,5087823
RA,Control06_1_C_M,5088112
RA,Control06_1_C_M,5088163
RA,Control06_1_C_M,5088245
RA,Control06_1_C_M,5088251
RA,Control06_1_C_M,5088318
RA,Control06_1_C_M,5088434
RA,Control06_1_C_M,5088716
RA,Control06_1_C_M,5088758
RA,Control06_1_C_M,5088786
RA,Control06_1_C_M,5089006
RA,Control06_1_C_M,5089041
RA,Control06_1_C_M,5089314
RA,Control06_1_C_M,5089337
RA,Control06_1_C_M,5089471
RA,Control06_1_C_M,5089553
RA,Control06_1_C_M,5089703
RA,Control06_1_C_M,5089820
RA,Control06_1_C_M,5089929
RA,Control06_1_C_M,5090032
RA,Control06_1_C_M,5090370
RA,Control06_1_C_M,5090477
RA,Control06_1_C_M,5090533
RA,Control06_1_C_M,5090558
RA,Control06_1_C_M,5090626
RA,Control06_1_C_M,5090795
RA,Control06_1_C_M,5090907
RA,Control06_1_C_M,5090944
RA,Control06_1_C_M,5091032
RA,Control06_1_C_M,5091040
RA,Control06_1_C_M,5091078
RA,Control06_1_C_M,5091320
RA,Control06_1_C_M,5091336
RA,Control06_1_C_M,5091388
RA,Control06_1_C_M,5091596
RA,Control06_1_C_M,5091603
RA,Control06_1_C_M,5091697
RA,Control06_1_C_M,5091761
RA,Control06_1_C_M,5091850
RA,Control06_1_C_M,5091853
RA,Control06_1_C_M,5091946
RA,Control06_1_C_M,5091953
RA,Control06_1_C_M,5092270
RA,Control06_1_C_M,5092495
RA,Control06_1_C_M,5092526
RA,Control06_1_C_M,5092741
RA,Control06_1_C_M,5092759
RA,Control06_1_C_M,5092870
RA,Control06_1_C_M,5092893
RA,Control06_1_C_M,5092929
RA,Control06_1_C_M,5092947
RA,Control06_1_C_M,5093023
RA,Control06_1_C_M,5093276
RA,Control06_1_C_M,5093285
RA,Control06_1_C_M,5093345
RA,Control06_1_C_M,5093778
RA,Control06_1_C_M,5094015
RA,Control06_1_C_M,5094072
RA,Control06_1_C_M,5094237
RA,Control06_1_C_M,5094682
RA,Control06_1_C_M,5094704
RA,Control06_1_C_M,5094801
RA,Control06_1_C_M,5094955
RA,Control06_1_C_M,5094977
RA,Control06_1_C_M,5095004
RA,Control06_1_C_M,5095403
RA,Control06_1_C_M,5095974
RA,Control06_1_C_M,5005872
RA,Control06_1_C_M,5006544
RA,Control06_1_C_M,5027869
RA,Control06_1_C_M,5046540
RA,Control06_1_C_M,5047107
RA,Control06_1_C_M,5056365
RA,Control06_1_C_M,5057841
RA,Control06_1_C_M,5059150
RA,Control06_1_C_M,5067193
RA,Control06_1_C_M,5071206
RA,Control06_1_C_M,5074714
RA,Control06_1_C_M,5085372
RA,Control06_1_C_M,5088637
RA,Control06_1_C_M,5092193
RA,Control06_1_C_M,5093270
RA,Control06_1_C_M,5093489
RA,Control06_1_C_M,5095868
RA,Control06_1_C_M,4992016
RA,Control06_1_C_M,5017238
RA,Control06_1_C_M,5017706
RA,Control06_1_C_M,5032855
RA,Control06_1_C_M,5043305
RA,Control06_1_C_M,5044382
RA,Control06_1_C_M,5044795
RA,Control06_1_C_M,5051561
RA,Control06_1_C_M,5066618
RA,Control06_1_C_M,5085012
RA,Control06_1_C_M,5089473
RA,Control06_1_C_M,5090956
RA,Control06_1_C_M,5092581
RA,Control06_1_C_M,5093542
RA,Control06_1_C_M,5094007
RA,Control06_1_C_M,5095043
RA,Control06_1_C_M,5095357
RA,Control06_1_C_M,5003303
RA,Control06_1_C_M,5005011
RA,Control06_1_C_M,5007143
RA,Control06_1_C_M,5021538
RA,Control06_1_C_M,5024190
RA,Control06_1_C_M,5028584
RA,Control06_1_C_M,5030678
RA,Control06_1_C_M,5041292
RA,Control06_1_C_M,5044008
RA,Control06_1_C_M,5048263
RA,Control06_1_C_M,5052324
RA,Control06_1_C_M,5063416
RA,Control06_1_C_M,5063584
RA,Control06_1_C_M,5065300
RA,Control06_1_C_M,5077761
RA,Control06_1_C_M,5084927
RA,Control06_1_C_M,5085225
RA,Control06_1_C_M,5085599
RA,Control06_1_C_M,5095303
RA,Control06_1_C_M,5010007
RA,Control06_1_C_M,5068927
RA,Control06_1_C_M,5073471
RA,Control06_1_C_M,5081724
RA,Control06_1_C_M,5086031
RA,Control06_1_C_M,5093417
RA,Control06_1_C_M,5093843
RA,Control07_1_C_F,4987360
RA,Control07_1_C_F,4987813
RA,Control07_1_C_F,4987973
RA,Control07_1_C_F,4987987
RA,Control07_1_C_F,4988246
RA,Control07_1_C_F,4988256
RA,Control07_1_C_F,4988559
RA,Control07_1_C_F,4988645
RA,Control07_1_C_F,4988928
RA,Control07_1_C_F,4989377
RA,Control07_1_C_F,4989573
RA,Control07_1_C_F,4989973
RA,Control07_1_C_F,4990060
RA,Control07_1_C_F,4990115
RA,Control07_1_C_F,4990367
RA,Control07_1_C_F,4990467
RA,Control07_1_C_F,4990569
RA,Control07_1_C_F,4990575
RA,Control07_1_C_F,4990763
RA,Control07_1_C_F,4990803
RA,Control07_1_C_F,4991217
RA,Control07_1_C_F,4991512
RA,Control07_1_C_F,4991730
RA,Control07_1_C_F,4991764
RA,Control07_1_C_F,4992076
RA,Control07_1_C_F,4992142
RA,Control07_1_C_F,4992491
RA,Control07_1_C_F,4993353
RA,Control07_1_C_F,4994070
RA,Control07_1_C_F,4994080
RA,Control07_1_C_F,4994746
RA,Control07_1_C_F,4994873
RA,Control07_1_C_F,4995083
RA,Control07_1_C_F,4995128
RA,Control07_1_C_F,4995188
RA,Control07_1_C_F,4995332
RA,Control07_1_C_F,4995391
RA,Control07_1_C_F,4995551
RA,Control07_1_C_F,4995608
RA,Control07_1_C_F,4996110
RA,Control07_1_C_F,4996469
RA,Control07_1_C_F,4996919
RA,Control07_1_C_F,4997207
RA,Control07_1_C_F,4997462
RA,Control07_1_C_F,4997463
RA,Control07_1_C_F,4997531
RA,Control07_1_C_F,4997560
RA,Control07_1_C_F,4997962
RA,Control07_1_C_F,4997963
RA,Control07_1_C_F,4998029
RA,Control07_1_C_F,4998040
RA,Control07_1_C_F,4998432
RA,Control07_1_C_F,4998951
RA,Control07_1_C_F,4999088
RA,Control07_1_C_F,4999305
RA,Control07_1_C_F,4999372
RA,Control07_1_C_F,4999560
RA,Control07_1_C_F,4999649
RA,Control07_1_C_F,4999681
RA,Control07_1_C_F,4999736
RA,Control07_1_C_F,4999774
RA,Control07_1_C_F,4999959
RA,Control07_1_C_F,5000116
RA,Control07_1_C_F,5000380
RA,Control07_1_C_F,5000695
RA,Control07_1_C_F,5000711
RA,Control07_1_C_F,5001009
RA,Control07_1_C_F,5001371
RA,Control07_1_C_F,5001738
RA,Control07_1_C_F,5001821
RA,Control07_1_C_F,5001868
RA,Control07_1_C_F,5001924
RA,Control07_1_C_F,5002045
RA,Control07_1_C_F,5002161
RA,Control07_1_C_F,5002194
RA,Control07_1_C_F,5002436
RA,Control07_1_C_F,5002491
RA,Control07_1_C_F,5002807
RA,Control07_1_C_F,5003455
RA,Control07_1_C_F,5003730
RA,Control07_1_C_F,5003735
RA,Control07_1_C_F,5004434
RA,Control07_1_C_F,5004558
RA,Control07_1_C_F,5004927
RA,Control07_1_C_F,5005202
RA,Control07_1_C_F,5005359
RA,Control07_1_C_F,5005554
RA,Control07_1_C_F,5005668
RA,Control07_1_C_F,5006063
RA,Control07_1_C_F,5006241
RA,Control07_1_C_F,5006524
RA,Control07_1_C_F,5006908
RA,Control07_1_C_F,5007092
RA,Control07_1_C_F,5007219
RA,Control07_1_C_F,5007650
RA,Control07_1_C_F,5007662
RA,Control07_1_C_F,5008060
RA,Control07_1_C_F,5008231
RA,Control07_1_C_F,5008262
RA,Control07_1_C_F,5008303
RA,Control07_1_C_F,5008534
RA,Control07_1_C_F,5008693
RA,Control07_1_C_F,5008729
RA,Control07_1_C_F,5008922
RA,Control07_1_C_F,5009064
RA,Control07_1_C_F,5009440
RA,Control07_1_C_F,5009522
RA,Control07_1_C_F,5009988
RA,Control07_1_C_F,5009994
RA,Control07_1_C_F,5010131
RA,Control07_1_C_F,5010177
RA,Control07_1_C_F,5010265
RA,Control07_1_C_F,5010410
RA,Control07_1_C_F,5010959
RA,Control07_1_C_F,5011102
RA,Control07_1_C_F,5011333
RA,Control07_1_C_F,5011779
RA,Control07_1_C_F,5012291
RA,Control07_1_C_F,5012312
RA,Control07_1_C_F,5012889
RA,Control07_1_C_F,5013109
RA,Control07_1_C_F,5013259
RA,Control07_1_C_F,5013381
RA,Control07_1_C_F,5013438
RA,Control07_1_C_F,5013965
RA,Control07_1_C_F,5014203
RA,Control07_1_C_F,5014480
RA,Control07_1_C_F,5014730
RA,Control07_1_C_F,5014857
RA,Control07_1_C_F,5014876
RA,Control07_1_C_F,5014974
RA,Control07_1_C_F,5014998
RA,Control07_1_C_F,5015175
RA,Control07_1_C_F,5015210
RA,Control07_1_C_F,5015460
RA,Control07_1_C_F,5015464
RA,Control07_1_C_F,5015599
RA,Control07_1_C_F,5015856
RA,Control07_1_C_F,5015997
RA,Control07_1_C_F,5016107
RA,Control07_1_C_F,5016128
RA,Control07_1_C_F,5016308
RA,Control07_1_C_F,5016418
RA,Control07_1_C_F,5017016
RA,Control07_1_C_F,5017062
RA,Control07_1_C_F,5017091
RA,Control07_1_C_F,5017316
RA,Control07_1_C_F,5017417
RA,Control07_1_C_F,5018075
RA,Control07_1_C_F,5018095
RA,Control07_1_C_F,5018304
RA,Control07_1_C_F,5018504
RA,Control07_1_C_F,5018559
RA,Control07_1_C_F,5018737
RA,Control07_1_C_F,5019050
RA,Control07_1_C_F,5019085
RA,Control07_1_C_F,5019152
RA,Control07_1_C_F,5019185
RA,Control07_1_C_F,5019429
RA,Control07_1_C_F,5019594
RA,Control07_1_C_F,5019836
RA,Control07_1_C_F,5020003
RA,Control07_1_C_F,5020253
RA,Control07_1_C_F,5020317
RA,Control07_1_C_F,5020652
RA,Control07_1_C_F,5020791
RA,Control07_1_C_F,5020953
RA,Control07_1_C_F,5021264
RA,Control07_1_C_F,5021543
RA,Control07_1_C_F,5021870
RA,Control07_1_C_F,5021969
RA,Control07_1_C_F,5022159
RA,Control07_1_C_F,5022429
RA,Control07_1_C_F,5022447
RA,Control07_1_C_F,5022533
RA,Control07_1_C_F,5022827
RA,Control07_1_C_F,5022933
RA,Control07_1_C_F,5022990
RA,Control07_1_C_F,5023022
RA,Control07_1_C_F,5023289
RA,Control07_1_C_F,5023312
RA,Control07_1_C_F,5023542
RA,Control07_1_C_F,5023603
RA,Control07_1_C_F,5023998
RA,Control07_1_C_F,5024039
RA,Control07_1_C_F,5024144
RA,Control07_1_C_F,5024162
RA,Control07_1_C_F,5024335
RA,Control07_1_C_F,5024481
RA,Control07_1_C_F,5024583
RA,Control07_1_C_F,5024867
RA,Control07_1_C_F,5025259
RA,Control07_1_C_F,5025261
RA,Control07_1_C_F,5025518
RA,Control07_1_C_F,5025902
RA,Control07_1_C_F,5025980
RA,Control07_1_C_F,5026512
RA,Control07_1_C_F,5026528
RA,Control07_1_C_F,5026709
RA,Control07_1_C_F,5026874
RA,Control07_1_C_F,5026904
RA,Control07_1_C_F,5026961
RA,Control07_1_C_F,5027607
RA,Control07_1_C_F,5027785
RA,Control07_1_C_F,5027878
RA,Control07_1_C_F,5028097
RA,Control07_1_C_F,5028111
RA,Control07_1_C_F,5028120
RA,Control07_1_C_F,5028391
RA,Control07_1_C_F,5028647
RA,Control07_1_C_F,5028741
RA,Control07_1_C_F,5028770
RA,Control07_1_C_F,5028873
RA,Control07_1_C_F,5029031
RA,Control07_1_C_F,5029527
RA,Control07_1_C_F,5029619
RA,Control07_1_C_F,5029943
RA,Control07_1_C_F,5030256
RA,Control07_1_C_F,5030337
RA,Control07_1_C_F,5030389
RA,Control07_1_C_F,5030707
RA,Control07_1_C_F,5031153
RA,Control07_1_C_F,5031335
RA,Control07_1_C_F,5031386
RA,Control07_1_C_F,5031651
RA,Control07_1_C_F,5032640
RA,Control07_1_C_F,5032649
RA,Control07_1_C_F,5032773
RA,Control07_1_C_F,5033459
RA,Control07_1_C_F,5033484
RA,Control07_1_C_F,5033543
RA,Control07_1_C_F,5033619
RA,Control07_1_C_F,5033909
RA,Control07_1_C_F,5033989
RA,Control07_1_C_F,5034031
RA,Control07_1_C_F,5034278
RA,Control07_1_C_F,5034940
RA,Control07_1_C_F,5035024
RA,Control07_1_C_F,5035075
RA,Control07_1_C_F,5035106
RA,Control07_1_C_F,5035325
RA,Control07_1_C_F,5035458
RA,Control07_1_C_F,5035585
RA,Control07_1_C_F,5035726
RA,Control07_1_C_F,5036184
RA,Control07_1_C_F,5036360
RA,Control07_1_C_F,5036411
RA,Control07_1_C_F,5036721
RA,Control07_1_C_F,5036953
RA,Control07_1_C_F,5037161
RA,Control07_1_C_F,5037527
RA,Control07_1_C_F,5037529
RA,Control07_1_C_F,5037935
RA,Control07_1_C_F,5038075
RA,Control07_1_C_F,5038129
RA,Control07_1_C_F,5038340
RA,Control07_1_C_F,5038459
RA,Control07_1_C_F,5038783
RA,Control07_1_C_F,5038831
RA,Control07_1_C_F,5039238
RA,Control07_1_C_F,5039759
RA,Control07_1_C_F,5039760
RA,Control07_1_C_F,5039926
RA,Control07_1_C_F,5040016
RA,Control07_1_C_F,5040045
RA,Control07_1_C_F,5040123
RA,Control07_1_C_F,5040292
RA,Control07_1_C_F,5040319
RA,Control07_1_C_F,5040357
RA,Control07_1_C_F,5040667
RA,Control07_1_C_F,5040807
RA,Control07_1_C_F,5040877
RA,Control07_1_C_F,5041223
RA,Control07_1_C_F,5041389
RA,Control07_1_C_F,5041421
RA,Control07_1_C_F,5041608
RA,Control07_1_C_F,5041760
RA,Control07_1_C_F,5041995
RA,Control07_1_C_F,5042142
RA,Control07_1_C_F,5042331
RA,Control07_1_C_F,5042405
RA,Control07_1_C_F,5042636
RA,Control07_1_C_F,5042690
RA,Control07_1_C_F,5042722
RA,Control07_1_C_F,5042819
RA,Control07_1_C_F,5042955
RA,Control07_1_C_F,5043067
RA,Control07_1_C_F,5043295
RA,Control07_1_C_F,5043301
RA,Control07_1_C_F,5043416
RA,Control07_1_C_F,5043435
RA,Control07_1_C_F,5043828
RA,Control07_1_C_F,5043989
RA,Control07_1_C_F,5044125
RA,Control07_1_C_F,5044899
RA,Control07_1_C_F,5045465
RA,Control07_1_C_F,5045517
RA,Control07_1_C_F,5045545
RA,Control07_1_C_F,5045584
RA,Control07_1_C_F,5045590
RA,Control07_1_C_F,5045597
RA,Control07_1_C_F,5045610
RA,Control07_1_C_F,5045655
RA,Control07_1_C_F,5045817
RA,Control07_1_C_F,5045879
RA,Control07_1_C_F,5046132
RA,Control07_1_C_F,5046210
RA,Control07_1_C_F,5046463
RA,Control07_1_C_F,5046780
RA,Control07_1_C_F,5046955
RA,Control07_1_C_F,5046960
RA,Control07_1_C_F,5046963
RA,Control07_1_C_F,5047100
RA,Control07_1_C_F,5047101
RA,Control07_1_C_F,5047201
RA,Control07_1_C_F,5047471
RA,Control07_1_C_F,5048083
RA,Control07_1_C_F,5048127
RA,Control07_1_C_F,5048411
RA,Control07_1_C_F,5048530
RA,Control07_1_C_F,5048555
RA,Control07_1_C_F,5048578
RA,Control07_1_C_F,5048618
RA,Control07_1_C_F,5049210
RA,Control07_1_C_F,5049271
RA,Control07_1_C_F,5049282
RA,Control07_1_C_F,5049402
RA,Control07_1_C_F,5049457
RA,Control07_1_C_F,5049574
RA,Control07_1_C_F,5049661
RA,Control07_1_C_F,5049753
RA,Control07_1_C_F,5049822
RA,Control07_1_C_F,5049847
RA,Control07_1_C_F,5049938
RA,Control07_1_C_F,5050010
RA,Control07_1_C_F,5050141
RA,Control07_1_C_F,5050213
RA,Control07_1_C_F,5050271
RA,Control07_1_C_F,5050289
RA,Control07_1_C_F,5050542
RA,Control07_1_C_F,5051163
RA,Control07_1_C_F,5051554
RA,Control07_1_C_F,5051618
RA,Control07_1_C_F,5051791
RA,Control07_1_C_F,5052085
RA,Control07_1_C_F,5052328
RA,Control07_1_C_F,5052478
RA,Control07_1_C_F,5052658
RA,Control07_1_C_F,5052725
RA,Control07_1_C_F,5052863
RA,Control07_1_C_F,5052865
RA,Control07_1_C_F,5052892
RA,Control07_1_C_F,5052898
RA,Control07_1_C_F,5053116
RA,Control07_1_C_F,5053347
RA,Control07_1_C_F,5053503
RA,Control07_1_C_F,5053609
RA,Control07_1_C_F,5053717
RA,Control07_1_C_F,5053727
RA,Control07_1_C_F,5053772
RA,Control07_1_C_F,5053926
RA,Control07_1_C_F,5053961
RA,Control07_1_C_F,5054201
RA,Control07_1_C_F,5054279
RA,Control07_1_C_F,5054389
RA,Control07_1_C_F,5054588
RA,Control07_1_C_F,5054799
RA,Control07_1_C_F,5055125
RA,Control07_1_C_F,5055579
RA,Control07_1_C_F,5055616
RA,Control07_1_C_F,5055716
RA,Control07_1_C_F,5055877
RA,Control07_1_C_F,5055992
RA,Control07_1_C_F,5056001
RA,Control07_1_C_F,5056343
RA,Control07_1_C_F,5056427
RA,Control07_1_C_F,5056643
RA,Control07_1_C_F,5056662
RA,Control07_1_C_F,5057218
RA,Control07_1_C_F,5057227
RA,Control07_1_C_F,5057369
RA,Control07_1_C_F,5057879
RA,Control07_1_C_F,5057919
RA,Control07_1_C_F,5057982
RA,Control07_1_C_F,5058015
RA,Control07_1_C_F,5058032
RA,Control07_1_C_F,5058275
RA,Control07_1_C_F,5058522
RA,Control07_1_C_F,5058586
RA,Control07_1_C_F,5058637
RA,Control07_1_C_F,5058663
RA,Control07_1_C_F,5058821
RA,Control07_1_C_F,5058891
RA,Control07_1_C_F,5058894
RA,Control07_1_C_F,5059000
RA,Control07_1_C_F,5059038
RA,Control07_1_C_F,5059048
RA,Control07_1_C_F,5059256
RA,Control07_1_C_F,5059460
RA,Control07_1_C_F,5059599
RA,Control07_1_C_F,5059879
RA,Control07_1_C_F,5059919
RA,Control07_1_C_F,5060114
RA,Control07_1_C_F,5060793
RA,Control07_1_C_F,5060833
RA,Control07_1_C_F,5061075
RA,Control07_1_C_F,5061504
RA,Control07_1_C_F,5061930
RA,Control07_1_C_F,5063058
RA,Control07_1_C_F,5063163
RA,Control07_1_C_F,5063222
RA,Control07_1_C_F,5063422
RA,Control07_1_C_F,5063754
RA,Control07_1_C_F,5064037
RA,Control07_1_C_F,5064266
RA,Control07_1_C_F,5064301
RA,Control07_1_C_F,5064416
RA,Control07_1_C_F,5064973
RA,Control07_1_C_F,5064974
RA,Control07_1_C_F,5065201
RA,Control07_1_C_F,5065448
RA,Control07_1_C_F,5065561
RA,Control07_1_C_F,5065589
RA,Control07_1_C_F,5065768
RA,Control07_1_C_F,5065917
RA,Control07_1_C_F,5066022
RA,Control07_1_C_F,5066586
RA,Control07_1_C_F,5066743
RA,Control07_1_C_F,5066968
RA,Control07_1_C_F,5067009
RA,Control07_1_C_F,5067123
RA,Control07_1_C_F,5067328
RA,Control07_1_C_F,5067472
RA,Control07_1_C_F,5067832
RA,Control07_1_C_F,5068367
RA,Control07_1_C_F,5068526
RA,Control07_1_C_F,5068851
RA,Control07_1_C_F,5069057
RA,Control07_1_C_F,5069377
RA,Control07_1_C_F,5069495
RA,Control07_1_C_F,5069910
RA,Control07_1_C_F,5069978
RA,Control07_1_C_F,5070548
RA,Control07_1_C_F,5070636
RA,Control07_1_C_F,5070876
RA,Control07_1_C_F,5070979
RA,Control07_1_C_F,5071011
RA,Control07_1_C_F,5071038
RA,Control07_1_C_F,5071201
RA,Control07_1_C_F,5071311
RA,Control07_1_C_F,5071327
RA,Control07_1_C_F,5071742
RA,Control07_1_C_F,5071766
RA,Control07_1_C_F,5071800
RA,Control07_1_C_F,5071977
RA,Control07_1_C_F,5072032
RA,Control07_1_C_F,5072605
RA,Control07_1_C_F,5072758
RA,Control07_1_C_F,5073028
RA,Control07_1_C_F,5073109
RA,Control07_1_C_F,5073172
RA,Control07_1_C_F,5073262
RA,Control07_1_C_F,5073274
RA,Control07_1_C_F,5073412
RA,Control07_1_C_F,5073861
RA,Control07_1_C_F,5074075
RA,Control07_1_C_F,5074186
RA,Control07_1_C_F,5074492
RA,Control07_1_C_F,5074960
RA,Control07_1_C_F,5075270
RA,Control07_1_C_F,5075855
RA,Control07_1_C_F,5076125
RA,Control07_1_C_F,5076289
RA,Control07_1_C_F,5076296
RA,Control07_1_C_F,5076313
RA,Control07_1_C_F,5076322
RA,Control07_1_C_F,5076405
RA,Control07_1_C_F,5076589
RA,Control07_1_C_F,5076749
RA,Control07_1_C_F,5076778
RA,Control07_1_C_F,5076871
RA,Control07_1_C_F,5076873
RA,Control07_1_C_F,5077396
RA,Control07_1_C_F,5077651
RA,Control07_1_C_F,5077693
RA,Control07_1_C_F,5077882
RA,Control07_1_C_F,5077938
RA,Control07_1_C_F,5078042
RA,Control07_1_C_F,5078175
RA,Control07_1_C_F,5078247
RA,Control07_1_C_F,5078251
RA,Control07_1_C_F,5078268
RA,Control07_1_C_F,5078355
RA,Control07_1_C_F,5078463
RA,Control07_1_C_F,5078490
RA,Control07_1_C_F,5078593
RA,Control07_1_C_F,5078746
RA,Control07_1_C_F,5078914
RA,Control07_1_C_F,5078965
RA,Control07_1_C_F,5079205
RA,Control07_1_C_F,5079238
RA,Control07_1_C_F,5079242
RA,Control07_1_C_F,5079303
RA,Control07_1_C_F,5079641
RA,Control07_1_C_F,5079667
RA,Control07_1_C_F,5079699
RA,Control07_1_C_F,5079983
RA,Control07_1_C_F,5080125
RA,Control07_1_C_F,5080498
RA,Control07_1_C_F,5080544
RA,Control07_1_C_F,5080967
RA,Control07_1_C_F,5080987
RA,Control07_1_C_F,5081006
RA,Control07_1_C_F,5081221
RA,Control07_1_C_F,5081727
RA,Control07_1_C_F,5081978
RA,Control07_1_C_F,5082017
RA,Control07_1_C_F,5082234
RA,Control07_1_C_F,5082568
RA,Control07_1_C_F,5082884
RA,Control07_1_C_F,5083531
RA,Control07_1_C_F,5083539
RA,Control07_1_C_F,5083738
RA,Control07_1_C_F,5083898
RA,Control07_1_C_F,5083986
RA,Control07_1_C_F,5084159
RA,Control07_1_C_F,5084370
RA,Control07_1_C_F,5084500
RA,Control07_1_C_F,5085183
RA,Control07_1_C_F,5085307
RA,Control07_1_C_F,5086098
RA,Control07_1_C_F,5086129
RA,Control07_1_C_F,5086241
RA,Control07_1_C_F,5086297
RA,Control07_1_C_F,5086410
RA,Control07_1_C_F,5086419
RA,Control07_1_C_F,5086705
RA,Control07_1_C_F,5086748
RA,Control07_1_C_F,5086859
RA,Control07_1_C_F,5086932
RA,Control07_1_C_F,5087055
RA,Control07_1_C_F,5087155
RA,Control07_1_C_F,5087746
RA,Control07_1_C_F,5087898
RA,Control07_1_C_F,5087955
RA,Control07_1_C_F,5087979
RA,Control07_1_C_F,5088050
RA,Control07_1_C_F,5088186
RA,Control07_1_C_F,5088216
RA,Control07_1_C_F,5088313
RA,Control07_1_C_F,5088501
RA,Control07_1_C_F,5088984
RA,Control07_1_C_F,5089172
RA,Control07_1_C_F,5089274
RA,Control07_1_C_F,5089533
RA,Control07_1_C_F,5089571
RA,Control07_1_C_F,5089813
RA,Control07_1_C_F,5089931
RA,Control07_1_C_F,5090180
RA,Control07_1_C_F,5090268
RA,Control07_1_C_F,5090498
RA,Control07_1_C_F,5090524
RA,Control07_1_C_F,5090528
RA,Control07_1_C_F,5090742
RA,Control07_1_C_F,5090949
RA,Control07_1_C_F,5090973
RA,Control07_1_C_F,5091696
RA,Control07_1_C_F,5091698
RA,Control07_1_C_F,5091708
RA,Control07_1_C_F,5091886
RA,Control07_1_C_F,5092170
RA,Control07_1_C_F,5092171
RA,Control07_1_C_F,5092183
RA,Control07_1_C_F,5092312
RA,Control07_1_C_F,5092492
RA,Control07_1_C_F,5092582
RA,Control07_1_C_F,5092939
RA,Control07_1_C_F,5093069
RA,Control07_1_C_F,5093201
RA,Control07_1_C_F,5093303
RA,Control07_1_C_F,5093431
RA,Control07_1_C_F,5093716
RA,Control07_1_C_F,5093747
RA,Control07_1_C_F,5093806
RA,Control07_1_C_F,5094147
RA,Control07_1_C_F,5094154
RA,Control07_1_C_F,5094320
RA,Control07_1_C_F,5094348
RA,Control07_1_C_F,5094350
RA,Control07_1_C_F,5094352
RA,Control07_1_C_F,5094433
RA,Control07_1_C_F,5094851
RA,Control07_1_C_F,5094979
RA,Control07_1_C_F,5095020
RA,Control07_1_C_F,5095204
RA,Control07_1_C_F,5095266
RA,Control07_1_C_F,5095287
RA,Control07_1_C_F,5095359
RA,Control07_1_C_F,5095408
RA,Control07_1_C_F,5095461
RA,Control07_1_C_F,4987876
RA,Control07_1_C_F,4995357
RA,Control07_1_C_F,4998593
RA,Control07_1_C_F,5003146
RA,Control07_1_C_F,5004343
RA,Control07_1_C_F,5005276
RA,Control07_1_C_F,5007128
RA,Control07_1_C_F,5011101
RA,Control07_1_C_F,5011184
RA,Control07_1_C_F,5014340
RA,Control07_1_C_F,5016709
RA,Control07_1_C_F,5017495
RA,Control07_1_C_F,5034544
RA,Control07_1_C_F,5047149
RA,Control07_1_C_F,5049569
RA,Control07_1_C_F,5050248
RA,Control07_1_C_F,5058252
RA,Control07_1_C_F,5061726
RA,Control07_1_C_F,5068953
RA,Control07_1_C_F,5070955
RA,Control07_1_C_F,5074211
RA,Control07_1_C_F,5079207
RA,Control07_1_C_F,5080812
RA,Control07_1_C_F,5083076
RA,Control07_1_C_F,5084791
RA,Control07_1_C_F,5085686
RA,Control07_1_C_F,5086125
RA,Control07_1_C_F,5086647
RA,Control07_1_C_F,5087340
RA,Control07_1_C_F,5087371
RA,Control07_1_C_F,5088272
RA,Control07_1_C_F,5089166
RA,Control07_1_C_F,5090623
RA,Control07_1_C_F,5091188
RA,Control07_1_C_F,5091706
RA,Control07_1_C_F,5094054
RA,Control07_1_C_F,5094061
RA,Control07_1_C_F,5094181
RA,Control07_1_C_F,5094221
RA,Control07_1_C_F,5095785
RA,Control07_1_C_F,4989257
RA,Control07_1_C_F,4989782
RA,Control07_1_C_F,4990949
RA,Control07_1_C_F,4991696
RA,Control07_1_C_F,4991991
RA,Control07_1_C_F,4993216
RA,Control07_1_C_F,4993676
RA,Control07_1_C_F,4993999
RA,Control07_1_C_F,4994694
RA,Control07_1_C_F,4995281
RA,Control07_1_C_F,4996207
RA,Control07_1_C_F,4996258
RA,Control07_1_C_F,4996333
RA,Control07_1_C_F,4998928
RA,Control07_1_C_F,4999374
RA,Control07_1_C_F,4999436
RA,Control07_1_C_F,5000009
RA,Control07_1_C_F,5003207
RA,Control07_1_C_F,5004085
RA,Control07_1_C_F,5004316
RA,Control07_1_C_F,5004568
RA,Control07_1_C_F,5004655
RA,Control07_1_C_F,5006157
RA,Control07_1_C_F,5006393
RA,Control07_1_C_F,5006573
RA,Control07_1_C_F,5006676
RA,Control07_1_C_F,5007245
RA,Control07_1_C_F,5007289
RA,Control07_1_C_F,5009289
RA,Control07_1_C_F,5011524
RA,Control07_1_C_F,5015671
RA,Control07_1_C_F,5017578
RA,Control07_1_C_F,5019618
RA,Control07_1_C_F,5023615
RA,Control07_1_C_F,5026221
RA,Control07_1_C_F,5027095
RA,Control07_1_C_F,5027253
RA,Control07_1_C_F,5031084
RA,Control07_1_C_F,5032215
RA,Control07_1_C_F,5082172
RA,Control07_1_C_F,4994407
RA,Control07_1_C_F,4996701
RA,Control07_1_C_F,5002368
RA,Control07_1_C_F,5004701
RA,Control07_1_C_F,5006716
RA,Control07_1_C_F,5009776
RA,Control07_1_C_F,5010738
RA,Control07_1_C_F,5011265
RA,Control07_1_C_F,5014714
RA,Control07_1_C_F,5018625
RA,Control07_1_C_F,5037230
RA,Control07_1_C_F,5041692
RA,Control07_1_C_F,5044411
RA,Control07_1_C_F,5045340
RA,Control07_1_C_F,5049470
RA,Control07_1_C_F,5055164
RA,Control07_1_C_F,5055476
RA,Control07_1_C_F,5057337
RA,Control07_1_C_F,5058347
RA,Control07_1_C_F,5061024
RA,Control07_1_C_F,5065072
RA,Control07_1_C_F,5072809
RA,Control07_1_C_F,5073693
RA,Control07_1_C_F,5076393
RA,Control07_1_C_F,5076469
RA,Control07_1_C_F,5076740
RA,Control07_1_C_F,5081847
RA,Control07_1_C_F,5083276
RA,Control07_1_C_F,5084782
RA,Control07_1_C_F,5085013
RA,Control07_1_C_F,5085875
RA,Control07_1_C_F,5086888
RA,Control07_1_C_F,5087024
RA,Control07_1_C_F,5088213
RA,Control07_1_C_F,5088424
RA,Control07_1_C_F,5088573
RA,Control07_1_C_F,5089236
RA,Control07_1_C_F,5092912
RA,Control07_1_C_F,5093505
RA,Control07_1_C_F,5095192
RA,Control07_1_C_F,4987315
RA,Control07_1_C_F,4990567
RA,Control07_1_C_F,4992206
RA,Control07_1_C_F,4992243
RA,Control07_1_C_F,4994012
RA,Control07_1_C_F,4995056
RA,Control07_1_C_F,4995116
RA,Control07_1_C_F,5003225
RA,Control07_1_C_F,5009715
RA,Control07_1_C_F,5011914
RA,Control07_1_C_F,5015751
RA,Control07_1_C_F,5023922
RA,Control07_1_C_F,5038012
RA,Control07_1_C_F,5040554
RA,Control07_1_C_F,5051980
RA,Control07_1_C_F,5054865
RA,Control07_1_C_F,5055088
RA,Control07_1_C_F,5063614
RA,Control07_1_C_F,5072129
RA,Control07_1_C_F,5077021
RA,Control07_1_C_F,5079055
RA,Control07_1_C_F,5080169
RA,Control07_1_C_F,5080581
RA,Control07_1_C_F,5081308
RA,Control07_1_C_F,5083476
RA,Control07_1_C_F,5084422
RA,Control07_1_C_F,5085115
RA,Control07_1_C_F,5085499
RA,Control07_1_C_F,5086508
RA,Control07_1_C_F,5088548
RA,Control07_1_C_F,5089981
RA,Control07_1_C_F,5090395
RA,Control07_1_C_F,5090621
RA,Control07_1_C_F,5090964
RA,Control07_1_C_F,5091556
RA,Control07_1_C_F,5091955
RA,Control07_1_C_F,5093101
RA,Control07_1_C_F,5094631
RA,Control07_1_C_F,5095376
RA,Control07_1_C_F,5095559
RA,Control08_1_C_M,4987516
RA,Control08_1_C_M,4987669
RA,Control08_1_C_M,4987754
RA,Control08_1_C_M,4988358
RA,Control08_1_C_M,4988623
RA,Control08_1_C_M,4988844
RA,Control08_1_C_M,4988943
RA,Control08_1_C_M,4989156
RA,Control08_1_C_M,4989196
RA,Control08_1_C_M,4989198
RA,Control08_1_C_M,4989322
RA,Control08_1_C_M,4989411
RA,Control08_1_C_M,4989437
RA,Control08_1_C_M,4989580
RA,Control08_1_C_M,4989618
RA,Control08_1_C_M,4989666
RA,Control08_1_C_M,4989912
RA,Control08_1_C_M,4990041
RA,Control08_1_C_M,4990510
RA,Control08_1_C_M,4990668
RA,Control08_1_C_M,4990754
RA,Control08_1_C_M,4990992
RA,Control08_1_C_M,4991207
RA,Control08_1_C_M,4991693
RA,Control08_1_C_M,4991851
RA,Control08_1_C_M,4992025
RA,Control08_1_C_M,4992152
RA,Control08_1_C_M,4992562
RA,Control08_1_C_M,4992807
RA,Control08_1_C_M,4992853
RA,Control08_1_C_M,4992919
RA,Control08_1_C_M,4993197
RA,Control08_1_C_M,4993290
RA,Control08_1_C_M,4993845
RA,Control08_1_C_M,4994262
RA,Control08_1_C_M,4994750
RA,Control08_1_C_M,4994912
RA,Control08_1_C_M,4994955
RA,Control08_1_C_M,4995564
RA,Control08_1_C_M,4996012
RA,Control08_1_C_M,4996241
RA,Control08_1_C_M,4996389
RA,Control08_1_C_M,4996463
RA,Control08_1_C_M,4996588
RA,Control08_1_C_M,4996812
RA,Control08_1_C_M,4996856
RA,Control08_1_C_M,4996961
RA,Control08_1_C_M,4997604
RA,Control08_1_C_M,4998837
RA,Control08_1_C_M,4998938
RA,Control08_1_C_M,4999344
RA,Control08_1_C_M,4999449
RA,Control08_1_C_M,4999652
RA,Control08_1_C_M,5000379
RA,Control08_1_C_M,5000625
RA,Control08_1_C_M,5000725
RA,Control08_1_C_M,5000869
RA,Control08_1_C_M,5001081
RA,Control08_1_C_M,5001368
RA,Control08_1_C_M,5001775
RA,Control08_1_C_M,5002095
RA,Control08_1_C_M,5002419
RA,Control08_1_C_M,5002444
RA,Control08_1_C_M,5002458
RA,Control08_1_C_M,5002556
RA,Control08_1_C_M,5002985
RA,Control08_1_C_M,5003334
RA,Control08_1_C_M,5003875
RA,Control08_1_C_M,5003941
RA,Control08_1_C_M,5003987
RA,Control08_1_C_M,5004436
RA,Control08_1_C_M,5004955
RA,Control08_1_C_M,5005020
RA,Control08_1_C_M,5005056
RA,Control08_1_C_M,5005292
RA,Control08_1_C_M,5005590
RA,Control08_1_C_M,5006030
RA,Control08_1_C_M,5006395
RA,Control08_1_C_M,5006813
RA,Control08_1_C_M,5007140
RA,Control08_1_C_M,5009124
RA,Control08_1_C_M,5009475
RA,Control08_1_C_M,5009567
RA,Control08_1_C_M,5009884
RA,Control08_1_C_M,5010418
RA,Control08_1_C_M,5010587
RA,Control08_1_C_M,5010727
RA,Control08_1_C_M,5010753
RA,Control08_1_C_M,5010810
RA,Control08_1_C_M,5011380
RA,Control08_1_C_M,5011499
RA,Control08_1_C_M,5011514
RA,Control08_1_C_M,5011696
RA,Control08_1_C_M,5011792
RA,Control08_1_C_M,5011922
RA,Control08_1_C_M,5012353
RA,Control08_1_C_M,5012380
RA,Control08_1_C_M,5013019
RA,Control08_1_C_M,5013101
RA,Control08_1_C_M,5013197
RA,Control08_1_C_M,5013483
RA,Control08_1_C_M,5013496
RA,Control08_1_C_M,5014358
RA,Control08_1_C_M,5014457
RA,Control08_1_C_M,5014895
RA,Control08_1_C_M,5015113
RA,Control08_1_C_M,5015424
RA,Control08_1_C_M,5015569
RA,Control08_1_C_M,5015738
RA,Control08_1_C_M,5015828
RA,Control08_1_C_M,5015932
RA,Control08_1_C_M,5016096
RA,Control08_1_C_M,5016368
RA,Control08_1_C_M,5016514
RA,Control08_1_C_M,5016698
RA,Control08_1_C_M,5017043
RA,Control08_1_C_M,5017348
RA,Control08_1_C_M,5018046
RA,Control08_1_C_M,5018193
RA,Control08_1_C_M,5018209
RA,Control08_1_C_M,5018295
RA,Control08_1_C_M,5018354
RA,Control08_1_C_M,5018366
RA,Control08_1_C_M,5018438
RA,Control08_1_C_M,5018616
RA,Control08_1_C_M,5019086
RA,Control08_1_C_M,5019822
RA,Control08_1_C_M,5020729
RA,Control08_1_C_M,5021326
RA,Control08_1_C_M,5021459
RA,Control08_1_C_M,5021463
RA,Control08_1_C_M,5021662
RA,Control08_1_C_M,5021981
RA,Control08_1_C_M,5021991
RA,Control08_1_C_M,5022108
RA,Control08_1_C_M,5022612
RA,Control08_1_C_M,5022810
RA,Control08_1_C_M,5022925
RA,Control08_1_C_M,5023341
RA,Control08_1_C_M,5023905
RA,Control08_1_C_M,5024413
RA,Control08_1_C_M,5025194
RA,Control08_1_C_M,5025636
RA,Control08_1_C_M,5025761
RA,Control08_1_C_M,5025806
RA,Control08_1_C_M,5025859
RA,Control08_1_C_M,5026008
RA,Control08_1_C_M,5026137
RA,Control08_1_C_M,5026326
RA,Control08_1_C_M,5026808
RA,Control08_1_C_M,5026949
RA,Control08_1_C_M,5027006
RA,Control08_1_C_M,5027324
RA,Control08_1_C_M,5027453
RA,Control08_1_C_M,5028152
RA,Control08_1_C_M,5028579
RA,Control08_1_C_M,5028921
RA,Control08_1_C_M,5029223
RA,Control08_1_C_M,5029386
RA,Control08_1_C_M,5029522
RA,Control08_1_C_M,5029682
RA,Control08_1_C_M,5030213
RA,Control08_1_C_M,5030368
RA,Control08_1_C_M,5031220
RA,Control08_1_C_M,5031277
RA,Control08_1_C_M,5031891
RA,Control08_1_C_M,5032198
RA,Control08_1_C_M,5032245
RA,Control08_1_C_M,5032373
RA,Control08_1_C_M,5032495
RA,Control08_1_C_M,5032530
RA,Control08_1_C_M,5032660
RA,Control08_1_C_M,5033333
RA,Control08_1_C_M,5033385
RA,Control08_1_C_M,5033411
RA,Control08_1_C_M,5033493
RA,Control08_1_C_M,5033540
RA,Control08_1_C_M,5033724
RA,Control08_1_C_M,5033918
RA,Control08_1_C_M,5033930
RA,Control08_1_C_M,5034507
RA,Control08_1_C_M,5034603
RA,Control08_1_C_M,5034843
RA,Control08_1_C_M,5034990
RA,Control08_1_C_M,5035829
RA,Control08_1_C_M,5036068
RA,Control08_1_C_M,5036124
RA,Control08_1_C_M,5036262
RA,Control08_1_C_M,5036467
RA,Control08_1_C_M,5036585
RA,Control08_1_C_M,5036590
RA,Control08_1_C_M,5036886
RA,Control08_1_C_M,5036910
RA,Control08_1_C_M,5037039
RA,Control08_1_C_M,5037681
RA,Control08_1_C_M,5037885
RA,Control08_1_C_M,5037931
RA,Control08_1_C_M,5037936
RA,Control08_1_C_M,5038021
RA,Control08_1_C_M,5038176
RA,Control08_1_C_M,5038257
RA,Control08_1_C_M,5038581
RA,Control08_1_C_M,5039015
RA,Control08_1_C_M,5039066
RA,Control08_1_C_M,5039090
RA,Control08_1_C_M,5039170
RA,Control08_1_C_M,5039595
RA,Control08_1_C_M,5039675
RA,Control08_1_C_M,5040064
RA,Control08_1_C_M,5040598
RA,Control08_1_C_M,5040996
RA,Control08_1_C_M,5041057
RA,Control08_1_C_M,5041177
RA,Control08_1_C_M,5041926
RA,Control08_1_C_M,5042473
RA,Control08_1_C_M,5042555
RA,Control08_1_C_M,5043995
RA,Control08_1_C_M,5044181
RA,Control08_1_C_M,5044470
RA,Control08_1_C_M,5044688
RA,Control08_1_C_M,5044993
RA,Control08_1_C_M,5045256
RA,Control08_1_C_M,5045637
RA,Control08_1_C_M,5045675
RA,Control08_1_C_M,5046076
RA,Control08_1_C_M,5046093
RA,Control08_1_C_M,5046165
RA,Control08_1_C_M,5046314
RA,Control08_1_C_M,5047454
RA,Control08_1_C_M,5047643
RA,Control08_1_C_M,5047723
RA,Control08_1_C_M,5047746
RA,Control08_1_C_M,5048404
RA,Control08_1_C_M,5048468
RA,Control08_1_C_M,5048900
RA,Control08_1_C_M,5048927
RA,Control08_1_C_M,5048988
RA,Control08_1_C_M,5049168
RA,Control08_1_C_M,5049251
RA,Control08_1_C_M,5049555
RA,Control08_1_C_M,5049557
RA,Control08_1_C_M,5049969
RA,Control08_1_C_M,5050194
RA,Control08_1_C_M,5050275
RA,Control08_1_C_M,5050464
RA,Control08_1_C_M,5050993
RA,Control08_1_C_M,5051331
RA,Control08_1_C_M,5051785
RA,Control08_1_C_M,5051932
RA,Control08_1_C_M,5052121
RA,Control08_1_C_M,5052167
RA,Control08_1_C_M,5052217
RA,Control08_1_C_M,5052435
RA,Control08_1_C_M,5052553
RA,Control08_1_C_M,5052642
RA,Control08_1_C_M,5052947
RA,Control08_1_C_M,5053360
RA,Control08_1_C_M,5053440
RA,Control08_1_C_M,5053900
RA,Control08_1_C_M,5053921
RA,Control08_1_C_M,5054083
RA,Control08_1_C_M,5054105
RA,Control08_1_C_M,5054178
RA,Control08_1_C_M,5054419
RA,Control08_1_C_M,5054597
RA,Control08_1_C_M,5054728
RA,Control08_1_C_M,5054814
RA,Control08_1_C_M,5054830
RA,Control08_1_C_M,5055233
RA,Control08_1_C_M,5055371
RA,Control08_1_C_M,5055480
RA,Control08_1_C_M,5055867
RA,Control08_1_C_M,5055998
RA,Control08_1_C_M,5056039
RA,Control08_1_C_M,5056040
RA,Control08_1_C_M,5056104
RA,Control08_1_C_M,5056228
RA,Control08_1_C_M,5056394
RA,Control08_1_C_M,5056626
RA,Control08_1_C_M,5056693
RA,Control08_1_C_M,5056694
RA,Control08_1_C_M,5056925
RA,Control08_1_C_M,5056984
RA,Control08_1_C_M,5057132
RA,Control08_1_C_M,5057495
RA,Control08_1_C_M,5057510
RA,Control08_1_C_M,5057521
RA,Control08_1_C_M,5057791
RA,Control08_1_C_M,5057926
RA,Control08_1_C_M,5058035
RA,Control08_1_C_M,5058371
RA,Control08_1_C_M,5058397
RA,Control08_1_C_M,5058479
RA,Control08_1_C_M,5059337
RA,Control08_1_C_M,5059461
RA,Control08_1_C_M,5059693
RA,Control08_1_C_M,5059708
RA,Control08_1_C_M,5059807
RA,Control08_1_C_M,5059860
RA,Control08_1_C_M,5059929
RA,Control08_1_C_M,5060233
RA,Control08_1_C_M,5060337
RA,Control08_1_C_M,5060627
RA,Control08_1_C_M,5060703
RA,Control08_1_C_M,5061236
RA,Control08_1_C_M,5061332
RA,Control08_1_C_M,5061750
RA,Control08_1_C_M,5061984
RA,Control08_1_C_M,5062471
RA,Control08_1_C_M,5062723
RA,Control08_1_C_M,5062729
RA,Control08_1_C_M,5062747
RA,Control08_1_C_M,5062813
RA,Control08_1_C_M,5062825
RA,Control08_1_C_M,5062886
RA,Control08_1_C_M,5062970
RA,Control08_1_C_M,5063306
RA,Control08_1_C_M,5063366
RA,Control08_1_C_M,5063401
RA,Control08_1_C_M,5063647
RA,Control08_1_C_M,5063682
RA,Control08_1_C_M,5063687
RA,Control08_1_C_M,5063707
RA,Control08_1_C_M,5063762
RA,Control08_1_C_M,5064055
RA,Control08_1_C_M,5064089
RA,Control08_1_C_M,5064263
RA,Control08_1_C_M,5064440
RA,Control08_1_C_M,5064595
RA,Control08_1_C_M,5064772
RA,Control08_1_C_M,5065183
RA,Control08_1_C_M,5065243
RA,Control08_1_C_M,5065341
RA,Control08_1_C_M,5065510
RA,Control08_1_C_M,5065537
RA,Control08_1_C_M,5065630
RA,Control08_1_C_M,5065656
RA,Control08_1_C_M,5065718
RA,Control08_1_C_M,5065912
RA,Control08_1_C_M,5066051
RA,Control08_1_C_M,5066263
RA,Control08_1_C_M,5066411
RA,Control08_1_C_M,5066427
RA,Control08_1_C_M,5066462
RA,Control08_1_C_M,5066649
RA,Control08_1_C_M,5066706
RA,Control08_1_C_M,5066816
RA,Control08_1_C_M,5066879
RA,Control08_1_C_M,5066939
RA,Control08_1_C_M,5066966
RA,Control08_1_C_M,5067133
RA,Control08_1_C_M,5067137
RA,Control08_1_C_M,5067186
RA,Control08_1_C_M,5067229
RA,Control08_1_C_M,5067510
RA,Control08_1_C_M,5067879
RA,Control08_1_C_M,5068182
RA,Control08_1_C_M,5068236
RA,Control08_1_C_M,5068310
RA,Control08_1_C_M,5068736
RA,Control08_1_C_M,5068821
RA,Control08_1_C_M,5069022
RA,Control08_1_C_M,5069030
RA,Control08_1_C_M,5069119
RA,Control08_1_C_M,5069130
RA,Control08_1_C_M,5069138
RA,Control08_1_C_M,5069170
RA,Control08_1_C_M,5069372
RA,Control08_1_C_M,5069382
RA,Control08_1_C_M,5069384
RA,Control08_1_C_M,5069582
RA,Control08_1_C_M,5069620
RA,Control08_1_C_M,5069696
RA,Control08_1_C_M,5069854
RA,Control08_1_C_M,5069935
RA,Control08_1_C_M,5070155
RA,Control08_1_C_M,5070171
RA,Control08_1_C_M,5070232
RA,Control08_1_C_M,5070667
RA,Control08_1_C_M,5070797
RA,Control08_1_C_M,5070847
RA,Control08_1_C_M,5070950
RA,Control08_1_C_M,5071119
RA,Control08_1_C_M,5071156
RA,Control08_1_C_M,5071455
RA,Control08_1_C_M,5071540
RA,Control08_1_C_M,5071683
RA,Control08_1_C_M,5072162
RA,Control08_1_C_M,5072341
RA,Control08_1_C_M,5072872
RA,Control08_1_C_M,5072937
RA,Control08_1_C_M,5072997
RA,Control08_1_C_M,5073015
RA,Control08_1_C_M,5073419
RA,Control08_1_C_M,5073526
RA,Control08_1_C_M,5073696
RA,Control08_1_C_M,5073828
RA,Control08_1_C_M,5073887
RA,Control08_1_C_M,5073956
RA,Control08_1_C_M,5073968
RA,Control08_1_C_M,5074035
RA,Control08_1_C_M,5074157
RA,Control08_1_C_M,5074258
RA,Control08_1_C_M,5074369
RA,Control08_1_C_M,5074496
RA,Control08_1_C_M,5075044
RA,Control08_1_C_M,5075065
RA,Control08_1_C_M,5075123
RA,Control08_1_C_M,5075208
RA,Control08_1_C_M,5075518
RA,Control08_1_C_M,5075523
RA,Control08_1_C_M,5075643
RA,Control08_1_C_M,5075943
RA,Control08_1_C_M,5076029
RA,Control08_1_C_M,5076091
RA,Control08_1_C_M,5076116
RA,Control08_1_C_M,5076269
RA,Control08_1_C_M,5076330
RA,Control08_1_C_M,5076394
RA,Control08_1_C_M,5076419
RA,Control08_1_C_M,5076555
RA,Control08_1_C_M,5076605
RA,Control08_1_C_M,5076741
RA,Control08_1_C_M,5076903
RA,Control08_1_C_M,5076986
RA,Control08_1_C_M,5077194
RA,Control08_1_C_M,5077256
RA,Control08_1_C_M,5077352
RA,Control08_1_C_M,5077408
RA,Control08_1_C_M,5077481
RA,Control08_1_C_M,5077684
RA,Control08_1_C_M,5077688
RA,Control08_1_C_M,5077932
RA,Control08_1_C_M,5078096
RA,Control08_1_C_M,5078212
RA,Control08_1_C_M,5078310
RA,Control08_1_C_M,5078320
RA,Control08_1_C_M,5078448
RA,Control08_1_C_M,5078688
RA,Control08_1_C_M,5078693
RA,Control08_1_C_M,5078708
RA,Control08_1_C_M,5078725
RA,Control08_1_C_M,5078785
RA,Control08_1_C_M,5079035
RA,Control08_1_C_M,5079110
RA,Control08_1_C_M,5079121
RA,Control08_1_C_M,5079252
RA,Control08_1_C_M,5079264
RA,Control08_1_C_M,5079336
RA,Control08_1_C_M,5079443
RA,Control08_1_C_M,5079625
RA,Control08_1_C_M,5079685
RA,Control08_1_C_M,5079713
RA,Control08_1_C_M,5079912
RA,Control08_1_C_M,5079968
RA,Control08_1_C_M,5080233
RA,Control08_1_C_M,5080311
RA,Control08_1_C_M,5080387
RA,Control08_1_C_M,5080407
RA,Control08_1_C_M,5080444
RA,Control08_1_C_M,5080515
RA,Control08_1_C_M,5080569
RA,Control08_1_C_M,5080744
RA,Control08_1_C_M,5080749
RA,Control08_1_C_M,5080760
RA,Control08_1_C_M,5081026
RA,Control08_1_C_M,5081043
RA,Control08_1_C_M,5081410
RA,Control08_1_C_M,5081546
RA,Control08_1_C_M,5081612
RA,Control08_1_C_M,5081673
RA,Control08_1_C_M,5081752
RA,Control08_1_C_M,5081813
RA,Control08_1_C_M,5081949
RA,Control08_1_C_M,5081987
RA,Control08_1_C_M,5082323
RA,Control08_1_C_M,5082360
RA,Control08_1_C_M,5082430
RA,Control08_1_C_M,5082500
RA,Control08_1_C_M,5082572
RA,Control08_1_C_M,5082732
RA,Control08_1_C_M,5082898
RA,Control08_1_C_M,5082917
RA,Control08_1_C_M,5082975
RA,Control08_1_C_M,5083016
RA,Control08_1_C_M,5083029
RA,Control08_1_C_M,5083041
RA,Control08_1_C_M,5083069
RA,Control08_1_C_M,5083112
RA,Control08_1_C_M,5083228
RA,Control08_1_C_M,5083316
RA,Control08_1_C_M,5083357
RA,Control08_1_C_M,5083603
RA,Control08_1_C_M,5083635
RA,Control08_1_C_M,5083665
RA,Control08_1_C_M,5083694
RA,Control08_1_C_M,5083732
RA,Control08_1_C_M,5083828
RA,Control08_1_C_M,5083993
RA,Control08_1_C_M,5084024
RA,Control08_1_C_M,5084079
RA,Control08_1_C_M,5084276
RA,Control08_1_C_M,5084294
RA,Control08_1_C_M,5084416
RA,Control08_1_C_M,5084526
RA,Control08_1_C_M,5084545
RA,Control08_1_C_M,5084730
RA,Control08_1_C_M,5084964
RA,Control08_1_C_M,5085072
RA,Control08_1_C_M,5085487
RA,Control08_1_C_M,5085648
RA,Control08_1_C_M,5085674
RA,Control08_1_C_M,5085732
RA,Control08_1_C_M,5085741
RA,Control08_1_C_M,5085900
RA,Control08_1_C_M,5085997
RA,Control08_1_C_M,5086040
RA,Control08_1_C_M,5086078
RA,Control08_1_C_M,5086172
RA,Control08_1_C_M,5086181
RA,Control08_1_C_M,5086360
RA,Control08_1_C_M,5086455
RA,Control08_1_C_M,5086470
RA,Control08_1_C_M,5086490
RA,Control08_1_C_M,5086863
RA,Control08_1_C_M,5087170
RA,Control08_1_C_M,5087195
RA,Control08_1_C_M,5087302
RA,Control08_1_C_M,5087946
RA,Control08_1_C_M,5088108
RA,Control08_1_C_M,5088193
RA,Control08_1_C_M,5088252
RA,Control08_1_C_M,5088294
RA,Control08_1_C_M,5088387
RA,Control08_1_C_M,5088582
RA,Control08_1_C_M,5088743
RA,Control08_1_C_M,5089241
RA,Control08_1_C_M,5089295
RA,Control08_1_C_M,5089335
RA,Control08_1_C_M,5089425
RA,Control08_1_C_M,5089539
RA,Control08_1_C_M,5089683
RA,Control08_1_C_M,5089727
RA,Control08_1_C_M,5089837
RA,Control08_1_C_M,5089856
RA,Control08_1_C_M,5090227
RA,Control08_1_C_M,5090246
RA,Control08_1_C_M,5090277
RA,Control08_1_C_M,5090311
RA,Control08_1_C_M,5090521
RA,Control08_1_C_M,5090648
RA,Control08_1_C_M,5090913
RA,Control08_1_C_M,5091003
RA,Control08_1_C_M,5091166
RA,Control08_1_C_M,5091498
RA,Control08_1_C_M,5091644
RA,Control08_1_C_M,5091824
RA,Control08_1_C_M,5091829
RA,Control08_1_C_M,5091935
RA,Control08_1_C_M,5092250
RA,Control08_1_C_M,5092297
RA,Control08_1_C_M,5092388
RA,Control08_1_C_M,5092433
RA,Control08_1_C_M,5092455
RA,Control08_1_C_M,5092643
RA,Control08_1_C_M,5092735
RA,Control08_1_C_M,5092762
RA,Control08_1_C_M,5092841
RA,Control08_1_C_M,5092851
RA,Control08_1_C_M,5092971
RA,Control08_1_C_M,5092998
RA,Control08_1_C_M,5093107
RA,Control08_1_C_M,5093273
RA,Control08_1_C_M,5093567
RA,Control08_1_C_M,5093687
RA,Control08_1_C_M,5093882
RA,Control08_1_C_M,5094101
RA,Control08_1_C_M,5094114
RA,Control08_1_C_M,5094149
RA,Control08_1_C_M,5094189
RA,Control08_1_C_M,5094250
RA,Control08_1_C_M,5094325
RA,Control08_1_C_M,5094401
RA,Control08_1_C_M,5094452
RA,Control08_1_C_M,5094625
RA,Control08_1_C_M,5094717
RA,Control08_1_C_M,5094766
RA,Control08_1_C_M,5095101
RA,Control08_1_C_M,5095261
RA,Control08_1_C_M,5095274
RA,Control08_1_C_M,5095349
RA,Control08_1_C_M,5095606
RA,Control08_1_C_M,5095639
RA,Control08_1_C_M,5095691
RA,Control08_1_C_M,5095714
RA,Control08_1_C_M,5095752
RA,Control08_1_C_M,5095797
RA,Control08_1_C_M,5095842
RA,Control08_1_C_M,5095938
RA,Control08_1_C_M,5095939
RA,Control08_1_C_M,4988824
RA,Control08_1_C_M,4996343
RA,Control08_1_C_M,4999075
RA,Control08_1_C_M,5001564
RA,Control08_1_C_M,5004961
RA,Control08_1_C_M,5006785
RA,Control08_1_C_M,5032795
RA,Control08_1_C_M,5039146
RA,Control08_1_C_M,5046153
RA,Control08_1_C_M,5058689
RA,Control08_1_C_M,5065867
RA,Control08_1_C_M,5070277
RA,Control08_1_C_M,5075372
RA,Control08_1_C_M,5079010
RA,Control08_1_C_M,5079081
RA,Control08_1_C_M,5079107
RA,Control08_1_C_M,5082335
RA,Control08_1_C_M,5082849
RA,Control08_1_C_M,5084033
RA,Control08_1_C_M,5084974
RA,Control08_1_C_M,5086286
RA,Control08_1_C_M,5087304
RA,Control08_1_C_M,5087457
RA,Control08_1_C_M,5087573
RA,Control08_1_C_M,5087575
RA,Control08_1_C_M,5089510
RA,Control08_1_C_M,5090107
RA,Control08_1_C_M,5090379
RA,Control08_1_C_M,5090880
RA,Control08_1_C_M,5092030
RA,Control08_1_C_M,5092695
RA,Control08_1_C_M,5092902
RA,Control08_1_C_M,5093736
RA,Control08_1_C_M,5094095
RA,Control08_1_C_M,5094318
RA,Control08_1_C_M,5094736
RA,Control08_1_C_M,5095072
RA,Control08_1_C_M,5095374
RA,Control08_1_C_M,5095592
RA,Control08_1_C_M,5095874
RA,Control08_1_C_M,4987273
RA,Control08_1_C_M,4994587
RA,Control08_1_C_M,5000033
RA,Control08_1_C_M,5009261
RA,Control08_1_C_M,5034876
RA,Control08_1_C_M,5040068
RA,Control08_1_C_M,5067259
RA,Control08_1_C_M,5068662
RA,Control08_1_C_M,5071838
RA,Control08_1_C_M,5072538
RA,Control08_1_C_M,5081811
RA,Control08_1_C_M,5085427
RA,Control08_1_C_M,5085861
RA,Control08_1_C_M,5087900
RA,Control08_1_C_M,5089946
RA,Control08_1_C_M,5090918
RA,Control08_1_C_M,5091631
RA,Control08_1_C_M,5091805
RA,Control08_1_C_M,5092349
RA,Control08_1_C_M,5092446
RA,Control08_1_C_M,5092805
RA,Control08_1_C_M,5093330
RA,Control08_1_C_M,5093339
RA,Control08_1_C_M,5093691
RA,Control08_1_C_M,5094549
RA,Control08_1_C_M,5095017
RA,Control08_1_C_M,5095335
RA,Control08_1_C_M,5095551
RA,Control08_1_C_M,5095603
RA,Control08_1_C_M,5095618
RA,Control08_1_C_M,5095828
RA,Control08_1_C_M,5095867
RA,Control08_1_C_M,5095925
RA,Control08_1_C_M,4990372
RA,Control08_1_C_M,5001850
RA,Control08_1_C_M,5005357
RA,Control08_1_C_M,5008962
RA,Control08_1_C_M,5009617
RA,Control08_1_C_M,5015951
RA,Control08_1_C_M,5017235
RA,Control08_1_C_M,5026689
RA,Control08_1_C_M,5032911
RA,Control08_1_C_M,5045994
RA,Control08_1_C_M,5046779
RA,Control08_1_C_M,5049041
RA,Control08_1_C_M,5050349
RA,Control08_1_C_M,5050718
RA,Control08_1_C_M,5056087
RA,Control08_1_C_M,5061585
RA,Control08_1_C_M,5062193
RA,Control08_1_C_M,5063413
RA,Control08_1_C_M,5063427
RA,Control08_1_C_M,5064843
RA,Control08_1_C_M,5074489
RA,Control08_1_C_M,5078898
RA,Control08_1_C_M,5080327
RA,Control08_1_C_M,5080618
RA,Control08_1_C_M,5083747
RA,Control08_1_C_M,5086363
RA,Control08_1_C_M,5087146
RA,Control08_1_C_M,5088064
RA,Control08_1_C_M,5090185
RA,Control08_1_C_M,5090782
RA,Control08_1_C_M,5091590
RA,Control08_1_C_M,5092175
RA,Control08_1_C_M,5092457
RA,Control08_1_C_M,5093215
RA,Control08_1_C_M,5093466
RA,Control08_1_C_M,5094257
RA,Control08_1_C_M,5094481
RA,Control08_1_C_M,5094677
RA,Control08_1_C_M,5095222
RA,Control08_1_C_M,5095708
RA,Control08_1_C_M,4990991
RA,Control08_1_C_M,4992123
RA,Control08_1_C_M,4996363
RA,Control08_1_C_M,5000327
RA,Control08_1_C_M,5011144
RA,Control08_1_C_M,5011518
RA,Control08_1_C_M,5015862
RA,Control08_1_C_M,5027915
RA,Control08_1_C_M,5027990
RA,Control08_1_C_M,5029847
RA,Control08_1_C_M,5031626
RA,Control08_1_C_M,5040448
RA,Control08_1_C_M,5050458
RA,Control08_1_C_M,5052443
RA,Control08_1_C_M,5053382
RA,Control08_1_C_M,5056523
RA,Control08_1_C_M,5059418
RA,Control08_1_C_M,5060100
RA,Control08_1_C_M,5071341
RA,Control08_1_C_M,5074525
RA,Control08_1_C_M,5078109
RA,Control08_1_C_M,5080330
RA,Control08_1_C_M,5081527
RA,Control08_1_C_M,5084105
RA,Control08_1_C_M,5084139
RA,Control08_1_C_M,5085743
RA,Control08_1_C_M,5085868
RA,Control08_1_C_M,5087660
RA,Control08_1_C_M,5087847
RA,Control08_1_C_M,5087910
RA,Control08_1_C_M,5089127
RA,Control08_1_C_M,5090472
RA,Control08_1_C_M,5091364
RA,Control08_1_C_M,5091733
RA,Control08_1_C_M,5093684
RA,Control08_1_C_M,5094108
RA,Control08_1_C_M,5094428
RA,Control08_1_C_M,5094586
RA,Control08_1_C_M,5095136
RA,Control08_1_C_M,5095727
RA,Control10_1_C_F,4987355
RA,Control10_1_C_F,4987613
RA,Control10_1_C_F,4987694
RA,Control10_1_C_F,4987743
RA,Control10_1_C_F,4987920
RA,Control10_1_C_F,4988118
RA,Control10_1_C_F,4988393
RA,Control10_1_C_F,4988413
RA,Control10_1_C_F,4988632
RA,Control10_1_C_F,4988850
RA,Control10_1_C_F,4989123
RA,Control10_1_C_F,4989213
RA,Control10_1_C_F,4989438
RA,Control10_1_C_F,4989486
RA,Control10_1_C_F,4989781
RA,Control10_1_C_F,4989976
RA,Control10_1_C_F,4990013
RA,Control10_1_C_F,4990121
RA,Control10_1_C_F,4990144
RA,Control10_1_C_F,4990175
RA,Control10_1_C_F,4990205
RA,Control10_1_C_F,4990261
RA,Control10_1_C_F,4990287
RA,Control10_1_C_F,4990377
RA,Control10_1_C_F,4990657
RA,Control10_1_C_F,4990898
RA,Control10_1_C_F,4991138
RA,Control10_1_C_F,4991530
RA,Control10_1_C_F,4991672
RA,Control10_1_C_F,4992357
RA,Control10_1_C_F,4992453
RA,Control10_1_C_F,4992524
RA,Control10_1_C_F,4992584
RA,Control10_1_C_F,4992666
RA,Control10_1_C_F,4992674
RA,Control10_1_C_F,4992806
RA,Control10_1_C_F,4992886
RA,Control10_1_C_F,4992931
RA,Control10_1_C_F,4993086
RA,Control10_1_C_F,4993158
RA,Control10_1_C_F,4993164
RA,Control10_1_C_F,4993190
RA,Control10_1_C_F,4993259
RA,Control10_1_C_F,4993427
RA,Control10_1_C_F,4993485
RA,Control10_1_C_F,4993508
RA,Control10_1_C_F,4993848
RA,Control10_1_C_F,4993991
RA,Control10_1_C_F,4994095
RA,Control10_1_C_F,4994264
RA,Control10_1_C_F,4994282
RA,Control10_1_C_F,4994313
RA,Control10_1_C_F,4994466
RA,Control10_1_C_F,4994507
RA,Control10_1_C_F,4994602
RA,Control10_1_C_F,4994762
RA,Control10_1_C_F,4994794
RA,Control10_1_C_F,4995149
RA,Control10_1_C_F,4995218
RA,Control10_1_C_F,4995446
RA,Control10_1_C_F,4995577
RA,Control10_1_C_F,4995673
RA,Control10_1_C_F,4995833
RA,Control10_1_C_F,4995903
RA,Control10_1_C_F,4996005
RA,Control10_1_C_F,4996044
RA,Control10_1_C_F,4996059
RA,Control10_1_C_F,4996090
RA,Control10_1_C_F,4996280
RA,Control10_1_C_F,4996339
RA,Control10_1_C_F,4996535
RA,Control10_1_C_F,4996544
RA,Control10_1_C_F,4996702
RA,Control10_1_C_F,4996982
RA,Control10_1_C_F,4997162
RA,Control10_1_C_F,4997202
RA,Control10_1_C_F,4997484
RA,Control10_1_C_F,4997727
RA,Control10_1_C_F,4997747
RA,Control10_1_C_F,4997989
RA,Control10_1_C_F,4998168
RA,Control10_1_C_F,4998232
RA,Control10_1_C_F,4998308
RA,Control10_1_C_F,4998349
RA,Control10_1_C_F,4998394
RA,Control10_1_C_F,4998596
RA,Control10_1_C_F,4998750
RA,Control10_1_C_F,4998786
RA,Control10_1_C_F,4998835
RA,Control10_1_C_F,4999661
RA,Control10_1_C_F,4999703
RA,Control10_1_C_F,4999724
RA,Control10_1_C_F,4999756
RA,Control10_1_C_F,4999760
RA,Control10_1_C_F,4999804
RA,Control10_1_C_F,4999857
RA,Control10_1_C_F,4999909
RA,Control10_1_C_F,5000048
RA,Control10_1_C_F,5000085
RA,Control10_1_C_F,5000255
RA,Control10_1_C_F,5000353
RA,Control10_1_C_F,5000382
RA,Control10_1_C_F,5000443
RA,Control10_1_C_F,5000444
RA,Control10_1_C_F,5000543
RA,Control10_1_C_F,5000630
RA,Control10_1_C_F,5000632
RA,Control10_1_C_F,5000914
RA,Control10_1_C_F,5001010
RA,Control10_1_C_F,5001478
RA,Control10_1_C_F,5001774
RA,Control10_1_C_F,5001997
RA,Control10_1_C_F,5002153
RA,Control10_1_C_F,5002244
RA,Control10_1_C_F,5002293
RA,Control10_1_C_F,5002539
RA,Control10_1_C_F,5002541
RA,Control10_1_C_F,5002560
RA,Control10_1_C_F,5002600
RA,Control10_1_C_F,5002934
RA,Control10_1_C_F,5002953
RA,Control10_1_C_F,5003391
RA,Control10_1_C_F,5003447
RA,Control10_1_C_F,5003451
RA,Control10_1_C_F,5003677
RA,Control10_1_C_F,5004294
RA,Control10_1_C_F,5004388
RA,Control10_1_C_F,5004571
RA,Control10_1_C_F,5004594
RA,Control10_1_C_F,5004609
RA,Control10_1_C_F,5004643
RA,Control10_1_C_F,5004797
RA,Control10_1_C_F,5004905
RA,Control10_1_C_F,5005060
RA,Control10_1_C_F,5005190
RA,Control10_1_C_F,5005201
RA,Control10_1_C_F,5005220
RA,Control10_1_C_F,5005389
RA,Control10_1_C_F,5005452
RA,Control10_1_C_F,5005771
RA,Control10_1_C_F,5005898
RA,Control10_1_C_F,5006218
RA,Control10_1_C_F,5006236
RA,Control10_1_C_F,5006299
RA,Control10_1_C_F,5006490
RA,Control10_1_C_F,5006613
RA,Control10_1_C_F,5006674
RA,Control10_1_C_F,5007119
RA,Control10_1_C_F,5007438
RA,Control10_1_C_F,5007605
RA,Control10_1_C_F,5007825
RA,Control10_1_C_F,5008049
RA,Control10_1_C_F,5008118
RA,Control10_1_C_F,5008252
RA,Control10_1_C_F,5008451
RA,Control10_1_C_F,5008504
RA,Control10_1_C_F,5008599
RA,Control10_1_C_F,5008602
RA,Control10_1_C_F,5008702
RA,Control10_1_C_F,5008746
RA,Control10_1_C_F,5008789
RA,Control10_1_C_F,5008797
RA,Control10_1_C_F,5009003
RA,Control10_1_C_F,5009025
RA,Control10_1_C_F,5009307
RA,Control10_1_C_F,5009443
RA,Control10_1_C_F,5010034
RA,Control10_1_C_F,5010390
RA,Control10_1_C_F,5010506
RA,Control10_1_C_F,5010739
RA,Control10_1_C_F,5011090
RA,Control10_1_C_F,5011129
RA,Control10_1_C_F,5011136
RA,Control10_1_C_F,5011147
RA,Control10_1_C_F,5011220
RA,Control10_1_C_F,5011240
RA,Control10_1_C_F,5011314
RA,Control10_1_C_F,5011322
RA,Control10_1_C_F,5011581
RA,Control10_1_C_F,5011646
RA,Control10_1_C_F,5011667
RA,Control10_1_C_F,5011735
RA,Control10_1_C_F,5011737
RA,Control10_1_C_F,5011866
RA,Control10_1_C_F,5011989
RA,Control10_1_C_F,5012039
RA,Control10_1_C_F,5012134
RA,Control10_1_C_F,5012314
RA,Control10_1_C_F,5013213
RA,Control10_1_C_F,5013293
RA,Control10_1_C_F,5013367
RA,Control10_1_C_F,5013399
RA,Control10_1_C_F,5013601
RA,Control10_1_C_F,5013625
RA,Control10_1_C_F,5014048
RA,Control10_1_C_F,5014098
RA,Control10_1_C_F,5014319
RA,Control10_1_C_F,5014875
RA,Control10_1_C_F,5015033
RA,Control10_1_C_F,5015493
RA,Control10_1_C_F,5015643
RA,Control10_1_C_F,5016033
RA,Control10_1_C_F,5016357
RA,Control10_1_C_F,5016454
RA,Control10_1_C_F,5016480
RA,Control10_1_C_F,5016699
RA,Control10_1_C_F,5016787
RA,Control10_1_C_F,5017107
RA,Control10_1_C_F,5017334
RA,Control10_1_C_F,5017632
RA,Control10_1_C_F,5017649
RA,Control10_1_C_F,5017681
RA,Control10_1_C_F,5017692
RA,Control10_1_C_F,5017716
RA,Control10_1_C_F,5017717
RA,Control10_1_C_F,5017731
RA,Control10_1_C_F,5018306
RA,Control10_1_C_F,5018501
RA,Control10_1_C_F,5018532
RA,Control10_1_C_F,5018643
RA,Control10_1_C_F,5018742
RA,Control10_1_C_F,5018879
RA,Control10_1_C_F,5018963
RA,Control10_1_C_F,5019265
RA,Control10_1_C_F,5019463
RA,Control10_1_C_F,5019586
RA,Control10_1_C_F,5020056
RA,Control10_1_C_F,5020526
RA,Control10_1_C_F,5020634
RA,Control10_1_C_F,5020668
RA,Control10_1_C_F,5020718
RA,Control10_1_C_F,5021118
RA,Control10_1_C_F,5021141
RA,Control10_1_C_F,5021385
RA,Control10_1_C_F,5021390
RA,Control10_1_C_F,5021406
RA,Control10_1_C_F,5021585
RA,Control10_1_C_F,5021596
RA,Control10_1_C_F,5021951
RA,Control10_1_C_F,5022023
RA,Control10_1_C_F,5022051
RA,Control10_1_C_F,5022204
RA,Control10_1_C_F,5022416
RA,Control10_1_C_F,5022450
RA,Control10_1_C_F,5022528
RA,Control10_1_C_F,5022935
RA,Control10_1_C_F,5023171
RA,Control10_1_C_F,5023242
RA,Control10_1_C_F,5023298
RA,Control10_1_C_F,5023572
RA,Control10_1_C_F,5023755
RA,Control10_1_C_F,5023850
RA,Control10_1_C_F,5023855
RA,Control10_1_C_F,5023980
RA,Control10_1_C_F,5023999
RA,Control10_1_C_F,5024063
RA,Control10_1_C_F,5024076
RA,Control10_1_C_F,5024201
RA,Control10_1_C_F,5024337
RA,Control10_1_C_F,5024820
RA,Control10_1_C_F,5024883
RA,Control10_1_C_F,5024894
RA,Control10_1_C_F,5024981
RA,Control10_1_C_F,5025039
RA,Control10_1_C_F,5025614
RA,Control10_1_C_F,5025698
RA,Control10_1_C_F,5026000
RA,Control10_1_C_F,5026441
RA,Control10_1_C_F,5026492
RA,Control10_1_C_F,5026929
RA,Control10_1_C_F,5026944
RA,Control10_1_C_F,5027051
RA,Control10_1_C_F,5027119
RA,Control10_1_C_F,5027464
RA,Control10_1_C_F,5028421
RA,Control10_1_C_F,5028662
RA,Control10_1_C_F,5028671
RA,Control10_1_C_F,5028751
RA,Control10_1_C_F,5028863
RA,Control10_1_C_F,5028895
RA,Control10_1_C_F,5029222
RA,Control10_1_C_F,5029331
RA,Control10_1_C_F,5029529
RA,Control10_1_C_F,5029534
RA,Control10_1_C_F,5030634
RA,Control10_1_C_F,5030747
RA,Control10_1_C_F,5031445
RA,Control10_1_C_F,5031859
RA,Control10_1_C_F,5031861
RA,Control10_1_C_F,5032681
RA,Control10_1_C_F,5032685
RA,Control10_1_C_F,5032941
RA,Control10_1_C_F,5033544
RA,Control10_1_C_F,5034177
RA,Control10_1_C_F,5034308
RA,Control10_1_C_F,5034342
RA,Control10_1_C_F,5034974
RA,Control10_1_C_F,5035004
RA,Control10_1_C_F,5035105
RA,Control10_1_C_F,5035189
RA,Control10_1_C_F,5035503
RA,Control10_1_C_F,5035542
RA,Control10_1_C_F,5035935
RA,Control10_1_C_F,5035959
RA,Control10_1_C_F,5035964
RA,Control10_1_C_F,5036022
RA,Control10_1_C_F,5036176
RA,Control10_1_C_F,5036200
RA,Control10_1_C_F,5036794
RA,Control10_1_C_F,5036894
RA,Control10_1_C_F,5036969
RA,Control10_1_C_F,5037106
RA,Control10_1_C_F,5037602
RA,Control10_1_C_F,5037735
RA,Control10_1_C_F,5037815
RA,Control10_1_C_F,5037876
RA,Control10_1_C_F,5037891
RA,Control10_1_C_F,5038301
RA,Control10_1_C_F,5038369
RA,Control10_1_C_F,5038474
RA,Control10_1_C_F,5038637
RA,Control10_1_C_F,5038660
RA,Control10_1_C_F,5038781
RA,Control10_1_C_F,5038793
RA,Control10_1_C_F,5038919
RA,Control10_1_C_F,5039141
RA,Control10_1_C_F,5039327
RA,Control10_1_C_F,5039428
RA,Control10_1_C_F,5039642
RA,Control10_1_C_F,5039729
RA,Control10_1_C_F,5039853
RA,Control10_1_C_F,5039888
RA,Control10_1_C_F,5039892
RA,Control10_1_C_F,5039941
RA,Control10_1_C_F,5040225
RA,Control10_1_C_F,5040359
RA,Control10_1_C_F,5040441
RA,Control10_1_C_F,5040494
RA,Control10_1_C_F,5040635
RA,Control10_1_C_F,5040649
RA,Control10_1_C_F,5040701
RA,Control10_1_C_F,5040910
RA,Control10_1_C_F,5040936
RA,Control10_1_C_F,5040972
RA,Control10_1_C_F,5041076
RA,Control10_1_C_F,5041231
RA,Control10_1_C_F,5041283
RA,Control10_1_C_F,5041306
RA,Control10_1_C_F,5041662
RA,Control10_1_C_F,5041748
RA,Control10_1_C_F,5042644
RA,Control10_1_C_F,5042730
RA,Control10_1_C_F,5042787
RA,Control10_1_C_F,5043070
RA,Control10_1_C_F,5043080
RA,Control10_1_C_F,5043137
RA,Control10_1_C_F,5043508
RA,Control10_1_C_F,5043543
RA,Control10_1_C_F,5044182
RA,Control10_1_C_F,5044597
RA,Control10_1_C_F,5044911
RA,Control10_1_C_F,5045162
RA,Control10_1_C_F,5045357
RA,Control10_1_C_F,5045377
RA,Control10_1_C_F,5045556
RA,Control10_1_C_F,5045633
RA,Control10_1_C_F,5045800
RA,Control10_1_C_F,5046144
RA,Control10_1_C_F,5046234
RA,Control10_1_C_F,5046767
RA,Control10_1_C_F,5046863
RA,Control10_1_C_F,5046943
RA,Control10_1_C_F,5047043
RA,Control10_1_C_F,5047353
RA,Control10_1_C_F,5047702
RA,Control10_1_C_F,5047706
RA,Control10_1_C_F,5047711
RA,Control10_1_C_F,5047774
RA,Control10_1_C_F,5047893
RA,Control10_1_C_F,5048141
RA,Control10_1_C_F,5048467
RA,Control10_1_C_F,5048528
RA,Control10_1_C_F,5048948
RA,Control10_1_C_F,5049377
RA,Control10_1_C_F,5049521
RA,Control10_1_C_F,5049540
RA,Control10_1_C_F,5049854
RA,Control10_1_C_F,5049934
RA,Control10_1_C_F,5049982
RA,Control10_1_C_F,5050115
RA,Control10_1_C_F,5050264
RA,Control10_1_C_F,5050344
RA,Control10_1_C_F,5050696
RA,Control10_1_C_F,5050904
RA,Control10_1_C_F,5051157
RA,Control10_1_C_F,5051519
RA,Control10_1_C_F,5051855
RA,Control10_1_C_F,5052460
RA,Control10_1_C_F,5052778
RA,Control10_1_C_F,5052857
RA,Control10_1_C_F,5053000
RA,Control10_1_C_F,5053291
RA,Control10_1_C_F,5053343
RA,Control10_1_C_F,5053491
RA,Control10_1_C_F,5053615
RA,Control10_1_C_F,5053630
RA,Control10_1_C_F,5053709
RA,Control10_1_C_F,5053740
RA,Control10_1_C_F,5053903
RA,Control10_1_C_F,5054989
RA,Control10_1_C_F,5055078
RA,Control10_1_C_F,5055156
RA,Control10_1_C_F,5055161
RA,Control10_1_C_F,5055995
RA,Control10_1_C_F,5056111
RA,Control10_1_C_F,5056351
RA,Control10_1_C_F,5056447
RA,Control10_1_C_F,5057191
RA,Control10_1_C_F,5057217
RA,Control10_1_C_F,5057964
RA,Control10_1_C_F,5058058
RA,Control10_1_C_F,5058291
RA,Control10_1_C_F,5058337
RA,Control10_1_C_F,5058563
RA,Control10_1_C_F,5058812
RA,Control10_1_C_F,5059140
RA,Control10_1_C_F,5059373
RA,Control10_1_C_F,5059476
RA,Control10_1_C_F,5059512
RA,Control10_1_C_F,5059679
RA,Control10_1_C_F,5059732
RA,Control10_1_C_F,5059743
RA,Control10_1_C_F,5060574
RA,Control10_1_C_F,5060599
RA,Control10_1_C_F,5060720
RA,Control10_1_C_F,5060979
RA,Control10_1_C_F,5062082
RA,Control10_1_C_F,5062180
RA,Control10_1_C_F,5062287
RA,Control10_1_C_F,5062361
RA,Control10_1_C_F,5062365
RA,Control10_1_C_F,5062416
RA,Control10_1_C_F,5062420
RA,Control10_1_C_F,5062513
RA,Control10_1_C_F,5062715
RA,Control10_1_C_F,5062867
RA,Control10_1_C_F,5062971
RA,Control10_1_C_F,5062987
RA,Control10_1_C_F,5063097
RA,Control10_1_C_F,5063192
RA,Control10_1_C_F,5063285
RA,Control10_1_C_F,5063574
RA,Control10_1_C_F,5063782
RA,Control10_1_C_F,5063806
RA,Control10_1_C_F,5063825
RA,Control10_1_C_F,5063861
RA,Control10_1_C_F,5063873
RA,Control10_1_C_F,5064208
RA,Control10_1_C_F,5064432
RA,Control10_1_C_F,5064474
RA,Control10_1_C_F,5064721
RA,Control10_1_C_F,5064735
RA,Control10_1_C_F,5064994
RA,Control10_1_C_F,5065121
RA,Control10_1_C_F,5065353
RA,Control10_1_C_F,5065568
RA,Control10_1_C_F,5066167
RA,Control10_1_C_F,5066961
RA,Control10_1_C_F,5067310
RA,Control10_1_C_F,5067588
RA,Control10_1_C_F,5067700
RA,Control10_1_C_F,5067729
RA,Control10_1_C_F,5067916
RA,Control10_1_C_F,5067969
RA,Control10_1_C_F,5068164
RA,Control10_1_C_F,5068258
RA,Control10_1_C_F,5068567
RA,Control10_1_C_F,5069120
RA,Control10_1_C_F,5069132
RA,Control10_1_C_F,5069251
RA,Control10_1_C_F,5069323
RA,Control10_1_C_F,5069461
RA,Control10_1_C_F,5069698
RA,Control10_1_C_F,5070047
RA,Control10_1_C_F,5070478
RA,Control10_1_C_F,5070612
RA,Control10_1_C_F,5070647
RA,Control10_1_C_F,5070984
RA,Control10_1_C_F,5071015
RA,Control10_1_C_F,5071640
RA,Control10_1_C_F,5071679
RA,Control10_1_C_F,5071852
RA,Control10_1_C_F,5071897
RA,Control10_1_C_F,5071916
RA,Control10_1_C_F,5072176
RA,Control10_1_C_F,5072206
RA,Control10_1_C_F,5072762
RA,Control10_1_C_F,5072939
RA,Control10_1_C_F,5073065
RA,Control10_1_C_F,5073478
RA,Control10_1_C_F,5073683
RA,Control10_1_C_F,5074187
RA,Control10_1_C_F,5074558
RA,Control10_1_C_F,5074568
RA,Control10_1_C_F,5075253
RA,Control10_1_C_F,5075292
RA,Control10_1_C_F,5075293
RA,Control10_1_C_F,5075377
RA,Control10_1_C_F,5075590
RA,Control10_1_C_F,5075669
RA,Control10_1_C_F,5075801
RA,Control10_1_C_F,5076037
RA,Control10_1_C_F,5076045
RA,Control10_1_C_F,5076164
RA,Control10_1_C_F,5076233
RA,Control10_1_C_F,5076427
RA,Control10_1_C_F,5076521
RA,Control10_1_C_F,5076713
RA,Control10_1_C_F,5077204
RA,Control10_1_C_F,5077362
RA,Control10_1_C_F,5077437
RA,Control10_1_C_F,5077666
RA,Control10_1_C_F,5077833
RA,Control10_1_C_F,5077839
RA,Control10_1_C_F,5077976
RA,Control10_1_C_F,5078053
RA,Control10_1_C_F,5078117
RA,Control10_1_C_F,5078223
RA,Control10_1_C_F,5079084
RA,Control10_1_C_F,5079214
RA,Control10_1_C_F,5079754
RA,Control10_1_C_F,5079816
RA,Control10_1_C_F,5079866
RA,Control10_1_C_F,5080002
RA,Control10_1_C_F,5080093
RA,Control10_1_C_F,5080095
RA,Control10_1_C_F,5080207
RA,Control10_1_C_F,5080217
RA,Control10_1_C_F,5080980
RA,Control10_1_C_F,5081036
RA,Control10_1_C_F,5081378
RA,Control10_1_C_F,5081670
RA,Control10_1_C_F,5081917
RA,Control10_1_C_F,5082341
RA,Control10_1_C_F,5082649
RA,Control10_1_C_F,5083024
RA,Control10_1_C_F,5083542
RA,Control10_1_C_F,5083725
RA,Control10_1_C_F,5083813
RA,Control10_1_C_F,5084095
RA,Control10_1_C_F,5084384
RA,Control10_1_C_F,5085266
RA,Control10_1_C_F,5085401
RA,Control10_1_C_F,5085561
RA,Control10_1_C_F,5085602
RA,Control10_1_C_F,5085805
RA,Control10_1_C_F,5085954
RA,Control10_1_C_F,5086006
RA,Control10_1_C_F,5086272
RA,Control10_1_C_F,5086350
RA,Control10_1_C_F,5086599
RA,Control10_1_C_F,5086707
RA,Control10_1_C_F,5086723
RA,Control10_1_C_F,5086794
RA,Control10_1_C_F,5086934
RA,Control10_1_C_F,5086994
RA,Control10_1_C_F,5087702
RA,Control10_1_C_F,5087923
RA,Control10_1_C_F,5088080
RA,Control10_1_C_F,5088214
RA,Control10_1_C_F,5089432
RA,Control10_1_C_F,5089478
RA,Control10_1_C_F,5089578
RA,Control10_1_C_F,5089823
RA,Control10_1_C_F,5089900
RA,Control10_1_C_F,5090075
RA,Control10_1_C_F,5090127
RA,Control10_1_C_F,5090161
RA,Control10_1_C_F,5090554
RA,Control10_1_C_F,5090570
RA,Control10_1_C_F,5090737
RA,Control10_1_C_F,5090865
RA,Control10_1_C_F,5090903
RA,Control10_1_C_F,5091080
RA,Control10_1_C_F,5091170
RA,Control10_1_C_F,5091912
RA,Control10_1_C_F,5092108
RA,Control10_1_C_F,5092673
RA,Control10_1_C_F,5092975
RA,Control10_1_C_F,5093259
RA,Control10_1_C_F,5093464
RA,Control10_1_C_F,5094096
RA,Control10_1_C_F,5094099
RA,Control10_1_C_F,5094435
RA,Control10_1_C_F,5095075
RA,Control10_1_C_F,5095431
RA,Control10_1_C_F,5095539
RA,Control10_1_C_F,5095734
RA,Control10_1_C_F,5095789
RA,Control10_1_C_F,5095816
RA,Control10_1_C_F,4987423
RA,Control10_1_C_F,4988735
RA,Control10_1_C_F,4992169
RA,Control10_1_C_F,4993379
RA,Control10_1_C_F,4995480
RA,Control10_1_C_F,4996140
RA,Control10_1_C_F,4999834
RA,Control10_1_C_F,5006972
RA,Control10_1_C_F,5014667
RA,Control10_1_C_F,5020388
RA,Control10_1_C_F,5023776
RA,Control10_1_C_F,5026624
RA,Control10_1_C_F,5027611
RA,Control10_1_C_F,5036437
RA,Control10_1_C_F,5042423
RA,Control10_1_C_F,5053283
RA,Control10_1_C_F,5054735
RA,Control10_1_C_F,5057345
RA,Control10_1_C_F,5057932
RA,Control10_1_C_F,5061520
RA,Control10_1_C_F,5066279
RA,Control10_1_C_F,5066881
RA,Control10_1_C_F,5073521
RA,Control10_1_C_F,5075697
RA,Control10_1_C_F,5075915
RA,Control10_1_C_F,5077547
RA,Control10_1_C_F,5080208
RA,Control10_1_C_F,5082005
RA,Control10_1_C_F,5082334
RA,Control10_1_C_F,5082938
RA,Control10_1_C_F,5083414
RA,Control10_1_C_F,5086291
RA,Control10_1_C_F,5086717
RA,Control10_1_C_F,5087692
RA,Control10_1_C_F,5090744
RA,Control10_1_C_F,5091234
RA,Control10_1_C_F,5092227
RA,Control10_1_C_F,5092666
RA,Control10_1_C_F,5093603
RA,Control10_1_C_F,5094863
RA,Control10_1_C_F,4990099
RA,Control10_1_C_F,4990331
RA,Control10_1_C_F,4993641
RA,Control10_1_C_F,4995606
RA,Control10_1_C_F,4997465
RA,Control10_1_C_F,5000027
RA,Control10_1_C_F,5001699
RA,Control10_1_C_F,5003867
RA,Control10_1_C_F,5012713
RA,Control10_1_C_F,5023832
RA,Control10_1_C_F,5026152
RA,Control10_1_C_F,5026535
RA,Control10_1_C_F,5027055
RA,Control10_1_C_F,5032592
RA,Control10_1_C_F,5033160
RA,Control10_1_C_F,5034044
RA,Control10_1_C_F,5038541
RA,Control10_1_C_F,5043358
RA,Control10_1_C_F,5048293
RA,Control10_1_C_F,5056486
RA,Control10_1_C_F,5061244
RA,Control10_1_C_F,5061339
RA,Control10_1_C_F,5067221
RA,Control10_1_C_F,5068743
RA,Control10_1_C_F,5072917
RA,Control10_1_C_F,5076381
RA,Control10_1_C_F,5076412
RA,Control10_1_C_F,5077347
RA,Control10_1_C_F,5079421
RA,Control10_1_C_F,5081577
RA,Control10_1_C_F,5081626
RA,Control10_1_C_F,5085123
RA,Control10_1_C_F,5085204
RA,Control10_1_C_F,5085446
RA,Control10_1_C_F,5087449
RA,Control10_1_C_F,5088430
RA,Control10_1_C_F,5089764
RA,Control10_1_C_F,5094710
RA,Control10_1_C_F,5095150
RA,Control10_1_C_F,5095553
RA,Control10_1_C_F,4991885
RA,Control10_1_C_F,4997120
RA,Control10_1_C_F,5000958
RA,Control10_1_C_F,5002429
RA,Control10_1_C_F,5003578
RA,Control10_1_C_F,5009842
RA,Control10_1_C_F,5010287
RA,Control10_1_C_F,5015002
RA,Control10_1_C_F,5016952
RA,Control10_1_C_F,5018195
RA,Control10_1_C_F,5021483
RA,Control10_1_C_F,5023838
RA,Control10_1_C_F,5024241
RA,Control10_1_C_F,5025041
RA,Control10_1_C_F,5026816
RA,Control10_1_C_F,5034391
RA,Control10_1_C_F,5036683
RA,Control10_1_C_F,5039532
RA,Control10_1_C_F,5039699
RA,Control10_1_C_F,5048376
RA,Control10_1_C_F,5048427
RA,Control10_1_C_F,5055386
RA,Control10_1_C_F,5055453
RA,Control10_1_C_F,5062404
RA,Control10_1_C_F,5062814
RA,Control10_1_C_F,5064212
RA,Control10_1_C_F,5067412
RA,Control10_1_C_F,5068778
RA,Control10_1_C_F,5069016
RA,Control10_1_C_F,5070516
RA,Control10_1_C_F,5071952
RA,Control10_1_C_F,5076486
RA,Control10_1_C_F,5081366
RA,Control10_1_C_F,5082774
RA,Control10_1_C_F,5083393
RA,Control10_1_C_F,5086171
RA,Control10_1_C_F,5089381
RA,Control10_1_C_F,5090914
RA,Control10_1_C_F,5093695
RA,Control10_1_C_F,5095325
RA,Control10_1_C_F,4988539
RA,Control10_1_C_F,4989753
RA,Control10_1_C_F,4990849
RA,Control10_1_C_F,4994292
RA,Control10_1_C_F,4994950
RA,Control10_1_C_F,4995063
RA,Control10_1_C_F,4996530
RA,Control10_1_C_F,4999969
RA,Control10_1_C_F,5001873
RA,Control10_1_C_F,5004036
RA,Control10_1_C_F,5019045
RA,Control10_1_C_F,5022165
RA,Control10_1_C_F,5025643
RA,Control10_1_C_F,5031496
RA,Control10_1_C_F,5040562
RA,Control10_1_C_F,5049676
RA,Control10_1_C_F,5051321
RA,Control10_1_C_F,5053430
RA,Control10_1_C_F,5063869
RA,Control10_1_C_F,5065914
RA,Control10_1_C_F,5066915
RA,Control10_1_C_F,5067498
RA,Control10_1_C_F,5071541
RA,Control10_1_C_F,5072187
RA,Control10_1_C_F,5073754
RA,Control10_1_C_F,5074309
RA,Control10_1_C_F,5074812
RA,Control10_1_C_F,5075585
RA,Control10_1_C_F,5076945
RA,Control10_1_C_F,5081718
RA,Control10_1_C_F,5083083
RA,Control10_1_C_F,5084653
RA,Control10_1_C_F,5084654
RA,Control10_1_C_F,5085315
RA,Control10_1_C_F,5087224
RA,Control10_1_C_F,5089458
RA,Control10_1_C_F,5089716
RA,Control10_1_C_F,5091565
RA,Control10_1_C_F,5092025
RA,Control10_1_C_F,5095363
RA,Control16_1_C_F,4987616
RA,Control16_1_C_F,4987772
RA,Control16_1_C_F,4987858
RA,Control16_1_C_F,4988049
RA,Control16_1_C_F,4988104
RA,Control16_1_C_F,4988128
RA,Control16_1_C_F,4988342
RA,Control16_1_C_F,4988429
RA,Control16_1_C_F,4988465
RA,Control16_1_C_F,4988561
RA,Control16_1_C_F,4988610
RA,Control16_1_C_F,4988637
RA,Control16_1_C_F,4988707
RA,Control16_1_C_F,4988783
RA,Control16_1_C_F,4988811
RA,Control16_1_C_F,4988819
RA,Control16_1_C_F,4988933
RA,Control16_1_C_F,4988994
RA,Control16_1_C_F,4989002
RA,Control16_1_C_F,4989174
RA,Control16_1_C_F,4989193
RA,Control16_1_C_F,4989233
RA,Control16_1_C_F,4989238
RA,Control16_1_C_F,4989294
RA,Control16_1_C_F,4989353
RA,Control16_1_C_F,4989401
RA,Control16_1_C_F,4989424
RA,Control16_1_C_F,4989432
RA,Control16_1_C_F,4989482
RA,Control16_1_C_F,4989536
RA,Control16_1_C_F,4989607
RA,Control16_1_C_F,4989729
RA,Control16_1_C_F,4989849
RA,Control16_1_C_F,4989917
RA,Control16_1_C_F,4989957
RA,Control16_1_C_F,4990020
RA,Control16_1_C_F,4990029
RA,Control16_1_C_F,4990039
RA,Control16_1_C_F,4990105
RA,Control16_1_C_F,4990106
RA,Control16_1_C_F,4990112
RA,Control16_1_C_F,4990117
RA,Control16_1_C_F,4990257
RA,Control16_1_C_F,4990282
RA,Control16_1_C_F,4990315
RA,Control16_1_C_F,4990316
RA,Control16_1_C_F,4990375
RA,Control16_1_C_F,4990484
RA,Control16_1_C_F,4990620
RA,Control16_1_C_F,4990652
RA,Control16_1_C_F,4990679
RA,Control16_1_C_F,4991089
RA,Control16_1_C_F,4991096
RA,Control16_1_C_F,4991115
RA,Control16_1_C_F,4991135
RA,Control16_1_C_F,4991253
RA,Control16_1_C_F,4991273
RA,Control16_1_C_F,4991276
RA,Control16_1_C_F,4991323
RA,Control16_1_C_F,4991359
RA,Control16_1_C_F,4991368
RA,Control16_1_C_F,4991374
RA,Control16_1_C_F,4991420
RA,Control16_1_C_F,4991758
RA,Control16_1_C_F,4991918
RA,Control16_1_C_F,4992051
RA,Control16_1_C_F,4992074
RA,Control16_1_C_F,4992171
RA,Control16_1_C_F,4992285
RA,Control16_1_C_F,4992545
RA,Control16_1_C_F,4992611
RA,Control16_1_C_F,4992639
RA,Control16_1_C_F,4992681
RA,Control16_1_C_F,4992772
RA,Control16_1_C_F,4992805
RA,Control16_1_C_F,4992979
RA,Control16_1_C_F,4993023
RA,Control16_1_C_F,4993030
RA,Control16_1_C_F,4993036
RA,Control16_1_C_F,4993049
RA,Control16_1_C_F,4993073
RA,Control16_1_C_F,4993129
RA,Control16_1_C_F,4993166
RA,Control16_1_C_F,4993186
RA,Control16_1_C_F,4993214
RA,Control16_1_C_F,4993253
RA,Control16_1_C_F,4993370
RA,Control16_1_C_F,4993378
RA,Control16_1_C_F,4993515
RA,Control16_1_C_F,4993555
RA,Control16_1_C_F,4993580
RA,Control16_1_C_F,4993634
RA,Control16_1_C_F,4993680
RA,Control16_1_C_F,4993691
RA,Control16_1_C_F,4993790
RA,Control16_1_C_F,4993938
RA,Control16_1_C_F,4994044
RA,Control16_1_C_F,4994147
RA,Control16_1_C_F,4994160
RA,Control16_1_C_F,4994208
RA,Control16_1_C_F,4994509
RA,Control16_1_C_F,4994526
RA,Control16_1_C_F,4994572
RA,Control16_1_C_F,4994640
RA,Control16_1_C_F,4994769
RA,Control16_1_C_F,4994913
RA,Control16_1_C_F,4994923
RA,Control16_1_C_F,4995080
RA,Control16_1_C_F,4995084
RA,Control16_1_C_F,4995310
RA,Control16_1_C_F,4995478
RA,Control16_1_C_F,4995504
RA,Control16_1_C_F,4995568
RA,Control16_1_C_F,4995678
RA,Control16_1_C_F,4995844
RA,Control16_1_C_F,4996159
RA,Control16_1_C_F,4996174
RA,Control16_1_C_F,4996190
RA,Control16_1_C_F,4996212
RA,Control16_1_C_F,4996284
RA,Control16_1_C_F,4996479
RA,Control16_1_C_F,4996656
RA,Control16_1_C_F,4996686
RA,Control16_1_C_F,4996687
RA,Control16_1_C_F,4996760
RA,Control16_1_C_F,4996995
RA,Control16_1_C_F,4997008
RA,Control16_1_C_F,4997032
RA,Control16_1_C_F,4997108
RA,Control16_1_C_F,4997157
RA,Control16_1_C_F,4997204
RA,Control16_1_C_F,4997318
RA,Control16_1_C_F,4997319
RA,Control16_1_C_F,4997436
RA,Control16_1_C_F,4997498
RA,Control16_1_C_F,4997501
RA,Control16_1_C_F,4997520
RA,Control16_1_C_F,4997951
RA,Control16_1_C_F,4998042
RA,Control16_1_C_F,4998218
RA,Control16_1_C_F,4998259
RA,Control16_1_C_F,4998456
RA,Control16_1_C_F,4998468
RA,Control16_1_C_F,4998510
RA,Control16_1_C_F,4998513
RA,Control16_1_C_F,4998635
RA,Control16_1_C_F,4998783
RA,Control16_1_C_F,4998898
RA,Control16_1_C_F,4999262
RA,Control16_1_C_F,4999664
RA,Control16_1_C_F,4999683
RA,Control16_1_C_F,4999781
RA,Control16_1_C_F,4999802
RA,Control16_1_C_F,4999908
RA,Control16_1_C_F,5000046
RA,Control16_1_C_F,5000101
RA,Control16_1_C_F,5000218
RA,Control16_1_C_F,5000311
RA,Control16_1_C_F,5000375
RA,Control16_1_C_F,5000552
RA,Control16_1_C_F,5000570
RA,Control16_1_C_F,5000584
RA,Control16_1_C_F,5000598
RA,Control16_1_C_F,5000716
RA,Control16_1_C_F,5000834
RA,Control16_1_C_F,5001086
RA,Control16_1_C_F,5001376
RA,Control16_1_C_F,5001424
RA,Control16_1_C_F,5001439
RA,Control16_1_C_F,5001458
RA,Control16_1_C_F,5001509
RA,Control16_1_C_F,5001713
RA,Control16_1_C_F,5001947
RA,Control16_1_C_F,5002074
RA,Control16_1_C_F,5002247
RA,Control16_1_C_F,5002276
RA,Control16_1_C_F,5002334
RA,Control16_1_C_F,5002478
RA,Control16_1_C_F,5002525
RA,Control16_1_C_F,5002568
RA,Control16_1_C_F,5003099
RA,Control16_1_C_F,5003142
RA,Control16_1_C_F,5003147
RA,Control16_1_C_F,5003275
RA,Control16_1_C_F,5003392
RA,Control16_1_C_F,5003688
RA,Control16_1_C_F,5003799
RA,Control16_1_C_F,5003923
RA,Control16_1_C_F,5003961
RA,Control16_1_C_F,5004305
RA,Control16_1_C_F,5004480
RA,Control16_1_C_F,5004539
RA,Control16_1_C_F,5005037
RA,Control16_1_C_F,5005113
RA,Control16_1_C_F,5005142
RA,Control16_1_C_F,5005255
RA,Control16_1_C_F,5005323
RA,Control16_1_C_F,5005474
RA,Control16_1_C_F,5005493
RA,Control16_1_C_F,5005601
RA,Control16_1_C_F,5005866
RA,Control16_1_C_F,5005948
RA,Control16_1_C_F,5006111
RA,Control16_1_C_F,5006286
RA,Control16_1_C_F,5006351
RA,Control16_1_C_F,5006392
RA,Control16_1_C_F,5006397
RA,Control16_1_C_F,5006873
RA,Control16_1_C_F,5007159
RA,Control16_1_C_F,5007184
RA,Control16_1_C_F,5007473
RA,Control16_1_C_F,5007517
RA,Control16_1_C_F,5007776
RA,Control16_1_C_F,5007938
RA,Control16_1_C_F,5007996
RA,Control16_1_C_F,5008021
RA,Control16_1_C_F,5008422
RA,Control16_1_C_F,5008436
RA,Control16_1_C_F,5008440
RA,Control16_1_C_F,5008561
RA,Control16_1_C_F,5008580
RA,Control16_1_C_F,5008784
RA,Control16_1_C_F,5008819
RA,Control16_1_C_F,5008953
RA,Control16_1_C_F,5009100
RA,Control16_1_C_F,5009180
RA,Control16_1_C_F,5009470
RA,Control16_1_C_F,5009516
RA,Control16_1_C_F,5009644
RA,Control16_1_C_F,5009675
RA,Control16_1_C_F,5009758
RA,Control16_1_C_F,5009845
RA,Control16_1_C_F,5010134
RA,Control16_1_C_F,5010414
RA,Control16_1_C_F,5010544
RA,Control16_1_C_F,5010696
RA,Control16_1_C_F,5011450
RA,Control16_1_C_F,5011671
RA,Control16_1_C_F,5011681
RA,Control16_1_C_F,5011831
RA,Control16_1_C_F,5012071
RA,Control16_1_C_F,5012100
RA,Control16_1_C_F,5012363
RA,Control16_1_C_F,5012469
RA,Control16_1_C_F,5012495
RA,Control16_1_C_F,5012600
RA,Control16_1_C_F,5012678
RA,Control16_1_C_F,5012735
RA,Control16_1_C_F,5013585
RA,Control16_1_C_F,5014174
RA,Control16_1_C_F,5014320
RA,Control16_1_C_F,5014833
RA,Control16_1_C_F,5014849
RA,Control16_1_C_F,5015258
RA,Control16_1_C_F,5015514
RA,Control16_1_C_F,5015517
RA,Control16_1_C_F,5015547
RA,Control16_1_C_F,5015612
RA,Control16_1_C_F,5015822
RA,Control16_1_C_F,5016199
RA,Control16_1_C_F,5016311
RA,Control16_1_C_F,5016342
RA,Control16_1_C_F,5016508
RA,Control16_1_C_F,5016640
RA,Control16_1_C_F,5016697
RA,Control16_1_C_F,5016920
RA,Control16_1_C_F,5017149
RA,Control16_1_C_F,5017312
RA,Control16_1_C_F,5017407
RA,Control16_1_C_F,5017540
RA,Control16_1_C_F,5017626
RA,Control16_1_C_F,5017771
RA,Control16_1_C_F,5018488
RA,Control16_1_C_F,5019078
RA,Control16_1_C_F,5019159
RA,Control16_1_C_F,5019239
RA,Control16_1_C_F,5019329
RA,Control16_1_C_F,5019881
RA,Control16_1_C_F,5019897
RA,Control16_1_C_F,5020307
RA,Control16_1_C_F,5020707
RA,Control16_1_C_F,5020772
RA,Control16_1_C_F,5021133
RA,Control16_1_C_F,5021166
RA,Control16_1_C_F,5021248
RA,Control16_1_C_F,5021539
RA,Control16_1_C_F,5021729
RA,Control16_1_C_F,5021731
RA,Control16_1_C_F,5021756
RA,Control16_1_C_F,5021812
RA,Control16_1_C_F,5022131
RA,Control16_1_C_F,5022164
RA,Control16_1_C_F,5022177
RA,Control16_1_C_F,5022287
RA,Control16_1_C_F,5022319
RA,Control16_1_C_F,5022503
RA,Control16_1_C_F,5022752
RA,Control16_1_C_F,5022974
RA,Control16_1_C_F,5023043
RA,Control16_1_C_F,5023140
RA,Control16_1_C_F,5023521
RA,Control16_1_C_F,5023523
RA,Control16_1_C_F,5023663
RA,Control16_1_C_F,5023717
RA,Control16_1_C_F,5023926
RA,Control16_1_C_F,5024007
RA,Control16_1_C_F,5024130
RA,Control16_1_C_F,5024380
RA,Control16_1_C_F,5024398
RA,Control16_1_C_F,5024420
RA,Control16_1_C_F,5024466
RA,Control16_1_C_F,5024701
RA,Control16_1_C_F,5024880
RA,Control16_1_C_F,5025532
RA,Control16_1_C_F,5025885
RA,Control16_1_C_F,5025991
RA,Control16_1_C_F,5026302
RA,Control16_1_C_F,5026494
RA,Control16_1_C_F,5026963
RA,Control16_1_C_F,5026992
RA,Control16_1_C_F,5027071
RA,Control16_1_C_F,5027184
RA,Control16_1_C_F,5027504
RA,Control16_1_C_F,5027509
RA,Control16_1_C_F,5027536
RA,Control16_1_C_F,5027574
RA,Control16_1_C_F,5027788
RA,Control16_1_C_F,5028136
RA,Control16_1_C_F,5028161
RA,Control16_1_C_F,5028303
RA,Control16_1_C_F,5028498
RA,Control16_1_C_F,5028618
RA,Control16_1_C_F,5029197
RA,Control16_1_C_F,5029346
RA,Control16_1_C_F,5029425
RA,Control16_1_C_F,5029513
RA,Control16_1_C_F,5029558
RA,Control16_1_C_F,5029612
RA,Control16_1_C_F,5030226
RA,Control16_1_C_F,5030296
RA,Control16_1_C_F,5030441
RA,Control16_1_C_F,5030700
RA,Control16_1_C_F,5030767
RA,Control16_1_C_F,5030958
RA,Control16_1_C_F,5030996
RA,Control16_1_C_F,5031367
RA,Control16_1_C_F,5031380
RA,Control16_1_C_F,5031902
RA,Control16_1_C_F,5031998
RA,Control16_1_C_F,5032665
RA,Control16_1_C_F,5033618
RA,Control16_1_C_F,5034229
RA,Control16_1_C_F,5034307
RA,Control16_1_C_F,5034592
RA,Control16_1_C_F,5035008
RA,Control16_1_C_F,5035870
RA,Control16_1_C_F,5035961
RA,Control16_1_C_F,5036045
RA,Control16_1_C_F,5036270
RA,Control16_1_C_F,5036716
RA,Control16_1_C_F,5036769
RA,Control16_1_C_F,5036883
RA,Control16_1_C_F,5037271
RA,Control16_1_C_F,5037575
RA,Control16_1_C_F,5037827
RA,Control16_1_C_F,5038216
RA,Control16_1_C_F,5038765
RA,Control16_1_C_F,5039109
RA,Control16_1_C_F,5039292
RA,Control16_1_C_F,5039313
RA,Control16_1_C_F,5039333
RA,Control16_1_C_F,5039365
RA,Control16_1_C_F,5039483
RA,Control16_1_C_F,5039549
RA,Control16_1_C_F,5039668
RA,Control16_1_C_F,5039763
RA,Control16_1_C_F,5039916
RA,Control16_1_C_F,5040299
RA,Control16_1_C_F,5040994
RA,Control16_1_C_F,5041017
RA,Control16_1_C_F,5041020
RA,Control16_1_C_F,5041036
RA,Control16_1_C_F,5041245
RA,Control16_1_C_F,5042047
RA,Control16_1_C_F,5042173
RA,Control16_1_C_F,5042239
RA,Control16_1_C_F,5042258
RA,Control16_1_C_F,5042411
RA,Control16_1_C_F,5042479
RA,Control16_1_C_F,5042706
RA,Control16_1_C_F,5042799
RA,Control16_1_C_F,5043026
RA,Control16_1_C_F,5043139
RA,Control16_1_C_F,5043518
RA,Control16_1_C_F,5044038
RA,Control16_1_C_F,5044374
RA,Control16_1_C_F,5044421
RA,Control16_1_C_F,5044435
RA,Control16_1_C_F,5044494
RA,Control16_1_C_F,5044805
RA,Control16_1_C_F,5044966
RA,Control16_1_C_F,5045000
RA,Control16_1_C_F,5045794
RA,Control16_1_C_F,5046447
RA,Control16_1_C_F,5046602
RA,Control16_1_C_F,5047181
RA,Control16_1_C_F,5047461
RA,Control16_1_C_F,5047640
RA,Control16_1_C_F,5047735
RA,Control16_1_C_F,5048437
RA,Control16_1_C_F,5048689
RA,Control16_1_C_F,5048816
RA,Control16_1_C_F,5048901
RA,Control16_1_C_F,5048998
RA,Control16_1_C_F,5049034
RA,Control16_1_C_F,5049209
RA,Control16_1_C_F,5049259
RA,Control16_1_C_F,5049653
RA,Control16_1_C_F,5049787
RA,Control16_1_C_F,5049845
RA,Control16_1_C_F,5049924
RA,Control16_1_C_F,5049963
RA,Control16_1_C_F,5050124
RA,Control16_1_C_F,5050198
RA,Control16_1_C_F,5050570
RA,Control16_1_C_F,5051133
RA,Control16_1_C_F,5051630
RA,Control16_1_C_F,5051711
RA,Control16_1_C_F,5051894
RA,Control16_1_C_F,5052643
RA,Control16_1_C_F,5052648
RA,Control16_1_C_F,5053109
RA,Control16_1_C_F,5053199
RA,Control16_1_C_F,5053444
RA,Control16_1_C_F,5053530
RA,Control16_1_C_F,5053780
RA,Control16_1_C_F,5053895
RA,Control16_1_C_F,5054030
RA,Control16_1_C_F,5054341
RA,Control16_1_C_F,5054996
RA,Control16_1_C_F,5055004
RA,Control16_1_C_F,5055009
RA,Control16_1_C_F,5055018
RA,Control16_1_C_F,5055445
RA,Control16_1_C_F,5055495
RA,Control16_1_C_F,5055511
RA,Control16_1_C_F,5056136
RA,Control16_1_C_F,5056139
RA,Control16_1_C_F,5056723
RA,Control16_1_C_F,5056806
RA,Control16_1_C_F,5056834
RA,Control16_1_C_F,5056898
RA,Control16_1_C_F,5057377
RA,Control16_1_C_F,5057395
RA,Control16_1_C_F,5057543
RA,Control16_1_C_F,5057565
RA,Control16_1_C_F,5057874
RA,Control16_1_C_F,5058063
RA,Control16_1_C_F,5058119
RA,Control16_1_C_F,5059478
RA,Control16_1_C_F,5059531
RA,Control16_1_C_F,5059567
RA,Control16_1_C_F,5059645
RA,Control16_1_C_F,5059811
RA,Control16_1_C_F,5060124
RA,Control16_1_C_F,5060336
RA,Control16_1_C_F,5060376
RA,Control16_1_C_F,5060541
RA,Control16_1_C_F,5060633
RA,Control16_1_C_F,5060655
RA,Control16_1_C_F,5060758
RA,Control16_1_C_F,5060772
RA,Control16_1_C_F,5061479
RA,Control16_1_C_F,5061536
RA,Control16_1_C_F,5062311
RA,Control16_1_C_F,5062459
RA,Control16_1_C_F,5062528
RA,Control16_1_C_F,5062810
RA,Control16_1_C_F,5062949
RA,Control16_1_C_F,5063106
RA,Control16_1_C_F,5063135
RA,Control16_1_C_F,5063344
RA,Control16_1_C_F,5063922
RA,Control16_1_C_F,5064096
RA,Control16_1_C_F,5064816
RA,Control16_1_C_F,5065378
RA,Control16_1_C_F,5065521
RA,Control16_1_C_F,5065756
RA,Control16_1_C_F,5065762
RA,Control16_1_C_F,5065831
RA,Control16_1_C_F,5066296
RA,Control16_1_C_F,5066698
RA,Control16_1_C_F,5066732
RA,Control16_1_C_F,5067239
RA,Control16_1_C_F,5067640
RA,Control16_1_C_F,5067676
RA,Control16_1_C_F,5067761
RA,Control16_1_C_F,5068531
RA,Control16_1_C_F,5068774
RA,Control16_1_C_F,5069066
RA,Control16_1_C_F,5069242
RA,Control16_1_C_F,5069315
RA,Control16_1_C_F,5069337
RA,Control16_1_C_F,5070287
RA,Control16_1_C_F,5070325
RA,Control16_1_C_F,5071444
RA,Control16_1_C_F,5071551
RA,Control16_1_C_F,5071815
RA,Control16_1_C_F,5071830
RA,Control16_1_C_F,5072626
RA,Control16_1_C_F,5072636
RA,Control16_1_C_F,5073010
RA,Control16_1_C_F,5073139
RA,Control16_1_C_F,5073875
RA,Control16_1_C_F,5073943
RA,Control16_1_C_F,5074067
RA,Control16_1_C_F,5074130
RA,Control16_1_C_F,5074207
RA,Control16_1_C_F,5074250
RA,Control16_1_C_F,5074357
RA,Control16_1_C_F,5074619
RA,Control16_1_C_F,5074913
RA,Control16_1_C_F,5074970
RA,Control16_1_C_F,5075261
RA,Control16_1_C_F,5076344
RA,Control16_1_C_F,5076464
RA,Control16_1_C_F,5076520
RA,Control16_1_C_F,5076975
RA,Control16_1_C_F,5077164
RA,Control16_1_C_F,5077418
RA,Control16_1_C_F,5077555
RA,Control16_1_C_F,5077851
RA,Control16_1_C_F,5077901
RA,Control16_1_C_F,5078065
RA,Control16_1_C_F,5078093
RA,Control16_1_C_F,5078982
RA,Control16_1_C_F,5079474
RA,Control16_1_C_F,5079715
RA,Control16_1_C_F,5079942
RA,Control16_1_C_F,5080279
RA,Control16_1_C_F,5080354
RA,Control16_1_C_F,5081019
RA,Control16_1_C_F,5081223
RA,Control16_1_C_F,5081810
RA,Control16_1_C_F,5081875
RA,Control16_1_C_F,5081927
RA,Control16_1_C_F,5082123
RA,Control16_1_C_F,5082283
RA,Control16_1_C_F,5082368
RA,Control16_1_C_F,5082391
RA,Control16_1_C_F,5083177
RA,Control16_1_C_F,5083677
RA,Control16_1_C_F,5083746
RA,Control16_1_C_F,5083790
RA,Control16_1_C_F,5084309
RA,Control16_1_C_F,5084665
RA,Control16_1_C_F,5084978
RA,Control16_1_C_F,5085135
RA,Control16_1_C_F,5085192
RA,Control16_1_C_F,5085270
RA,Control16_1_C_F,5085444
RA,Control16_1_C_F,5085455
RA,Control16_1_C_F,5086247
RA,Control16_1_C_F,5086637
RA,Control16_1_C_F,5086846
RA,Control16_1_C_F,5086942
RA,Control16_1_C_F,5087025
RA,Control16_1_C_F,5087244
RA,Control16_1_C_F,5087620
RA,Control16_1_C_F,5087952
RA,Control16_1_C_F,5087960
RA,Control16_1_C_F,5088066
RA,Control16_1_C_F,5088590
RA,Control16_1_C_F,5088729
RA,Control16_1_C_F,5089160
RA,Control16_1_C_F,5089218
RA,Control16_1_C_F,5089410
RA,Control16_1_C_F,5089707
RA,Control16_1_C_F,5089717
RA,Control16_1_C_F,5089834
RA,Control16_1_C_F,5089968
RA,Control16_1_C_F,5090051
RA,Control16_1_C_F,5090128
RA,Control16_1_C_F,5090688
RA,Control16_1_C_F,5091900
RA,Control16_1_C_F,5091929
RA,Control16_1_C_F,5092038
RA,Control16_1_C_F,5092153
RA,Control16_1_C_F,5093022
RA,Control16_1_C_F,5093057
RA,Control16_1_C_F,5093425
RA,Control16_1_C_F,5093706
RA,Control16_1_C_F,5093955
RA,Control16_1_C_F,5094470
RA,Control16_1_C_F,5094746
RA,Control16_1_C_F,5094830
RA,Control16_1_C_F,5095121
RA,Control16_1_C_F,5095353
RA,Control16_1_C_F,5095814
RA,Control16_1_C_F,5095858
RA,Control16_1_C_F,4995765
RA,Control16_1_C_F,4997338
RA,Control16_1_C_F,4999116
RA,Control16_1_C_F,4999176
RA,Control16_1_C_F,5008680
RA,Control16_1_C_F,5008763
RA,Control16_1_C_F,5012436
RA,Control16_1_C_F,5022508
RA,Control16_1_C_F,5026228
RA,Control16_1_C_F,5028646
RA,Control16_1_C_F,5036417
RA,Control16_1_C_F,5041327
RA,Control16_1_C_F,5043966
RA,Control16_1_C_F,5048704
RA,Control16_1_C_F,5049548
RA,Control16_1_C_F,5051937
RA,Control16_1_C_F,5054749
RA,Control16_1_C_F,5056091
RA,Control16_1_C_F,5056149
RA,Control16_1_C_F,5063608
RA,Control16_1_C_F,5065095
RA,Control16_1_C_F,5067612
RA,Control16_1_C_F,5072687
RA,Control16_1_C_F,5076543
RA,Control16_1_C_F,5080921
RA,Control16_1_C_F,5082066
RA,Control16_1_C_F,5082110
RA,Control16_1_C_F,5082584
RA,Control16_1_C_F,5083185
RA,Control16_1_C_F,5084778
RA,Control16_1_C_F,5085330
RA,Control16_1_C_F,5086806
RA,Control16_1_C_F,5087159
RA,Control16_1_C_F,5087264
RA,Control16_1_C_F,5087321
RA,Control16_1_C_F,5087876
RA,Control16_1_C_F,5091883
RA,Control16_1_C_F,5093182
RA,Control16_1_C_F,5095684
RA,Control16_1_C_F,5095899
RA,Control16_1_C_F,4987411
RA,Control16_1_C_F,4997490
RA,Control16_1_C_F,5009428
RA,Control16_1_C_F,5013118
RA,Control16_1_C_F,5017647
RA,Control16_1_C_F,5030097
RA,Control16_1_C_F,5041758
RA,Control16_1_C_F,5043962
RA,Control16_1_C_F,5045468
RA,Control16_1_C_F,5051185
RA,Control16_1_C_F,5063478
RA,Control16_1_C_F,5064199
RA,Control16_1_C_F,5065377
RA,Control16_1_C_F,5065746
RA,Control16_1_C_F,5066782
RA,Control16_1_C_F,5066820
RA,Control16_1_C_F,5071746
RA,Control16_1_C_F,5071797
RA,Control16_1_C_F,5078653
RA,Control16_1_C_F,5081587
RA,Control16_1_C_F,5082241
RA,Control16_1_C_F,5082248
RA,Control16_1_C_F,5084127
RA,Control16_1_C_F,5084387
RA,Control16_1_C_F,5085404
RA,Control16_1_C_F,5085755
RA,Control16_1_C_F,5085800
RA,Control16_1_C_F,5087088
RA,Control16_1_C_F,5088010
RA,Control16_1_C_F,5089375
RA,Control16_1_C_F,5089801
RA,Control16_1_C_F,5090385
RA,Control16_1_C_F,5091175
RA,Control16_1_C_F,5091278
RA,Control16_1_C_F,5091527
RA,Control16_1_C_F,5091784
RA,Control16_1_C_F,5091989
RA,Control16_1_C_F,5092607
RA,Control16_1_C_F,5094238
RA,Control16_1_C_F,5094598
RA,Control16_1_C_F,4988780
RA,Control16_1_C_F,4990310
RA,Control16_1_C_F,4990928
RA,Control16_1_C_F,4992335
RA,Control16_1_C_F,4993503
RA,Control16_1_C_F,4993688
RA,Control16_1_C_F,4997241
RA,Control16_1_C_F,4999670
RA,Control16_1_C_F,5001826
RA,Control16_1_C_F,5002306
RA,Control16_1_C_F,5005259
RA,Control16_1_C_F,5020129
RA,Control16_1_C_F,5020474
RA,Control16_1_C_F,5024021
RA,Control16_1_C_F,5030699
RA,Control16_1_C_F,5033468
RA,Control16_1_C_F,5036243
RA,Control16_1_C_F,5036872
RA,Control16_1_C_F,5037624
RA,Control16_1_C_F,5041172
RA,Control16_1_C_F,5049942
RA,Control16_1_C_F,5051135
RA,Control16_1_C_F,5052523
RA,Control16_1_C_F,5058657
RA,Control16_1_C_F,5060689
RA,Control16_1_C_F,5063349
RA,Control16_1_C_F,5063698
RA,Control16_1_C_F,5064081
RA,Control16_1_C_F,5064375
RA,Control16_1_C_F,5069175
RA,Control16_1_C_F,5073583
RA,Control16_1_C_F,5074281
RA,Control16_1_C_F,5075626
RA,Control16_1_C_F,5082943
RA,Control16_1_C_F,5083562
RA,Control16_1_C_F,5084860
RA,Control16_1_C_F,5086831
RA,Control16_1_C_F,4989969
RA,Control16_1_C_F,4992669
RA,Control16_1_C_F,4999382
RA,Control16_1_C_F,5020044
RA,Control16_1_C_F,5024633
RA,Control16_1_C_F,5079953
RA,Control19_1_C_F,4988061
RA,Control19_1_C_F,4988092
RA,Control19_1_C_F,4988162
RA,Control19_1_C_F,4988570
RA,Control19_1_C_F,4988672
RA,Control19_1_C_F,4988689
RA,Control19_1_C_F,4988710
RA,Control19_1_C_F,4988911
RA,Control19_1_C_F,4989458
RA,Control19_1_C_F,4989797
RA,Control19_1_C_F,4990941
RA,Control19_1_C_F,4991065
RA,Control19_1_C_F,4992044
RA,Control19_1_C_F,4992257
RA,Control19_1_C_F,4992267
RA,Control19_1_C_F,4992407
RA,Control19_1_C_F,4992473
RA,Control19_1_C_F,4992530
RA,Control19_1_C_F,4992532
RA,Control19_1_C_F,4992983
RA,Control19_1_C_F,4993564
RA,Control19_1_C_F,4993575
RA,Control19_1_C_F,4993690
RA,Control19_1_C_F,4993827
RA,Control19_1_C_F,4993867
RA,Control19_1_C_F,4993870
RA,Control19_1_C_F,4993884
RA,Control19_1_C_F,4993944
RA,Control19_1_C_F,4994038
RA,Control19_1_C_F,4994130
RA,Control19_1_C_F,4994961
RA,Control19_1_C_F,4995125
RA,Control19_1_C_F,4995209
RA,Control19_1_C_F,4995246
RA,Control19_1_C_F,4995292
RA,Control19_1_C_F,4996019
RA,Control19_1_C_F,4996055
RA,Control19_1_C_F,4996153
RA,Control19_1_C_F,4996403
RA,Control19_1_C_F,4996532
RA,Control19_1_C_F,4997098
RA,Control19_1_C_F,4997141
RA,Control19_1_C_F,4997273
RA,Control19_1_C_F,4997284
RA,Control19_1_C_F,4997308
RA,Control19_1_C_F,4997731
RA,Control19_1_C_F,4997930
RA,Control19_1_C_F,4998074
RA,Control19_1_C_F,4998191
RA,Control19_1_C_F,4998390
RA,Control19_1_C_F,4998441
RA,Control19_1_C_F,4998492
RA,Control19_1_C_F,4998661
RA,Control19_1_C_F,4998675
RA,Control19_1_C_F,4998880
RA,Control19_1_C_F,4999385
RA,Control19_1_C_F,4999688
RA,Control19_1_C_F,5000112
RA,Control19_1_C_F,5000258
RA,Control19_1_C_F,5000818
RA,Control19_1_C_F,5001013
RA,Control19_1_C_F,5001094
RA,Control19_1_C_F,5001545
RA,Control19_1_C_F,5001719
RA,Control19_1_C_F,5001734
RA,Control19_1_C_F,5001944
RA,Control19_1_C_F,5002090
RA,Control19_1_C_F,5002223
RA,Control19_1_C_F,5002243
RA,Control19_1_C_F,5002352
RA,Control19_1_C_F,5002653
RA,Control19_1_C_F,5002851
RA,Control19_1_C_F,5003034
RA,Control19_1_C_F,5003156
RA,Control19_1_C_F,5003221
RA,Control19_1_C_F,5003318
RA,Control19_1_C_F,5003737
RA,Control19_1_C_F,5003895
RA,Control19_1_C_F,5003909
RA,Control19_1_C_F,5004008
RA,Control19_1_C_F,5004091
RA,Control19_1_C_F,5004093
RA,Control19_1_C_F,5004395
RA,Control19_1_C_F,5004447
RA,Control19_1_C_F,5004481
RA,Control19_1_C_F,5004821
RA,Control19_1_C_F,5004868
RA,Control19_1_C_F,5004924
RA,Control19_1_C_F,5005065
RA,Control19_1_C_F,5005258
RA,Control19_1_C_F,5005481
RA,Control19_1_C_F,5005566
RA,Control19_1_C_F,5005662
RA,Control19_1_C_F,5005714
RA,Control19_1_C_F,5005770
RA,Control19_1_C_F,5005966
RA,Control19_1_C_F,5006043
RA,Control19_1_C_F,5006056
RA,Control19_1_C_F,5006074
RA,Control19_1_C_F,5006092
RA,Control19_1_C_F,5006345
RA,Control19_1_C_F,5006458
RA,Control19_1_C_F,5006721
RA,Control19_1_C_F,5006778
RA,Control19_1_C_F,5006965
RA,Control19_1_C_F,5007075
RA,Control19_1_C_F,5007259
RA,Control19_1_C_F,5007304
RA,Control19_1_C_F,5007312
RA,Control19_1_C_F,5007337
RA,Control19_1_C_F,5007487
RA,Control19_1_C_F,5007569
RA,Control19_1_C_F,5007665
RA,Control19_1_C_F,5007714
RA,Control19_1_C_F,5007946
RA,Control19_1_C_F,5008135
RA,Control19_1_C_F,5008139
RA,Control19_1_C_F,5008183
RA,Control19_1_C_F,5008334
RA,Control19_1_C_F,5008410
RA,Control19_1_C_F,5008461
RA,Control19_1_C_F,5008554
RA,Control19_1_C_F,5008562
RA,Control19_1_C_F,5008652
RA,Control19_1_C_F,5008843
RA,Control19_1_C_F,5008890
RA,Control19_1_C_F,5008909
RA,Control19_1_C_F,5008942
RA,Control19_1_C_F,5009162
RA,Control19_1_C_F,5009209
RA,Control19_1_C_F,5009773
RA,Control19_1_C_F,5009878
RA,Control19_1_C_F,5009909
RA,Control19_1_C_F,5010025
RA,Control19_1_C_F,5010233
RA,Control19_1_C_F,5010293
RA,Control19_1_C_F,5010350
RA,Control19_1_C_F,5010407
RA,Control19_1_C_F,5010488
RA,Control19_1_C_F,5010526
RA,Control19_1_C_F,5010564
RA,Control19_1_C_F,5010600
RA,Control19_1_C_F,5010619
RA,Control19_1_C_F,5011009
RA,Control19_1_C_F,5011038
RA,Control19_1_C_F,5011173
RA,Control19_1_C_F,5011230
RA,Control19_1_C_F,5011270
RA,Control19_1_C_F,5011384
RA,Control19_1_C_F,5011821
RA,Control19_1_C_F,5011982
RA,Control19_1_C_F,5012040
RA,Control19_1_C_F,5012047
RA,Control19_1_C_F,5012119
RA,Control19_1_C_F,5012237
RA,Control19_1_C_F,5012529
RA,Control19_1_C_F,5012620
RA,Control19_1_C_F,5012707
RA,Control19_1_C_F,5012709
RA,Control19_1_C_F,5012835
RA,Control19_1_C_F,5012941
RA,Control19_1_C_F,5012948
RA,Control19_1_C_F,5013050
RA,Control19_1_C_F,5013053
RA,Control19_1_C_F,5013097
RA,Control19_1_C_F,5013145
RA,Control19_1_C_F,5013261
RA,Control19_1_C_F,5013356
RA,Control19_1_C_F,5013587
RA,Control19_1_C_F,5013596
RA,Control19_1_C_F,5013648
RA,Control19_1_C_F,5014337
RA,Control19_1_C_F,5014774
RA,Control19_1_C_F,5015001
RA,Control19_1_C_F,5015030
RA,Control19_1_C_F,5015240
RA,Control19_1_C_F,5015280
RA,Control19_1_C_F,5015683
RA,Control19_1_C_F,5015760
RA,Control19_1_C_F,5015771
RA,Control19_1_C_F,5015786
RA,Control19_1_C_F,5015837
RA,Control19_1_C_F,5015907
RA,Control19_1_C_F,5016012
RA,Control19_1_C_F,5016343
RA,Control19_1_C_F,5016348
RA,Control19_1_C_F,5016629
RA,Control19_1_C_F,5016665
RA,Control19_1_C_F,5017055
RA,Control19_1_C_F,5017140
RA,Control19_1_C_F,5017493
RA,Control19_1_C_F,5017576
RA,Control19_1_C_F,5017600
RA,Control19_1_C_F,5017726
RA,Control19_1_C_F,5017796
RA,Control19_1_C_F,5018003
RA,Control19_1_C_F,5018006
RA,Control19_1_C_F,5018151
RA,Control19_1_C_F,5018244
RA,Control19_1_C_F,5018796
RA,Control19_1_C_F,5018812
RA,Control19_1_C_F,5018846
RA,Control19_1_C_F,5018847
RA,Control19_1_C_F,5018914
RA,Control19_1_C_F,5019041
RA,Control19_1_C_F,5019313
RA,Control19_1_C_F,5019426
RA,Control19_1_C_F,5019492
RA,Control19_1_C_F,5019546
RA,Control19_1_C_F,5019651
RA,Control19_1_C_F,5019753
RA,Control19_1_C_F,5019761
RA,Control19_1_C_F,5019795
RA,Control19_1_C_F,5019962
RA,Control19_1_C_F,5019983
RA,Control19_1_C_F,5020041
RA,Control19_1_C_F,5020165
RA,Control19_1_C_F,5020331
RA,Control19_1_C_F,5020577
RA,Control19_1_C_F,5020607
RA,Control19_1_C_F,5020932
RA,Control19_1_C_F,5021338
RA,Control19_1_C_F,5021513
RA,Control19_1_C_F,5021542
RA,Control19_1_C_F,5021597
RA,Control19_1_C_F,5021612
RA,Control19_1_C_F,5021670
RA,Control19_1_C_F,5021687
RA,Control19_1_C_F,5021994
RA,Control19_1_C_F,5022163
RA,Control19_1_C_F,5022210
RA,Control19_1_C_F,5022413
RA,Control19_1_C_F,5022589
RA,Control19_1_C_F,5022614
RA,Control19_1_C_F,5022622
RA,Control19_1_C_F,5022706
RA,Control19_1_C_F,5022769
RA,Control19_1_C_F,5022860
RA,Control19_1_C_F,5023232
RA,Control19_1_C_F,5023283
RA,Control19_1_C_F,5023448
RA,Control19_1_C_F,5023454
RA,Control19_1_C_F,5023482
RA,Control19_1_C_F,5023565
RA,Control19_1_C_F,5023808
RA,Control19_1_C_F,5023986
RA,Control19_1_C_F,5024057
RA,Control19_1_C_F,5024105
RA,Control19_1_C_F,5024262
RA,Control19_1_C_F,5024401
RA,Control19_1_C_F,5024509
RA,Control19_1_C_F,5024548
RA,Control19_1_C_F,5024641
RA,Control19_1_C_F,5024756
RA,Control19_1_C_F,5024793
RA,Control19_1_C_F,5024836
RA,Control19_1_C_F,5024900
RA,Control19_1_C_F,5024953
RA,Control19_1_C_F,5024999
RA,Control19_1_C_F,5025102
RA,Control19_1_C_F,5025119
RA,Control19_1_C_F,5025644
RA,Control19_1_C_F,5025682
RA,Control19_1_C_F,5026296
RA,Control19_1_C_F,5026398
RA,Control19_1_C_F,5026501
RA,Control19_1_C_F,5026639
RA,Control19_1_C_F,5026679
RA,Control19_1_C_F,5026725
RA,Control19_1_C_F,5026851
RA,Control19_1_C_F,5026991
RA,Control19_1_C_F,5027100
RA,Control19_1_C_F,5027113
RA,Control19_1_C_F,5027223
RA,Control19_1_C_F,5027229
RA,Control19_1_C_F,5027435
RA,Control19_1_C_F,5027443
RA,Control19_1_C_F,5027444
RA,Control19_1_C_F,5027454
RA,Control19_1_C_F,5027485
RA,Control19_1_C_F,5027514
RA,Control19_1_C_F,5027515
RA,Control19_1_C_F,5027523
RA,Control19_1_C_F,5027636
RA,Control19_1_C_F,5027986
RA,Control19_1_C_F,5028088
RA,Control19_1_C_F,5028139
RA,Control19_1_C_F,5028169
RA,Control19_1_C_F,5028249
RA,Control19_1_C_F,5028607
RA,Control19_1_C_F,5029559
RA,Control19_1_C_F,5029696
RA,Control19_1_C_F,5030201
RA,Control19_1_C_F,5030598
RA,Control19_1_C_F,5030652
RA,Control19_1_C_F,5030655
RA,Control19_1_C_F,5030915
RA,Control19_1_C_F,5030941
RA,Control19_1_C_F,5030960
RA,Control19_1_C_F,5031094
RA,Control19_1_C_F,5031117
RA,Control19_1_C_F,5031206
RA,Control19_1_C_F,5031561
RA,Control19_1_C_F,5031956
RA,Control19_1_C_F,5032010
RA,Control19_1_C_F,5032022
RA,Control19_1_C_F,5032194
RA,Control19_1_C_F,5032290
RA,Control19_1_C_F,5032578
RA,Control19_1_C_F,5032634
RA,Control19_1_C_F,5032709
RA,Control19_1_C_F,5032742
RA,Control19_1_C_F,5032954
RA,Control19_1_C_F,5033054
RA,Control19_1_C_F,5033105
RA,Control19_1_C_F,5033520
RA,Control19_1_C_F,5033595
RA,Control19_1_C_F,5033625
RA,Control19_1_C_F,5033683
RA,Control19_1_C_F,5033823
RA,Control19_1_C_F,5033904
RA,Control19_1_C_F,5033981
RA,Control19_1_C_F,5034035
RA,Control19_1_C_F,5034081
RA,Control19_1_C_F,5034287
RA,Control19_1_C_F,5034292
RA,Control19_1_C_F,5034369
RA,Control19_1_C_F,5034436
RA,Control19_1_C_F,5034555
RA,Control19_1_C_F,5034967
RA,Control19_1_C_F,5035077
RA,Control19_1_C_F,5035109
RA,Control19_1_C_F,5035126
RA,Control19_1_C_F,5035146
RA,Control19_1_C_F,5035242
RA,Control19_1_C_F,5035308
RA,Control19_1_C_F,5035569
RA,Control19_1_C_F,5036314
RA,Control19_1_C_F,5036335
RA,Control19_1_C_F,5036385
RA,Control19_1_C_F,5036484
RA,Control19_1_C_F,5036906
RA,Control19_1_C_F,5037059
RA,Control19_1_C_F,5037097
RA,Control19_1_C_F,5037131
RA,Control19_1_C_F,5037234
RA,Control19_1_C_F,5037453
RA,Control19_1_C_F,5037515
RA,Control19_1_C_F,5037555
RA,Control19_1_C_F,5037769
RA,Control19_1_C_F,5037862
RA,Control19_1_C_F,5038153
RA,Control19_1_C_F,5038187
RA,Control19_1_C_F,5038282
RA,Control19_1_C_F,5038470
RA,Control19_1_C_F,5039285
RA,Control19_1_C_F,5039371
RA,Control19_1_C_F,5039402
RA,Control19_1_C_F,5039513
RA,Control19_1_C_F,5039821
RA,Control19_1_C_F,5039894
RA,Control19_1_C_F,5040231
RA,Control19_1_C_F,5040239
RA,Control19_1_C_F,5040314
RA,Control19_1_C_F,5040423
RA,Control19_1_C_F,5040518
RA,Control19_1_C_F,5040634
RA,Control19_1_C_F,5040727
RA,Control19_1_C_F,5041063
RA,Control19_1_C_F,5041203
RA,Control19_1_C_F,5041345
RA,Control19_1_C_F,5041367
RA,Control19_1_C_F,5041404
RA,Control19_1_C_F,5041678
RA,Control19_1_C_F,5041928
RA,Control19_1_C_F,5042166
RA,Control19_1_C_F,5042175
RA,Control19_1_C_F,5042179
RA,Control19_1_C_F,5042230
RA,Control19_1_C_F,5042476
RA,Control19_1_C_F,5042569
RA,Control19_1_C_F,5042754
RA,Control19_1_C_F,5042869
RA,Control19_1_C_F,5043224
RA,Control19_1_C_F,5043346
RA,Control19_1_C_F,5043584
RA,Control19_1_C_F,5043601
RA,Control19_1_C_F,5044057
RA,Control19_1_C_F,5044148
RA,Control19_1_C_F,5044356
RA,Control19_1_C_F,5044637
RA,Control19_1_C_F,5044745
RA,Control19_1_C_F,5044761
RA,Control19_1_C_F,5044785
RA,Control19_1_C_F,5044833
RA,Control19_1_C_F,5045193
RA,Control19_1_C_F,5045346
RA,Control19_1_C_F,5045469
RA,Control19_1_C_F,5045703
RA,Control19_1_C_F,5046012
RA,Control19_1_C_F,5046184
RA,Control19_1_C_F,5046212
RA,Control19_1_C_F,5046277
RA,Control19_1_C_F,5046284
RA,Control19_1_C_F,5046628
RA,Control19_1_C_F,5046808
RA,Control19_1_C_F,5047000
RA,Control19_1_C_F,5047128
RA,Control19_1_C_F,5047229
RA,Control19_1_C_F,5047237
RA,Control19_1_C_F,5047483
RA,Control19_1_C_F,5047716
RA,Control19_1_C_F,5047921
RA,Control19_1_C_F,5048029
RA,Control19_1_C_F,5048162
RA,Control19_1_C_F,5048289
RA,Control19_1_C_F,5048517
RA,Control19_1_C_F,5048854
RA,Control19_1_C_F,5048865
RA,Control19_1_C_F,5049147
RA,Control19_1_C_F,5049215
RA,Control19_1_C_F,5049227
RA,Control19_1_C_F,5049244
RA,Control19_1_C_F,5049503
RA,Control19_1_C_F,5049538
RA,Control19_1_C_F,5049639
RA,Control19_1_C_F,5049641
RA,Control19_1_C_F,5050263
RA,Control19_1_C_F,5050485
RA,Control19_1_C_F,5050625
RA,Control19_1_C_F,5050725
RA,Control19_1_C_F,5050750
RA,Control19_1_C_F,5050823
RA,Control19_1_C_F,5050900
RA,Control19_1_C_F,5050911
RA,Control19_1_C_F,5051120
RA,Control19_1_C_F,5051142
RA,Control19_1_C_F,5051266
RA,Control19_1_C_F,5051289
RA,Control19_1_C_F,5051406
RA,Control19_1_C_F,5051454
RA,Control19_1_C_F,5051491
RA,Control19_1_C_F,5051887
RA,Control19_1_C_F,5052080
RA,Control19_1_C_F,5052350
RA,Control19_1_C_F,5052361
RA,Control19_1_C_F,5052836
RA,Control19_1_C_F,5052972
RA,Control19_1_C_F,5052990
RA,Control19_1_C_F,5053030
RA,Control19_1_C_F,5053044
RA,Control19_1_C_F,5053354
RA,Control19_1_C_F,5053426
RA,Control19_1_C_F,5053723
RA,Control19_1_C_F,5054149
RA,Control19_1_C_F,5054321
RA,Control19_1_C_F,5054386
RA,Control19_1_C_F,5054566
RA,Control19_1_C_F,5054663
RA,Control19_1_C_F,5054872
RA,Control19_1_C_F,5055671
RA,Control19_1_C_F,5055826
RA,Control19_1_C_F,5055873
RA,Control19_1_C_F,5055916
RA,Control19_1_C_F,5056209
RA,Control19_1_C_F,5056262
RA,Control19_1_C_F,5056402
RA,Control19_1_C_F,5056625
RA,Control19_1_C_F,5056894
RA,Control19_1_C_F,5057335
RA,Control19_1_C_F,5057400
RA,Control19_1_C_F,5057500
RA,Control19_1_C_F,5057547
RA,Control19_1_C_F,5057572
RA,Control19_1_C_F,5057657
RA,Control19_1_C_F,5057686
RA,Control19_1_C_F,5057736
RA,Control19_1_C_F,5058128
RA,Control19_1_C_F,5058493
RA,Control19_1_C_F,5058498
RA,Control19_1_C_F,5058517
RA,Control19_1_C_F,5058590
RA,Control19_1_C_F,5058776
RA,Control19_1_C_F,5059168
RA,Control19_1_C_F,5059212
RA,Control19_1_C_F,5059300
RA,Control19_1_C_F,5059303
RA,Control19_1_C_F,5059320
RA,Control19_1_C_F,5059728
RA,Control19_1_C_F,5060110
RA,Control19_1_C_F,5060300
RA,Control19_1_C_F,5060426
RA,Control19_1_C_F,5060740
RA,Control19_1_C_F,5060807
RA,Control19_1_C_F,5060813
RA,Control19_1_C_F,5060837
RA,Control19_1_C_F,5060989
RA,Control19_1_C_F,5061405
RA,Control19_1_C_F,5061763
RA,Control19_1_C_F,5062013
RA,Control19_1_C_F,5062368
RA,Control19_1_C_F,5062746
RA,Control19_1_C_F,5062948
RA,Control19_1_C_F,5064283
RA,Control19_1_C_F,5064439
RA,Control19_1_C_F,5064483
RA,Control19_1_C_F,5064749
RA,Control19_1_C_F,5064849
RA,Control19_1_C_F,5065018
RA,Control19_1_C_F,5065138
RA,Control19_1_C_F,5065287
RA,Control19_1_C_F,5065476
RA,Control19_1_C_F,5065609
RA,Control19_1_C_F,5065850
RA,Control19_1_C_F,5066062
RA,Control19_1_C_F,5066065
RA,Control19_1_C_F,5066181
RA,Control19_1_C_F,5066916
RA,Control19_1_C_F,5067460
RA,Control19_1_C_F,5067647
RA,Control19_1_C_F,5068188
RA,Control19_1_C_F,5068233
RA,Control19_1_C_F,5068253
RA,Control19_1_C_F,5068256
RA,Control19_1_C_F,5068356
RA,Control19_1_C_F,5068625
RA,Control19_1_C_F,5068629
RA,Control19_1_C_F,5068813
RA,Control19_1_C_F,5068850
RA,Control19_1_C_F,5069145
RA,Control19_1_C_F,5069392
RA,Control19_1_C_F,5070705
RA,Control19_1_C_F,5070894
RA,Control19_1_C_F,5071491
RA,Control19_1_C_F,5071631
RA,Control19_1_C_F,5071867
RA,Control19_1_C_F,5072111
RA,Control19_1_C_F,5072411
RA,Control19_1_C_F,5072416
RA,Control19_1_C_F,5072429
RA,Control19_1_C_F,5072743
RA,Control19_1_C_F,5073070
RA,Control19_1_C_F,5073593
RA,Control19_1_C_F,5073803
RA,Control19_1_C_F,5074818
RA,Control19_1_C_F,5075871
RA,Control19_1_C_F,5076058
RA,Control19_1_C_F,5076111
RA,Control19_1_C_F,5076308
RA,Control19_1_C_F,5077135
RA,Control19_1_C_F,5077374
RA,Control19_1_C_F,5077816
RA,Control19_1_C_F,5077919
RA,Control19_1_C_F,5078335
RA,Control19_1_C_F,5079483
RA,Control19_1_C_F,5080568
RA,Control19_1_C_F,5080732
RA,Control19_1_C_F,5080770
RA,Control19_1_C_F,5080848
RA,Control19_1_C_F,5081578
RA,Control19_1_C_F,5081921
RA,Control19_1_C_F,5082067
RA,Control19_1_C_F,5082355
RA,Control19_1_C_F,5082669
RA,Control19_1_C_F,5082900
RA,Control19_1_C_F,5082929
RA,Control19_1_C_F,5083510
RA,Control19_1_C_F,5083599
RA,Control19_1_C_F,5083915
RA,Control19_1_C_F,5083982
RA,Control19_1_C_F,5084258
RA,Control19_1_C_F,5084506
RA,Control19_1_C_F,5084666
RA,Control19_1_C_F,5084940
RA,Control19_1_C_F,5085393
RA,Control19_1_C_F,5085469
RA,Control19_1_C_F,5085928
RA,Control19_1_C_F,5086003
RA,Control19_1_C_F,5086252
RA,Control19_1_C_F,5086426
RA,Control19_1_C_F,5086874
RA,Control19_1_C_F,5086891
RA,Control19_1_C_F,5087231
RA,Control19_1_C_F,5087607
RA,Control19_1_C_F,5087748
RA,Control19_1_C_F,5087905
RA,Control19_1_C_F,5088495
RA,Control19_1_C_F,5088632
RA,Control19_1_C_F,5089342
RA,Control19_1_C_F,5089569
RA,Control19_1_C_F,5089701
RA,Control19_1_C_F,5090401
RA,Control19_1_C_F,5091652
RA,Control19_1_C_F,5091792
RA,Control19_1_C_F,5091899
RA,Control19_1_C_F,5091961
RA,Control19_1_C_F,5092835
RA,Control19_1_C_F,5093308
RA,Control19_1_C_F,5094443
RA,Control19_1_C_F,5095113
RA,Control19_1_C_F,4993187
RA,Control19_1_C_F,4994182
RA,Control19_1_C_F,4995249
RA,Control19_1_C_F,4995433
RA,Control19_1_C_F,5000241
RA,Control19_1_C_F,5007339
RA,Control19_1_C_F,5007435
RA,Control19_1_C_F,5022999
RA,Control19_1_C_F,5023066
RA,Control19_1_C_F,5023785
RA,Control19_1_C_F,5024637
RA,Control19_1_C_F,5024753
RA,Control19_1_C_F,5025066
RA,Control19_1_C_F,5028184
RA,Control19_1_C_F,5029916
RA,Control19_1_C_F,5033963
RA,Control19_1_C_F,5035719
RA,Control19_1_C_F,5043909
RA,Control19_1_C_F,5043931
RA,Control19_1_C_F,5044193
RA,Control19_1_C_F,5049808
RA,Control19_1_C_F,5053938
RA,Control19_1_C_F,5056948
RA,Control19_1_C_F,5057981
RA,Control19_1_C_F,5057996
RA,Control19_1_C_F,5059292
RA,Control19_1_C_F,5060997
RA,Control19_1_C_F,5065710
RA,Control19_1_C_F,5065715
RA,Control19_1_C_F,5066325
RA,Control19_1_C_F,5067867
RA,Control19_1_C_F,5073128
RA,Control19_1_C_F,5074945
RA,Control19_1_C_F,5076342
RA,Control19_1_C_F,5077861
RA,Control19_1_C_F,5081253
RA,Control19_1_C_F,5081443
RA,Control19_1_C_F,5085796
RA,Control19_1_C_F,5085827
RA,Control19_1_C_F,5086909
RA,Control19_1_C_F,4988310
RA,Control19_1_C_F,4989367
RA,Control19_1_C_F,4990521
RA,Control19_1_C_F,4990670
RA,Control19_1_C_F,4992900
RA,Control19_1_C_F,4993303
RA,Control19_1_C_F,4993811
RA,Control19_1_C_F,4994703
RA,Control19_1_C_F,4994879
RA,Control19_1_C_F,4995091
RA,Control19_1_C_F,4997006
RA,Control19_1_C_F,4997594
RA,Control19_1_C_F,4998311
RA,Control19_1_C_F,4999233
RA,Control19_1_C_F,4999517
RA,Control19_1_C_F,4999647
RA,Control19_1_C_F,5001097
RA,Control19_1_C_F,5002632
RA,Control19_1_C_F,5004218
RA,Control19_1_C_F,5004780
RA,Control19_1_C_F,5004957
RA,Control19_1_C_F,5007394
RA,Control19_1_C_F,5007760
RA,Control19_1_C_F,5008056
RA,Control19_1_C_F,5008136
RA,Control19_1_C_F,5008159
RA,Control19_1_C_F,5009792
RA,Control19_1_C_F,5012140
RA,Control19_1_C_F,5013345
RA,Control19_1_C_F,5013513
RA,Control19_1_C_F,5015394
RA,Control19_1_C_F,5018210
RA,Control19_1_C_F,5018758
RA,Control19_1_C_F,5019984
RA,Control19_1_C_F,5020463
RA,Control19_1_C_F,5020709
RA,Control19_1_C_F,5021266
RA,Control19_1_C_F,5021328
RA,Control19_1_C_F,5027751
RA,Control19_1_C_F,5041117
RA,Control19_1_C_F,4990325
RA,Control19_1_C_F,5004844
RA,Control19_1_C_F,5005203
RA,Control19_1_C_F,5005781
RA,Control19_1_C_F,5009858
RA,Control19_1_C_F,5013529
RA,Control19_1_C_F,5015716
RA,Control19_1_C_F,5021494
RA,Control19_1_C_F,5024600
RA,Control19_1_C_F,5024714
RA,Control19_1_C_F,5024717
RA,Control19_1_C_F,5024810
RA,Control19_1_C_F,5031557
RA,Control19_1_C_F,5033532
RA,Control19_1_C_F,5036091
RA,Control19_1_C_F,5036579
RA,Control19_1_C_F,5039743
RA,Control19_1_C_F,5041797
RA,Control19_1_C_F,5046111
RA,Control19_1_C_F,5047911
RA,Control19_1_C_F,5053309
RA,Control19_1_C_F,5057551
RA,Control19_1_C_F,5060222
RA,Control19_1_C_F,5066557
RA,Control19_1_C_F,5008762
RA,Control19_1_C_F,5058400
RA,Control19_1_C_F,5063485
RA,Control19_1_C_F,5070719
RA,Control19_1_C_F,5075423
RA,Control19_1_C_F,5080540
RA,Control19_1_C_F,5081037
RA,Control19_1_C_F,5081162
RA,Control19_1_C_F,5081920
RA,Control19_1_C_F,5086623
RA,Control19_1_C_F,5088537
RA,Control19_1_C_F,5088840
RA,Control19_1_C_F,5089074
RA,Control19_1_C_F,5089179
RA,Control19_1_C_F,5089690
RA,Control19_1_C_F,5090187
RA,Control19_1_C_F,5090841
RA,Control19_1_C_F,5091023
RA,Control19_1_C_F,5091472
RA,Control19_1_C_F,5092135
RA,Control19_1_C_F,5092311
RA,Control19_1_C_F,5093155
RA,Control19_1_C_F,5094282
RA,Control19_1_C_F,5094412
RA,Control20_1_A_F,4987346
RA,Control20_1_A_F,4988695
RA,Control20_1_A_F,4988730
RA,Control20_1_A_F,4990493
RA,Control20_1_A_F,4990954
RA,Control20_1_A_F,4991444
RA,Control20_1_A_F,4992353
RA,Control20_1_A_F,4992651
RA,Control20_1_A_F,4993296
RA,Control20_1_A_F,4993651
RA,Control20_1_A_F,4994099
RA,Control20_1_A_F,4994357
RA,Control20_1_A_F,4994395
RA,Control20_1_A_F,4995534
RA,Control20_1_A_F,4996501
RA,Control20_1_A_F,4996502
RA,Control20_1_A_F,4996654
RA,Control20_1_A_F,4998251
RA,Control20_1_A_F,4998350
RA,Control20_1_A_F,4998466
RA,Control20_1_A_F,4998585
RA,Control20_1_A_F,4998659
RA,Control20_1_A_F,4998861
RA,Control20_1_A_F,4999215
RA,Control20_1_A_F,4999971
RA,Control20_1_A_F,5000351
RA,Control20_1_A_F,5000642
RA,Control20_1_A_F,5000868
RA,Control20_1_A_F,5001050
RA,Control20_1_A_F,5001189
RA,Control20_1_A_F,5001697
RA,Control20_1_A_F,5001728
RA,Control20_1_A_F,5002330
RA,Control20_1_A_F,5002501
RA,Control20_1_A_F,5002782
RA,Control20_1_A_F,5002853
RA,Control20_1_A_F,5002903
RA,Control20_1_A_F,5003019
RA,Control20_1_A_F,5003270
RA,Control20_1_A_F,5003332
RA,Control20_1_A_F,5003550
RA,Control20_1_A_F,5003757
RA,Control20_1_A_F,5003827
RA,Control20_1_A_F,5003832
RA,Control20_1_A_F,5004230
RA,Control20_1_A_F,5004769
RA,Control20_1_A_F,5004951
RA,Control20_1_A_F,5005314
RA,Control20_1_A_F,5005328
RA,Control20_1_A_F,5005459
RA,Control20_1_A_F,5005731
RA,Control20_1_A_F,5005873
RA,Control20_1_A_F,5005888
RA,Control20_1_A_F,5005922
RA,Control20_1_A_F,5006140
RA,Control20_1_A_F,5006402
RA,Control20_1_A_F,5006637
RA,Control20_1_A_F,5007156
RA,Control20_1_A_F,5007350
RA,Control20_1_A_F,5007743
RA,Control20_1_A_F,5007941
RA,Control20_1_A_F,5008359
RA,Control20_1_A_F,5008446
RA,Control20_1_A_F,5008460
RA,Control20_1_A_F,5008526
RA,Control20_1_A_F,5008592
RA,Control20_1_A_F,5008979
RA,Control20_1_A_F,5010062
RA,Control20_1_A_F,5010264
RA,Control20_1_A_F,5010288
RA,Control20_1_A_F,5010394
RA,Control20_1_A_F,5010425
RA,Control20_1_A_F,5010448
RA,Control20_1_A_F,5010860
RA,Control20_1_A_F,5010960
RA,Control20_1_A_F,5011121
RA,Control20_1_A_F,5011245
RA,Control20_1_A_F,5011338
RA,Control20_1_A_F,5011362
RA,Control20_1_A_F,5011962
RA,Control20_1_A_F,5012254
RA,Control20_1_A_F,5012402
RA,Control20_1_A_F,5012430
RA,Control20_1_A_F,5012584
RA,Control20_1_A_F,5012729
RA,Control20_1_A_F,5013048
RA,Control20_1_A_F,5013119
RA,Control20_1_A_F,5013218
RA,Control20_1_A_F,5013288
RA,Control20_1_A_F,5013645
RA,Control20_1_A_F,5013668
RA,Control20_1_A_F,5013918
RA,Control20_1_A_F,5014017
RA,Control20_1_A_F,5014465
RA,Control20_1_A_F,5014608
RA,Control20_1_A_F,5014641
RA,Control20_1_A_F,5014884
RA,Control20_1_A_F,5015202
RA,Control20_1_A_F,5015239
RA,Control20_1_A_F,5016110
RA,Control20_1_A_F,5016256
RA,Control20_1_A_F,5016585
RA,Control20_1_A_F,5016655
RA,Control20_1_A_F,5016945
RA,Control20_1_A_F,5017101
RA,Control20_1_A_F,5017315
RA,Control20_1_A_F,5017415
RA,Control20_1_A_F,5017894
RA,Control20_1_A_F,5018073
RA,Control20_1_A_F,5018187
RA,Control20_1_A_F,5018194
RA,Control20_1_A_F,5018392
RA,Control20_1_A_F,5018445
RA,Control20_1_A_F,5018475
RA,Control20_1_A_F,5019288
RA,Control20_1_A_F,5019397
RA,Control20_1_A_F,5019639
RA,Control20_1_A_F,5019665
RA,Control20_1_A_F,5019775
RA,Control20_1_A_F,5019931
RA,Control20_1_A_F,5020186
RA,Control20_1_A_F,5020272
RA,Control20_1_A_F,5020673
RA,Control20_1_A_F,5020721
RA,Control20_1_A_F,5020757
RA,Control20_1_A_F,5020943
RA,Control20_1_A_F,5021132
RA,Control20_1_A_F,5021467
RA,Control20_1_A_F,5021908
RA,Control20_1_A_F,5021982
RA,Control20_1_A_F,5022069
RA,Control20_1_A_F,5022125
RA,Control20_1_A_F,5022592
RA,Control20_1_A_F,5022834
RA,Control20_1_A_F,5022837
RA,Control20_1_A_F,5022993
RA,Control20_1_A_F,5023001
RA,Control20_1_A_F,5023011
RA,Control20_1_A_F,5023119
RA,Control20_1_A_F,5023154
RA,Control20_1_A_F,5023184
RA,Control20_1_A_F,5023282
RA,Control20_1_A_F,5023384
RA,Control20_1_A_F,5023393
RA,Control20_1_A_F,5023517
RA,Control20_1_A_F,5023608
RA,Control20_1_A_F,5023654
RA,Control20_1_A_F,5023886
RA,Control20_1_A_F,5024002
RA,Control20_1_A_F,5024252
RA,Control20_1_A_F,5024557
RA,Control20_1_A_F,5024871
RA,Control20_1_A_F,5024983
RA,Control20_1_A_F,5025059
RA,Control20_1_A_F,5025112
RA,Control20_1_A_F,5025465
RA,Control20_1_A_F,5025750
RA,Control20_1_A_F,5025786
RA,Control20_1_A_F,5025789
RA,Control20_1_A_F,5025799
RA,Control20_1_A_F,5025858
RA,Control20_1_A_F,5025930
RA,Control20_1_A_F,5026236
RA,Control20_1_A_F,5026298
RA,Control20_1_A_F,5026380
RA,Control20_1_A_F,5026432
RA,Control20_1_A_F,5026444
RA,Control20_1_A_F,5026834
RA,Control20_1_A_F,5027045
RA,Control20_1_A_F,5027060
RA,Control20_1_A_F,5027068
RA,Control20_1_A_F,5027121
RA,Control20_1_A_F,5027137
RA,Control20_1_A_F,5027226
RA,Control20_1_A_F,5027275
RA,Control20_1_A_F,5027644
RA,Control20_1_A_F,5027655
RA,Control20_1_A_F,5027708
RA,Control20_1_A_F,5027765
RA,Control20_1_A_F,5027803
RA,Control20_1_A_F,5027833
RA,Control20_1_A_F,5027984
RA,Control20_1_A_F,5028028
RA,Control20_1_A_F,5028215
RA,Control20_1_A_F,5028226
RA,Control20_1_A_F,5028470
RA,Control20_1_A_F,5028491
RA,Control20_1_A_F,5028507
RA,Control20_1_A_F,5028632
RA,Control20_1_A_F,5028708
RA,Control20_1_A_F,5028947
RA,Control20_1_A_F,5029419
RA,Control20_1_A_F,5029446
RA,Control20_1_A_F,5029470
RA,Control20_1_A_F,5029478
RA,Control20_1_A_F,5029640
RA,Control20_1_A_F,5029740
RA,Control20_1_A_F,5029762
RA,Control20_1_A_F,5029798
RA,Control20_1_A_F,5029945
RA,Control20_1_A_F,5030132
RA,Control20_1_A_F,5030148
RA,Control20_1_A_F,5030260
RA,Control20_1_A_F,5030466
RA,Control20_1_A_F,5030525
RA,Control20_1_A_F,5030647
RA,Control20_1_A_F,5030663
RA,Control20_1_A_F,5030801
RA,Control20_1_A_F,5031191
RA,Control20_1_A_F,5032286
RA,Control20_1_A_F,5032627
RA,Control20_1_A_F,5032758
RA,Control20_1_A_F,5032963
RA,Control20_1_A_F,5033048
RA,Control20_1_A_F,5033252
RA,Control20_1_A_F,5033310
RA,Control20_1_A_F,5033318
RA,Control20_1_A_F,5033605
RA,Control20_1_A_F,5033615
RA,Control20_1_A_F,5034076
RA,Control20_1_A_F,5034209
RA,Control20_1_A_F,5034273
RA,Control20_1_A_F,5034389
RA,Control20_1_A_F,5034430
RA,Control20_1_A_F,5034477
RA,Control20_1_A_F,5034546
RA,Control20_1_A_F,5034563
RA,Control20_1_A_F,5034778
RA,Control20_1_A_F,5034841
RA,Control20_1_A_F,5035099
RA,Control20_1_A_F,5035179
RA,Control20_1_A_F,5035371
RA,Control20_1_A_F,5035522
RA,Control20_1_A_F,5035528
RA,Control20_1_A_F,5035567
RA,Control20_1_A_F,5035638
RA,Control20_1_A_F,5035731
RA,Control20_1_A_F,5035900
RA,Control20_1_A_F,5036350
RA,Control20_1_A_F,5036369
RA,Control20_1_A_F,5036495
RA,Control20_1_A_F,5036599
RA,Control20_1_A_F,5036648
RA,Control20_1_A_F,5036784
RA,Control20_1_A_F,5036829
RA,Control20_1_A_F,5036888
RA,Control20_1_A_F,5036926
RA,Control20_1_A_F,5037008
RA,Control20_1_A_F,5037081
RA,Control20_1_A_F,5037585
RA,Control20_1_A_F,5037603
RA,Control20_1_A_F,5037724
RA,Control20_1_A_F,5037787
RA,Control20_1_A_F,5037836
RA,Control20_1_A_F,5038006
RA,Control20_1_A_F,5038019
RA,Control20_1_A_F,5038283
RA,Control20_1_A_F,5038289
RA,Control20_1_A_F,5038392
RA,Control20_1_A_F,5038443
RA,Control20_1_A_F,5038558
RA,Control20_1_A_F,5038824
RA,Control20_1_A_F,5039049
RA,Control20_1_A_F,5039248
RA,Control20_1_A_F,5039267
RA,Control20_1_A_F,5039289
RA,Control20_1_A_F,5039324
RA,Control20_1_A_F,5039531
RA,Control20_1_A_F,5039746
RA,Control20_1_A_F,5039756
RA,Control20_1_A_F,5039972
RA,Control20_1_A_F,5040301
RA,Control20_1_A_F,5040553
RA,Control20_1_A_F,5040934
RA,Control20_1_A_F,5041029
RA,Control20_1_A_F,5041030
RA,Control20_1_A_F,5041169
RA,Control20_1_A_F,5041268
RA,Control20_1_A_F,5041354
RA,Control20_1_A_F,5041716
RA,Control20_1_A_F,5041757
RA,Control20_1_A_F,5041836
RA,Control20_1_A_F,5041875
RA,Control20_1_A_F,5041975
RA,Control20_1_A_F,5042172
RA,Control20_1_A_F,5042415
RA,Control20_1_A_F,5042624
RA,Control20_1_A_F,5042648
RA,Control20_1_A_F,5042961
RA,Control20_1_A_F,5043027
RA,Control20_1_A_F,5043084
RA,Control20_1_A_F,5043201
RA,Control20_1_A_F,5043213
RA,Control20_1_A_F,5043879
RA,Control20_1_A_F,5043913
RA,Control20_1_A_F,5043965
RA,Control20_1_A_F,5043970
RA,Control20_1_A_F,5044139
RA,Control20_1_A_F,5044336
RA,Control20_1_A_F,5044414
RA,Control20_1_A_F,5044498
RA,Control20_1_A_F,5044580
RA,Control20_1_A_F,5044821
RA,Control20_1_A_F,5044947
RA,Control20_1_A_F,5044955
RA,Control20_1_A_F,5045086
RA,Control20_1_A_F,5045091
RA,Control20_1_A_F,5045504
RA,Control20_1_A_F,5045527
RA,Control20_1_A_F,5045568
RA,Control20_1_A_F,5045712
RA,Control20_1_A_F,5045780
RA,Control20_1_A_F,5045849
RA,Control20_1_A_F,5046054
RA,Control20_1_A_F,5046217
RA,Control20_1_A_F,5046315
RA,Control20_1_A_F,5046985
RA,Control20_1_A_F,5047068
RA,Control20_1_A_F,5047198
RA,Control20_1_A_F,5047375
RA,Control20_1_A_F,5047514
RA,Control20_1_A_F,5047701
RA,Control20_1_A_F,5047827
RA,Control20_1_A_F,5047844
RA,Control20_1_A_F,5047906
RA,Control20_1_A_F,5047968
RA,Control20_1_A_F,5047988
RA,Control20_1_A_F,5047994
RA,Control20_1_A_F,5048120
RA,Control20_1_A_F,5048198
RA,Control20_1_A_F,5048458
RA,Control20_1_A_F,5048513
RA,Control20_1_A_F,5048643
RA,Control20_1_A_F,5048710
RA,Control20_1_A_F,5048782
RA,Control20_1_A_F,5049013
RA,Control20_1_A_F,5049068
RA,Control20_1_A_F,5049237
RA,Control20_1_A_F,5049482
RA,Control20_1_A_F,5049680
RA,Control20_1_A_F,5049740
RA,Control20_1_A_F,5049840
RA,Control20_1_A_F,5049922
RA,Control20_1_A_F,5049984
RA,Control20_1_A_F,5050171
RA,Control20_1_A_F,5050452
RA,Control20_1_A_F,5050463
RA,Control20_1_A_F,5050474
RA,Control20_1_A_F,5050527
RA,Control20_1_A_F,5050652
RA,Control20_1_A_F,5050898
RA,Control20_1_A_F,5050985
RA,Control20_1_A_F,5051127
RA,Control20_1_A_F,5051457
RA,Control20_1_A_F,5051638
RA,Control20_1_A_F,5051740
RA,Control20_1_A_F,5051756
RA,Control20_1_A_F,5051831
RA,Control20_1_A_F,5052678
RA,Control20_1_A_F,5052734
RA,Control20_1_A_F,5052980
RA,Control20_1_A_F,5052981
RA,Control20_1_A_F,5053106
RA,Control20_1_A_F,5053243
RA,Control20_1_A_F,5053381
RA,Control20_1_A_F,5053599
RA,Control20_1_A_F,5053627
RA,Control20_1_A_F,5053850
RA,Control20_1_A_F,5053912
RA,Control20_1_A_F,5053974
RA,Control20_1_A_F,5054174
RA,Control20_1_A_F,5054651
RA,Control20_1_A_F,5054825
RA,Control20_1_A_F,5054841
RA,Control20_1_A_F,5054887
RA,Control20_1_A_F,5054976
RA,Control20_1_A_F,5055434
RA,Control20_1_A_F,5055464
RA,Control20_1_A_F,5055562
RA,Control20_1_A_F,5055609
RA,Control20_1_A_F,5055714
RA,Control20_1_A_F,5055734
RA,Control20_1_A_F,5055773
RA,Control20_1_A_F,5055837
RA,Control20_1_A_F,5055903
RA,Control20_1_A_F,5056322
RA,Control20_1_A_F,5056587
RA,Control20_1_A_F,5056647
RA,Control20_1_A_F,5056971
RA,Control20_1_A_F,5057083
RA,Control20_1_A_F,5057177
RA,Control20_1_A_F,5057257
RA,Control20_1_A_F,5057340
RA,Control20_1_A_F,5057392
RA,Control20_1_A_F,5057456
RA,Control20_1_A_F,5057584
RA,Control20_1_A_F,5057628
RA,Control20_1_A_F,5057693
RA,Control20_1_A_F,5057914
RA,Control20_1_A_F,5058061
RA,Control20_1_A_F,5058094
RA,Control20_1_A_F,5058172
RA,Control20_1_A_F,5058190
RA,Control20_1_A_F,5058331
RA,Control20_1_A_F,5058370
RA,Control20_1_A_F,5058575
RA,Control20_1_A_F,5058708
RA,Control20_1_A_F,5058720
RA,Control20_1_A_F,5059246
RA,Control20_1_A_F,5059323
RA,Control20_1_A_F,5059835
RA,Control20_1_A_F,5060112
RA,Control20_1_A_F,5060317
RA,Control20_1_A_F,5060535
RA,Control20_1_A_F,5060920
RA,Control20_1_A_F,5060991
RA,Control20_1_A_F,5061035
RA,Control20_1_A_F,5061192
RA,Control20_1_A_F,5061200
RA,Control20_1_A_F,5061256
RA,Control20_1_A_F,5061287
RA,Control20_1_A_F,5061530
RA,Control20_1_A_F,5061941
RA,Control20_1_A_F,5061994
RA,Control20_1_A_F,5062093
RA,Control20_1_A_F,5062540
RA,Control20_1_A_F,5062764
RA,Control20_1_A_F,5062966
RA,Control20_1_A_F,5063152
RA,Control20_1_A_F,5063164
RA,Control20_1_A_F,5063557
RA,Control20_1_A_F,5064010
RA,Control20_1_A_F,5064286
RA,Control20_1_A_F,5064501
RA,Control20_1_A_F,5064602
RA,Control20_1_A_F,5064840
RA,Control20_1_A_F,5065010
RA,Control20_1_A_F,5065176
RA,Control20_1_A_F,5065449
RA,Control20_1_A_F,5065665
RA,Control20_1_A_F,5065728
RA,Control20_1_A_F,5065887
RA,Control20_1_A_F,5066433
RA,Control20_1_A_F,5066452
RA,Control20_1_A_F,5066591
RA,Control20_1_A_F,5066977
RA,Control20_1_A_F,5066998
RA,Control20_1_A_F,5067061
RA,Control20_1_A_F,5067724
RA,Control20_1_A_F,5067816
RA,Control20_1_A_F,5068148
RA,Control20_1_A_F,5068242
RA,Control20_1_A_F,5068334
RA,Control20_1_A_F,5068373
RA,Control20_1_A_F,5068432
RA,Control20_1_A_F,5068576
RA,Control20_1_A_F,5068734
RA,Control20_1_A_F,5068776
RA,Control20_1_A_F,5068855
RA,Control20_1_A_F,5068862
RA,Control20_1_A_F,5068957
RA,Control20_1_A_F,5069058
RA,Control20_1_A_F,5069074
RA,Control20_1_A_F,5069300
RA,Control20_1_A_F,5069336
RA,Control20_1_A_F,5069920
RA,Control20_1_A_F,5070378
RA,Control20_1_A_F,5070412
RA,Control20_1_A_F,5070620
RA,Control20_1_A_F,5070767
RA,Control20_1_A_F,5070772
RA,Control20_1_A_F,5070919
RA,Control20_1_A_F,5070972
RA,Control20_1_A_F,5070981
RA,Control20_1_A_F,5071220
RA,Control20_1_A_F,5071494
RA,Control20_1_A_F,5071585
RA,Control20_1_A_F,5071740
RA,Control20_1_A_F,5071759
RA,Control20_1_A_F,5072088
RA,Control20_1_A_F,5072531
RA,Control20_1_A_F,5072550
RA,Control20_1_A_F,5072706
RA,Control20_1_A_F,5072915
RA,Control20_1_A_F,5073060
RA,Control20_1_A_F,5073829
RA,Control20_1_A_F,5074659
RA,Control20_1_A_F,5075117
RA,Control20_1_A_F,5075136
RA,Control20_1_A_F,5075397
RA,Control20_1_A_F,5075502
RA,Control20_1_A_F,5076648
RA,Control20_1_A_F,5077060
RA,Control20_1_A_F,5077373
RA,Control20_1_A_F,5077519
RA,Control20_1_A_F,5077685
RA,Control20_1_A_F,5078404
RA,Control20_1_A_F,5078791
RA,Control20_1_A_F,5078954
RA,Control20_1_A_F,5079383
RA,Control20_1_A_F,5079426
RA,Control20_1_A_F,5079475
RA,Control20_1_A_F,5079548
RA,Control20_1_A_F,5079890
RA,Control20_1_A_F,5080138
RA,Control20_1_A_F,5080163
RA,Control20_1_A_F,5080304
RA,Control20_1_A_F,5080375
RA,Control20_1_A_F,5080756
RA,Control20_1_A_F,5081247
RA,Control20_1_A_F,5081614
RA,Control20_1_A_F,5081698
RA,Control20_1_A_F,5082200
RA,Control20_1_A_F,5082204
RA,Control20_1_A_F,5082293
RA,Control20_1_A_F,5082546
RA,Control20_1_A_F,5082562
RA,Control20_1_A_F,5082658
RA,Control20_1_A_F,5083127
RA,Control20_1_A_F,5083240
RA,Control20_1_A_F,5083344
RA,Control20_1_A_F,5083467
RA,Control20_1_A_F,5083574
RA,Control20_1_A_F,5083682
RA,Control20_1_A_F,5083977
RA,Control20_1_A_F,5084864
RA,Control20_1_A_F,5084991
RA,Control20_1_A_F,5085017
RA,Control20_1_A_F,5085043
RA,Control20_1_A_F,5085488
RA,Control20_1_A_F,5085491
RA,Control20_1_A_F,5086712
RA,Control20_1_A_F,5086751
RA,Control20_1_A_F,5086962
RA,Control20_1_A_F,5087147
RA,Control20_1_A_F,5087150
RA,Control20_1_A_F,5087275
RA,Control20_1_A_F,5087735
RA,Control20_1_A_F,5087942
RA,Control20_1_A_F,5089002
RA,Control20_1_A_F,5089025
RA,Control20_1_A_F,5089290
RA,Control20_1_A_F,5089424
RA,Control20_1_A_F,5089506
RA,Control20_1_A_F,5089522
RA,Control20_1_A_F,5089711
RA,Control20_1_A_F,5089718
RA,Control20_1_A_F,5089901
RA,Control20_1_A_F,5090089
RA,Control20_1_A_F,5090091
RA,Control20_1_A_F,5090673
RA,Control20_1_A_F,5090716
RA,Control20_1_A_F,5090849
RA,Control20_1_A_F,5091022
RA,Control20_1_A_F,5091187
RA,Control20_1_A_F,5091445
RA,Control20_1_A_F,5091457
RA,Control20_1_A_F,5091682
RA,Control20_1_A_F,5091735
RA,Control20_1_A_F,5091756
RA,Control20_1_A_F,5091984
RA,Control20_1_A_F,5092195
RA,Control20_1_A_F,5092374
RA,Control20_1_A_F,5092409
RA,Control20_1_A_F,5092541
RA,Control20_1_A_F,5092580
RA,Control20_1_A_F,5092682
RA,Control20_1_A_F,5092692
RA,Control20_1_A_F,5092714
RA,Control20_1_A_F,5092859
RA,Control20_1_A_F,5093031
RA,Control20_1_A_F,5093067
RA,Control20_1_A_F,5093143
RA,Control20_1_A_F,5093154
RA,Control20_1_A_F,5093395
RA,Control20_1_A_F,5093468
RA,Control20_1_A_F,5093482
RA,Control20_1_A_F,5093490
RA,Control20_1_A_F,5093541
RA,Control20_1_A_F,5093558
RA,Control20_1_A_F,5093591
RA,Control20_1_A_F,5093647
RA,Control20_1_A_F,5093729
RA,Control20_1_A_F,5093767
RA,Control20_1_A_F,5093820
RA,Control20_1_A_F,5093865
RA,Control20_1_A_F,5093925
RA,Control20_1_A_F,5093948
RA,Control20_1_A_F,5093988
RA,Control20_1_A_F,5094167
RA,Control20_1_A_F,5094245
RA,Control20_1_A_F,5094298
RA,Control20_1_A_F,5094317
RA,Control20_1_A_F,5094341
RA,Control20_1_A_F,5094423
RA,Control20_1_A_F,5094459
RA,Control20_1_A_F,5094745
RA,Control20_1_A_F,5094768
RA,Control20_1_A_F,5094862
RA,Control20_1_A_F,5095061
RA,Control20_1_A_F,5003762
RA,Control20_1_A_F,5004941
RA,Control20_1_A_F,5015069
RA,Control20_1_A_F,5020162
RA,Control20_1_A_F,5024881
RA,Control20_1_A_F,5028985
RA,Control20_1_A_F,5035177
RA,Control20_1_A_F,5044850
RA,Control20_1_A_F,5046065
RA,Control20_1_A_F,5058268
RA,Control20_1_A_F,5058610
RA,Control20_1_A_F,5062474
RA,Control20_1_A_F,5064862
RA,Control20_1_A_F,5072925
RA,Control20_1_A_F,5079073
RA,Control20_1_A_F,5080525
RA,Control20_1_A_F,5081017
RA,Control20_1_A_F,5082858
RA,Control20_1_A_F,5086197
RA,Control20_1_A_F,5087893
RA,Control20_1_A_F,5090434
RA,Control20_1_A_F,5091435
RA,Control20_1_A_F,4987327
RA,Control20_1_A_F,4987512
RA,Control20_1_A_F,4987856
RA,Control20_1_A_F,4988093
RA,Control20_1_A_F,4988686
RA,Control20_1_A_F,4990299
RA,Control20_1_A_F,4991277
RA,Control20_1_A_F,4991583
RA,Control20_1_A_F,4991733
RA,Control20_1_A_F,4991868
RA,Control20_1_A_F,4991923
RA,Control20_1_A_F,4994230
RA,Control20_1_A_F,4995337
RA,Control20_1_A_F,4996257
RA,Control20_1_A_F,4997134
RA,Control20_1_A_F,4997766
RA,Control20_1_A_F,4998321
RA,Control20_1_A_F,4998681
RA,Control20_1_A_F,5002251
RA,Control20_1_A_F,5004451
RA,Control20_1_A_F,5005803
RA,Control20_1_A_F,5006856
RA,Control20_1_A_F,5007967
RA,Control20_1_A_F,5010253
RA,Control20_1_A_F,5013302
RA,Control20_1_A_F,5015361
RA,Control20_1_A_F,5017304
RA,Control20_1_A_F,5017359
RA,Control20_1_A_F,5017718
RA,Control20_1_A_F,5018200
RA,Control20_1_A_F,5019737
RA,Control20_1_A_F,5020031
RA,Control20_1_A_F,5024127
RA,Control20_1_A_F,5025088
RA,Control20_1_A_F,5025862
RA,Control20_1_A_F,5026724
RA,Control20_1_A_F,5027346
RA,Control20_1_A_F,5030513
RA,Control20_1_A_F,5032612
RA,Control20_1_A_F,5040451
RA,Control20_1_A_F,5003058
RA,Control20_1_A_F,5004975
RA,Control20_1_A_F,5005621
RA,Control20_1_A_F,5006170
RA,Control20_1_A_F,5015006
RA,Control20_1_A_F,5026761
RA,Control20_1_A_F,5052092
RA,Control20_1_A_F,5056756
RA,Control20_1_A_F,5068980
RA,Control20_1_A_F,5069677
RA,Control20_1_A_F,5062441
RA,Control20_1_A_F,5075378
RA,Control20_1_A_F,5077329
RA,Control20_1_A_F,5077886
RA,Control20_1_A_F,5077907
RA,Control20_1_A_F,5079304
RA,Control20_1_A_F,5079617
RA,Control20_1_A_F,5081211
RA,Control20_1_A_F,5083565
RA,Control20_1_A_F,5085119
RA,Control20_1_A_F,5085479
RA,Control20_1_A_F,5086029
RA,Control20_1_A_F,5087029
RA,Control20_1_A_F,5087536
RA,Control20_1_A_F,5088033
RA,Control20_1_A_F,5088300
RA,Control20_1_A_F,5088326
RA,Control20_1_A_F,5088843
RA,Control20_1_A_F,5089364
RA,Control20_1_A_F,5090081
RA,Control20_1_A_F,5090151
RA,Control20_1_A_F,5090546
RA,Control20_1_A_F,5090594
RA,Control20_1_A_F,5090647
RA,Control20_1_A_F,5090774
RA,Control20_1_A_F,5091594
RA,Control20_1_A_F,5091836
RA,Control20_1_A_F,5091848
RA,Control20_1_A_F,5091902
RA,Control20_1_A_F,5091948
RA,Control20_1_A_F,5092194
RA,Control20_1_A_F,5092572
RA,Control20_1_A_F,5092602
RA,Control20_1_A_F,5092798
RA,Control20_1_A_F,5092980
RA,Control20_1_A_F,5093164
RA,Control20_1_A_F,5093288
RA,Control20_1_A_F,5093432
RA,Control20_1_A_F,5093513
RA,Control20_1_A_F,5093839
RA,Control21_1_C_F,4987492
RA,Control21_1_C_F,4989709
RA,Control21_1_C_F,4989792
RA,Control21_1_C_F,4990226
RA,Control21_1_C_F,4991450
RA,Control21_1_C_F,4991718
RA,Control21_1_C_F,4992193
RA,Control21_1_C_F,4992579
RA,Control21_1_C_F,4993322
RA,Control21_1_C_F,4994170
RA,Control21_1_C_F,4994734
RA,Control21_1_C_F,4994924
RA,Control21_1_C_F,4995309
RA,Control21_1_C_F,4995788
RA,Control21_1_C_F,4995959
RA,Control21_1_C_F,4996287
RA,Control21_1_C_F,4996476
RA,Control21_1_C_F,4997469
RA,Control21_1_C_F,4998266
RA,Control21_1_C_F,4998828
RA,Control21_1_C_F,4998922
RA,Control21_1_C_F,4998980
RA,Control21_1_C_F,4999244
RA,Control21_1_C_F,4999358
RA,Control21_1_C_F,4999729
RA,Control21_1_C_F,4999905
RA,Control21_1_C_F,5000232
RA,Control21_1_C_F,5000243
RA,Control21_1_C_F,5000491
RA,Control21_1_C_F,5002664
RA,Control21_1_C_F,5003057
RA,Control21_1_C_F,5003065
RA,Control21_1_C_F,5003088
RA,Control21_1_C_F,5003246
RA,Control21_1_C_F,5003354
RA,Control21_1_C_F,5003407
RA,Control21_1_C_F,5003658
RA,Control21_1_C_F,5003674
RA,Control21_1_C_F,5003728
RA,Control21_1_C_F,5003781
RA,Control21_1_C_F,5003984
RA,Control21_1_C_F,5004045
RA,Control21_1_C_F,5004073
RA,Control21_1_C_F,5004450
RA,Control21_1_C_F,5004974
RA,Control21_1_C_F,5005059
RA,Control21_1_C_F,5005123
RA,Control21_1_C_F,5005188
RA,Control21_1_C_F,5005478
RA,Control21_1_C_F,5005486
RA,Control21_1_C_F,5005636
RA,Control21_1_C_F,5005751
RA,Control21_1_C_F,5006073
RA,Control21_1_C_F,5006237
RA,Control21_1_C_F,5006475
RA,Control21_1_C_F,5006539
RA,Control21_1_C_F,5006611
RA,Control21_1_C_F,5006739
RA,Control21_1_C_F,5006824
RA,Control21_1_C_F,5007059
RA,Control21_1_C_F,5007176
RA,Control21_1_C_F,5007320
RA,Control21_1_C_F,5007491
RA,Control21_1_C_F,5007655
RA,Control21_1_C_F,5007864
RA,Control21_1_C_F,5007978
RA,Control21_1_C_F,5008005
RA,Control21_1_C_F,5008046
RA,Control21_1_C_F,5008464
RA,Control21_1_C_F,5008861
RA,Control21_1_C_F,5008882
RA,Control21_1_C_F,5009022
RA,Control21_1_C_F,5009194
RA,Control21_1_C_F,5009274
RA,Control21_1_C_F,5009393
RA,Control21_1_C_F,5009496
RA,Control21_1_C_F,5009517
RA,Control21_1_C_F,5009665
RA,Control21_1_C_F,5009818
RA,Control21_1_C_F,5009964
RA,Control21_1_C_F,5009999
RA,Control21_1_C_F,5010020
RA,Control21_1_C_F,5010091
RA,Control21_1_C_F,5010343
RA,Control21_1_C_F,5010597
RA,Control21_1_C_F,5010658
RA,Control21_1_C_F,5010669
RA,Control21_1_C_F,5010992
RA,Control21_1_C_F,5011094
RA,Control21_1_C_F,5011264
RA,Control21_1_C_F,5011493
RA,Control21_1_C_F,5011782
RA,Control21_1_C_F,5011887
RA,Control21_1_C_F,5011971
RA,Control21_1_C_F,5012167
RA,Control21_1_C_F,5012176
RA,Control21_1_C_F,5012180
RA,Control21_1_C_F,5012246
RA,Control21_1_C_F,5012437
RA,Control21_1_C_F,5012536
RA,Control21_1_C_F,5013077
RA,Control21_1_C_F,5013359
RA,Control21_1_C_F,5013364
RA,Control21_1_C_F,5013543
RA,Control21_1_C_F,5013592
RA,Control21_1_C_F,5013623
RA,Control21_1_C_F,5013783
RA,Control21_1_C_F,5014656
RA,Control21_1_C_F,5014710
RA,Control21_1_C_F,5014728
RA,Control21_1_C_F,5014743
RA,Control21_1_C_F,5015010
RA,Control21_1_C_F,5015272
RA,Control21_1_C_F,5015354
RA,Control21_1_C_F,5015393
RA,Control21_1_C_F,5015553
RA,Control21_1_C_F,5015848
RA,Control21_1_C_F,5016171
RA,Control21_1_C_F,5016206
RA,Control21_1_C_F,5016253
RA,Control21_1_C_F,5016338
RA,Control21_1_C_F,5016452
RA,Control21_1_C_F,5016541
RA,Control21_1_C_F,5016725
RA,Control21_1_C_F,5016754
RA,Control21_1_C_F,5016910
RA,Control21_1_C_F,5017018
RA,Control21_1_C_F,5017122
RA,Control21_1_C_F,5017444
RA,Control21_1_C_F,5017612
RA,Control21_1_C_F,5017661
RA,Control21_1_C_F,5017918
RA,Control21_1_C_F,5017965
RA,Control21_1_C_F,5017976
RA,Control21_1_C_F,5018120
RA,Control21_1_C_F,5018348
RA,Control21_1_C_F,5018640
RA,Control21_1_C_F,5018768
RA,Control21_1_C_F,5018770
RA,Control21_1_C_F,5018798
RA,Control21_1_C_F,5018857
RA,Control21_1_C_F,5018953
RA,Control21_1_C_F,5019044
RA,Control21_1_C_F,5019118
RA,Control21_1_C_F,5019264
RA,Control21_1_C_F,5019345
RA,Control21_1_C_F,5019389
RA,Control21_1_C_F,5019413
RA,Control21_1_C_F,5019762
RA,Control21_1_C_F,5020210
RA,Control21_1_C_F,5020715
RA,Control21_1_C_F,5020754
RA,Control21_1_C_F,5021178
RA,Control21_1_C_F,5021495
RA,Control21_1_C_F,5021579
RA,Control21_1_C_F,5021736
RA,Control21_1_C_F,5021747
RA,Control21_1_C_F,5021801
RA,Control21_1_C_F,5021884
RA,Control21_1_C_F,5021909
RA,Control21_1_C_F,5021936
RA,Control21_1_C_F,5021954
RA,Control21_1_C_F,5022072
RA,Control21_1_C_F,5022543
RA,Control21_1_C_F,5022605
RA,Control21_1_C_F,5022850
RA,Control21_1_C_F,5023096
RA,Control21_1_C_F,5023708
RA,Control21_1_C_F,5023837
RA,Control21_1_C_F,5023917
RA,Control21_1_C_F,5024067
RA,Control21_1_C_F,5024154
RA,Control21_1_C_F,5024159
RA,Control21_1_C_F,5024217
RA,Control21_1_C_F,5024675
RA,Control21_1_C_F,5024699
RA,Control21_1_C_F,5024719
RA,Control21_1_C_F,5024734
RA,Control21_1_C_F,5024745
RA,Control21_1_C_F,5024966
RA,Control21_1_C_F,5025131
RA,Control21_1_C_F,5025501
RA,Control21_1_C_F,5025665
RA,Control21_1_C_F,5025684
RA,Control21_1_C_F,5025687
RA,Control21_1_C_F,5025821
RA,Control21_1_C_F,5025830
RA,Control21_1_C_F,5025953
RA,Control21_1_C_F,5025962
RA,Control21_1_C_F,5025975
RA,Control21_1_C_F,5025977
RA,Control21_1_C_F,5026125
RA,Control21_1_C_F,5026160
RA,Control21_1_C_F,5026496
RA,Control21_1_C_F,5026583
RA,Control21_1_C_F,5026931
RA,Control21_1_C_F,5027013
RA,Control21_1_C_F,5027143
RA,Control21_1_C_F,5027279
RA,Control21_1_C_F,5027288
RA,Control21_1_C_F,5027436
RA,Control21_1_C_F,5027449
RA,Control21_1_C_F,5027694
RA,Control21_1_C_F,5027718
RA,Control21_1_C_F,5027797
RA,Control21_1_C_F,5027836
RA,Control21_1_C_F,5027949
RA,Control21_1_C_F,5028025
RA,Control21_1_C_F,5028256
RA,Control21_1_C_F,5028345
RA,Control21_1_C_F,5028373
RA,Control21_1_C_F,5028640
RA,Control21_1_C_F,5028687
RA,Control21_1_C_F,5029029
RA,Control21_1_C_F,5029100
RA,Control21_1_C_F,5029270
RA,Control21_1_C_F,5029835
RA,Control21_1_C_F,5029837
RA,Control21_1_C_F,5029983
RA,Control21_1_C_F,5029985
RA,Control21_1_C_F,5029996
RA,Control21_1_C_F,5030212
RA,Control21_1_C_F,5030329
RA,Control21_1_C_F,5030494
RA,Control21_1_C_F,5030531
RA,Control21_1_C_F,5031021
RA,Control21_1_C_F,5031197
RA,Control21_1_C_F,5031203
RA,Control21_1_C_F,5031288
RA,Control21_1_C_F,5031453
RA,Control21_1_C_F,5031461
RA,Control21_1_C_F,5031468
RA,Control21_1_C_F,5031697
RA,Control21_1_C_F,5031874
RA,Control21_1_C_F,5032046
RA,Control21_1_C_F,5032048
RA,Control21_1_C_F,5032061
RA,Control21_1_C_F,5032133
RA,Control21_1_C_F,5032151
RA,Control21_1_C_F,5032382
RA,Control21_1_C_F,5032448
RA,Control21_1_C_F,5032502
RA,Control21_1_C_F,5032659
RA,Control21_1_C_F,5032696
RA,Control21_1_C_F,5032867
RA,Control21_1_C_F,5033127
RA,Control21_1_C_F,5033184
RA,Control21_1_C_F,5033246
RA,Control21_1_C_F,5033495
RA,Control21_1_C_F,5033741
RA,Control21_1_C_F,5033916
RA,Control21_1_C_F,5033942
RA,Control21_1_C_F,5034154
RA,Control21_1_C_F,5034629
RA,Control21_1_C_F,5034770
RA,Control21_1_C_F,5034853
RA,Control21_1_C_F,5034958
RA,Control21_1_C_F,5035128
RA,Control21_1_C_F,5035408
RA,Control21_1_C_F,5035470
RA,Control21_1_C_F,5035568
RA,Control21_1_C_F,5035629
RA,Control21_1_C_F,5035644
RA,Control21_1_C_F,5035787
RA,Control21_1_C_F,5035811
RA,Control21_1_C_F,5035958
RA,Control21_1_C_F,5036160
RA,Control21_1_C_F,5036313
RA,Control21_1_C_F,5036493
RA,Control21_1_C_F,5036853
RA,Control21_1_C_F,5036875
RA,Control21_1_C_F,5036915
RA,Control21_1_C_F,5036971
RA,Control21_1_C_F,5037070
RA,Control21_1_C_F,5037098
RA,Control21_1_C_F,5037122
RA,Control21_1_C_F,5037292
RA,Control21_1_C_F,5037484
RA,Control21_1_C_F,5037509
RA,Control21_1_C_F,5037546
RA,Control21_1_C_F,5037978
RA,Control21_1_C_F,5038109
RA,Control21_1_C_F,5038123
RA,Control21_1_C_F,5038411
RA,Control21_1_C_F,5038471
RA,Control21_1_C_F,5038480
RA,Control21_1_C_F,5038493
RA,Control21_1_C_F,5038718
RA,Control21_1_C_F,5038732
RA,Control21_1_C_F,5038987
RA,Control21_1_C_F,5039140
RA,Control21_1_C_F,5039174
RA,Control21_1_C_F,5039187
RA,Control21_1_C_F,5039247
RA,Control21_1_C_F,5039352
RA,Control21_1_C_F,5039776
RA,Control21_1_C_F,5039907
RA,Control21_1_C_F,5039993
RA,Control21_1_C_F,5040263
RA,Control21_1_C_F,5040440
RA,Control21_1_C_F,5040767
RA,Control21_1_C_F,5040841
RA,Control21_1_C_F,5040931
RA,Control21_1_C_F,5040958
RA,Control21_1_C_F,5041133
RA,Control21_1_C_F,5041247
RA,Control21_1_C_F,5041399
RA,Control21_1_C_F,5041425
RA,Control21_1_C_F,5041488
RA,Control21_1_C_F,5041617
RA,Control21_1_C_F,5041629
RA,Control21_1_C_F,5042066
RA,Control21_1_C_F,5042154
RA,Control21_1_C_F,5042200
RA,Control21_1_C_F,5042253
RA,Control21_1_C_F,5042288
RA,Control21_1_C_F,5042614
RA,Control21_1_C_F,5042632
RA,Control21_1_C_F,5042831
RA,Control21_1_C_F,5042913
RA,Control21_1_C_F,5042919
RA,Control21_1_C_F,5042925
RA,Control21_1_C_F,5042935
RA,Control21_1_C_F,5042937
RA,Control21_1_C_F,5042953
RA,Control21_1_C_F,5043292
RA,Control21_1_C_F,5043474
RA,Control21_1_C_F,5043847
RA,Control21_1_C_F,5043982
RA,Control21_1_C_F,5044069
RA,Control21_1_C_F,5044129
RA,Control21_1_C_F,5044240
RA,Control21_1_C_F,5044249
RA,Control21_1_C_F,5044283
RA,Control21_1_C_F,5044483
RA,Control21_1_C_F,5044508
RA,Control21_1_C_F,5044554
RA,Control21_1_C_F,5044607
RA,Control21_1_C_F,5045081
RA,Control21_1_C_F,5045105
RA,Control21_1_C_F,5045127
RA,Control21_1_C_F,5045187
RA,Control21_1_C_F,5045255
RA,Control21_1_C_F,5045443
RA,Control21_1_C_F,5045557
RA,Control21_1_C_F,5045579
RA,Control21_1_C_F,5045609
RA,Control21_1_C_F,5045696
RA,Control21_1_C_F,5045834
RA,Control21_1_C_F,5046097
RA,Control21_1_C_F,5046124
RA,Control21_1_C_F,5046258
RA,Control21_1_C_F,5046349
RA,Control21_1_C_F,5046850
RA,Control21_1_C_F,5046889
RA,Control21_1_C_F,5046899
RA,Control21_1_C_F,5047196
RA,Control21_1_C_F,5047316
RA,Control21_1_C_F,5047435
RA,Control21_1_C_F,5047595
RA,Control21_1_C_F,5047647
RA,Control21_1_C_F,5047721
RA,Control21_1_C_F,5047728
RA,Control21_1_C_F,5047816
RA,Control21_1_C_F,5047918
RA,Control21_1_C_F,5047986
RA,Control21_1_C_F,5048011
RA,Control21_1_C_F,5048245
RA,Control21_1_C_F,5048660
RA,Control21_1_C_F,5048670
RA,Control21_1_C_F,5049278
RA,Control21_1_C_F,5049478
RA,Control21_1_C_F,5049601
RA,Control21_1_C_F,5049768
RA,Control21_1_C_F,5049782
RA,Control21_1_C_F,5049871
RA,Control21_1_C_F,5050018
RA,Control21_1_C_F,5050092
RA,Control21_1_C_F,5050449
RA,Control21_1_C_F,5051514
RA,Control21_1_C_F,5051548
RA,Control21_1_C_F,5051562
RA,Control21_1_C_F,5051597
RA,Control21_1_C_F,5051790
RA,Control21_1_C_F,5052319
RA,Control21_1_C_F,5052329
RA,Control21_1_C_F,5052500
RA,Control21_1_C_F,5052924
RA,Control21_1_C_F,5052995
RA,Control21_1_C_F,5053457
RA,Control21_1_C_F,5053458
RA,Control21_1_C_F,5053481
RA,Control21_1_C_F,5053511
RA,Control21_1_C_F,5053576
RA,Control21_1_C_F,5053904
RA,Control21_1_C_F,5054041
RA,Control21_1_C_F,5054168
RA,Control21_1_C_F,5054186
RA,Control21_1_C_F,5054243
RA,Control21_1_C_F,5054448
RA,Control21_1_C_F,5054553
RA,Control21_1_C_F,5054827
RA,Control21_1_C_F,5055074
RA,Control21_1_C_F,5055193
RA,Control21_1_C_F,5055357
RA,Control21_1_C_F,5055494
RA,Control21_1_C_F,5055552
RA,Control21_1_C_F,5055662
RA,Control21_1_C_F,5055720
RA,Control21_1_C_F,5055780
RA,Control21_1_C_F,5055910
RA,Control21_1_C_F,5056730
RA,Control21_1_C_F,5056819
RA,Control21_1_C_F,5056824
RA,Control21_1_C_F,5056982
RA,Control21_1_C_F,5057079
RA,Control21_1_C_F,5057192
RA,Control21_1_C_F,5057273
RA,Control21_1_C_F,5057385
RA,Control21_1_C_F,5057390
RA,Control21_1_C_F,5057522
RA,Control21_1_C_F,5057629
RA,Control21_1_C_F,5057682
RA,Control21_1_C_F,5057872
RA,Control21_1_C_F,5058134
RA,Control21_1_C_F,5058215
RA,Control21_1_C_F,5058221
RA,Control21_1_C_F,5058521
RA,Control21_1_C_F,5058547
RA,Control21_1_C_F,5058562
RA,Control21_1_C_F,5058566
RA,Control21_1_C_F,5058768
RA,Control21_1_C_F,5058780
RA,Control21_1_C_F,5058826
RA,Control21_1_C_F,5058837
RA,Control21_1_C_F,5059077
RA,Control21_1_C_F,5059414
RA,Control21_1_C_F,5059801
RA,Control21_1_C_F,5059914
RA,Control21_1_C_F,5060164
RA,Control21_1_C_F,5060197
RA,Control21_1_C_F,5060440
RA,Control21_1_C_F,5060470
RA,Control21_1_C_F,5060829
RA,Control21_1_C_F,5060937
RA,Control21_1_C_F,5060977
RA,Control21_1_C_F,5061180
RA,Control21_1_C_F,5061261
RA,Control21_1_C_F,5061296
RA,Control21_1_C_F,5061710
RA,Control21_1_C_F,5061730
RA,Control21_1_C_F,5061766
RA,Control21_1_C_F,5061870
RA,Control21_1_C_F,5061894
RA,Control21_1_C_F,5062047
RA,Control21_1_C_F,5062761
RA,Control21_1_C_F,5063333
RA,Control21_1_C_F,5063512
RA,Control21_1_C_F,5063835
RA,Control21_1_C_F,5064114
RA,Control21_1_C_F,5064350
RA,Control21_1_C_F,5064695
RA,Control21_1_C_F,5064717
RA,Control21_1_C_F,5065280
RA,Control21_1_C_F,5065304
RA,Control21_1_C_F,5065309
RA,Control21_1_C_F,5065758
RA,Control21_1_C_F,5065770
RA,Control21_1_C_F,5066143
RA,Control21_1_C_F,5066153
RA,Control21_1_C_F,5066396
RA,Control21_1_C_F,5066459
RA,Control21_1_C_F,5067492
RA,Control21_1_C_F,5067568
RA,Control21_1_C_F,5067752
RA,Control21_1_C_F,5067758
RA,Control21_1_C_F,5067823
RA,Control21_1_C_F,5068002
RA,Control21_1_C_F,5068075
RA,Control21_1_C_F,5068076
RA,Control21_1_C_F,5068108
RA,Control21_1_C_F,5068283
RA,Control21_1_C_F,5068377
RA,Control21_1_C_F,5068416
RA,Control21_1_C_F,5068450
RA,Control21_1_C_F,5068627
RA,Control21_1_C_F,5068656
RA,Control21_1_C_F,5068791
RA,Control21_1_C_F,5068896
RA,Control21_1_C_F,5069099
RA,Control21_1_C_F,5069164
RA,Control21_1_C_F,5069247
RA,Control21_1_C_F,5069297
RA,Control21_1_C_F,5069522
RA,Control21_1_C_F,5069806
RA,Control21_1_C_F,5069826
RA,Control21_1_C_F,5069944
RA,Control21_1_C_F,5070621
RA,Control21_1_C_F,5070702
RA,Control21_1_C_F,5071333
RA,Control21_1_C_F,5071700
RA,Control21_1_C_F,5071846
RA,Control21_1_C_F,5071982
RA,Control21_1_C_F,5072238
RA,Control21_1_C_F,5072255
RA,Control21_1_C_F,5072721
RA,Control21_1_C_F,5072834
RA,Control21_1_C_F,5073285
RA,Control21_1_C_F,5073407
RA,Control21_1_C_F,5073479
RA,Control21_1_C_F,5073706
RA,Control21_1_C_F,5073760
RA,Control21_1_C_F,5073800
RA,Control21_1_C_F,5073853
RA,Control21_1_C_F,5074231
RA,Control21_1_C_F,5074499
RA,Control21_1_C_F,5074990
RA,Control21_1_C_F,5075492
RA,Control21_1_C_F,5075610
RA,Control21_1_C_F,5075825
RA,Control21_1_C_F,5075903
RA,Control21_1_C_F,5076232
RA,Control21_1_C_F,5076301
RA,Control21_1_C_F,5076371
RA,Control21_1_C_F,5076372
RA,Control21_1_C_F,5076720
RA,Control21_1_C_F,5076820
RA,Control21_1_C_F,5076968
RA,Control21_1_C_F,5076983
RA,Control21_1_C_F,5077037
RA,Control21_1_C_F,5077291
RA,Control21_1_C_F,5077382
RA,Control21_1_C_F,5077478
RA,Control21_1_C_F,5078214
RA,Control21_1_C_F,5078302
RA,Control21_1_C_F,5078475
RA,Control21_1_C_F,5078491
RA,Control21_1_C_F,5078591
RA,Control21_1_C_F,5078602
RA,Control21_1_C_F,5078612
RA,Control21_1_C_F,5078679
RA,Control21_1_C_F,5078801
RA,Control21_1_C_F,5079088
RA,Control21_1_C_F,5079196
RA,Control21_1_C_F,5079528
RA,Control21_1_C_F,5079639
RA,Control21_1_C_F,5079974
RA,Control21_1_C_F,5080176
RA,Control21_1_C_F,5080635
RA,Control21_1_C_F,5081562
RA,Control21_1_C_F,5082111
RA,Control21_1_C_F,5082133
RA,Control21_1_C_F,5082322
RA,Control21_1_C_F,5082342
RA,Control21_1_C_F,5082632
RA,Control21_1_C_F,5082689
RA,Control21_1_C_F,5083383
RA,Control21_1_C_F,5083438
RA,Control21_1_C_F,5083557
RA,Control21_1_C_F,5083919
RA,Control21_1_C_F,5084503
RA,Control21_1_C_F,5084896
RA,Control21_1_C_F,5084901
RA,Control21_1_C_F,5084951
RA,Control21_1_C_F,5085098
RA,Control21_1_C_F,5085141
RA,Control21_1_C_F,5085240
RA,Control21_1_C_F,5085439
RA,Control21_1_C_F,5085670
RA,Control21_1_C_F,5085947
RA,Control21_1_C_F,5086089
RA,Control21_1_C_F,5086523
RA,Control21_1_C_F,5087051
RA,Control21_1_C_F,5087152
RA,Control21_1_C_F,5087329
RA,Control21_1_C_F,5087366
RA,Control21_1_C_F,5087435
RA,Control21_1_C_F,5087624
RA,Control21_1_C_F,5088419
RA,Control21_1_C_F,5088558
RA,Control21_1_C_F,5088713
RA,Control21_1_C_F,5088918
RA,Control21_1_C_F,5089164
RA,Control21_1_C_F,5089365
RA,Control21_1_C_F,5089604
RA,Control21_1_C_F,5090142
RA,Control21_1_C_F,5090417
RA,Control21_1_C_F,5090419
RA,Control21_1_C_F,5090540
RA,Control21_1_C_F,5090618
RA,Control21_1_C_F,5090985
RA,Control21_1_C_F,5091728
RA,Control21_1_C_F,5091736
RA,Control21_1_C_F,5091978
RA,Control21_1_C_F,5092006
RA,Control21_1_C_F,5092128
RA,Control21_1_C_F,5092292
RA,Control21_1_C_F,5092787
RA,Control21_1_C_F,5093061
RA,Control21_1_C_F,5093126
RA,Control21_1_C_F,5007476
RA,Control21_1_C_F,5012666
RA,Control21_1_C_F,5015331
RA,Control21_1_C_F,5019244
RA,Control21_1_C_F,5020659
RA,Control21_1_C_F,5022777
RA,Control21_1_C_F,5022975
RA,Control21_1_C_F,5024896
RA,Control21_1_C_F,5030988
RA,Control21_1_C_F,5032577
RA,Control21_1_C_F,5033502
RA,Control21_1_C_F,5035059
RA,Control21_1_C_F,5037026
RA,Control21_1_C_F,5038288
RA,Control21_1_C_F,5038667
RA,Control21_1_C_F,5039473
RA,Control21_1_C_F,5040914
RA,Control21_1_C_F,5041077
RA,Control21_1_C_F,5045989
RA,Control21_1_C_F,5046878
RA,Control21_1_C_F,5049648
RA,Control21_1_C_F,5051655
RA,Control21_1_C_F,5052414
RA,Control21_1_C_F,5055061
RA,Control21_1_C_F,5059543
RA,Control21_1_C_F,5060404
RA,Control21_1_C_F,5060792
RA,Control21_1_C_F,5061875
RA,Control21_1_C_F,5062019
RA,Control21_1_C_F,5062266
RA,Control21_1_C_F,5066067
RA,Control21_1_C_F,5066336
RA,Control21_1_C_F,5066741
RA,Control21_1_C_F,5069531
RA,Control21_1_C_F,5072101
RA,Control21_1_C_F,5072634
RA,Control21_1_C_F,5076202
RA,Control21_1_C_F,5084904
RA,Control21_1_C_F,5086566
RA,Control21_1_C_F,5090593
RA,Control21_1_C_F,4988243
RA,Control21_1_C_F,4990775
RA,Control21_1_C_F,4992151
RA,Control21_1_C_F,4992949
RA,Control21_1_C_F,4993272
RA,Control21_1_C_F,4995839
RA,Control21_1_C_F,4997452
RA,Control21_1_C_F,4997663
RA,Control21_1_C_F,4999779
RA,Control21_1_C_F,5000880
RA,Control21_1_C_F,5001635
RA,Control21_1_C_F,5001867
RA,Control21_1_C_F,5003981
RA,Control21_1_C_F,5004100
RA,Control21_1_C_F,5004441
RA,Control21_1_C_F,5005096
RA,Control21_1_C_F,5005654
RA,Control21_1_C_F,5006068
RA,Control21_1_C_F,5006529
RA,Control21_1_C_F,5008826
RA,Control21_1_C_F,5010952
RA,Control21_1_C_F,5011115
RA,Control21_1_C_F,5013031
RA,Control21_1_C_F,5013446
RA,Control21_1_C_F,5015120
RA,Control21_1_C_F,5018087
RA,Control21_1_C_F,5019207
RA,Control21_1_C_F,5021705
RA,Control21_1_C_F,5021978
RA,Control21_1_C_F,5022532
RA,Control21_1_C_F,5023818
RA,Control21_1_C_F,5026067
RA,Control21_1_C_F,5027111
RA,Control21_1_C_F,5030981
RA,Control21_1_C_F,5033488
RA,Control21_1_C_F,5035893
RA,Control21_1_C_F,5037501
RA,Control21_1_C_F,5038440
RA,Control21_1_C_F,5043899
RA,Control21_1_C_F,5052027
RA,Control21_1_C_F,4994760
RA,Control21_1_C_F,4995786
RA,Control21_1_C_F,5001905
RA,Control21_1_C_F,5006091
RA,Control21_1_C_F,5008940
RA,Control21_1_C_F,5011464
RA,Control21_1_C_F,5014690
RA,Control21_1_C_F,5015676
RA,Control21_1_C_F,5016271
RA,Control21_1_C_F,5024049
RA,Control21_1_C_F,5026329
RA,Control21_1_C_F,5027445
RA,Control21_1_C_F,5039774
RA,Control21_1_C_F,5069937
RA,Control21_1_C_F,5080480
RA,Control21_1_C_F,5080528
RA,Control21_1_C_F,4992941
RA,Control21_1_C_F,4998674
RA,Control21_1_C_F,5022909
RA,Control21_1_C_F,5033051
RA,Control21_1_C_F,5044472
RA,Control21_1_C_F,5064516
RA,Control21_1_C_F,5066063
RA,Control21_1_C_F,5072957
RA,Control21_1_C_F,5078715
RA,Control21_1_C_F,5079096
RA,Control21_1_C_F,5080711
RA,Control21_1_C_F,5081845
RA,Control21_1_C_F,5082282
RA,Control21_1_C_F,5082635
RA,Control21_1_C_F,5082902
RA,Control21_1_C_F,5083399
RA,Control21_1_C_F,5083506
RA,Control21_1_C_F,5083544
RA,Control21_1_C_F,5084125
RA,Control21_1_C_F,5085239
RA,Control21_1_C_F,5086296
RA,Control21_1_C_F,5086986
RA,Control21_1_C_F,5087635
RA,Control21_1_C_F,5087679
RA,Control21_1_C_F,5087945
RA,Control21_1_C_F,5088166
RA,Control21_1_C_F,5088190
RA,Control21_1_C_F,5088662
RA,Control21_1_C_F,5089063
RA,Control21_1_C_F,5089151
RA,Control21_1_C_F,5089247
RA,Control21_1_C_F,5089430
RA,Control21_1_C_F,5089450
RA,Control21_1_C_F,5089600
RA,Control21_1_C_F,5089636
RA,Control21_1_C_F,5090290
RA,Control21_1_C_F,5090847
RA,Control21_1_C_F,5090906
RA,Control21_1_C_F,5092814
RA,Control21_1_C_F,5092867
RA,Control22_1_H_F,4989457
RA,Control22_1_H_F,4989679
RA,Control22_1_H_F,4990000
RA,Control22_1_H_F,4990797
RA,Control22_1_H_F,4990834
RA,Control22_1_H_F,4990967
RA,Control22_1_H_F,4991158
RA,Control22_1_H_F,4991209
RA,Control22_1_H_F,4991378
RA,Control22_1_H_F,4991560
RA,Control22_1_H_F,4991565
RA,Control22_1_H_F,4991652
RA,Control22_1_H_F,4991697
RA,Control22_1_H_F,4992342
RA,Control22_1_H_F,4992675
RA,Control22_1_H_F,4992726
RA,Control22_1_H_F,4992940
RA,Control22_1_H_F,4993194
RA,Control22_1_H_F,4993392
RA,Control22_1_H_F,4993868
RA,Control22_1_H_F,4994287
RA,Control22_1_H_F,4994674
RA,Control22_1_H_F,4994738
RA,Control22_1_H_F,4995040
RA,Control22_1_H_F,4995126
RA,Control22_1_H_F,4995396
RA,Control22_1_H_F,4995698
RA,Control22_1_H_F,4996031
RA,Control22_1_H_F,4996092
RA,Control22_1_H_F,4996251
RA,Control22_1_H_F,4996371
RA,Control22_1_H_F,4996694
RA,Control22_1_H_F,4996731
RA,Control22_1_H_F,4996969
RA,Control22_1_H_F,4996991
RA,Control22_1_H_F,4997332
RA,Control22_1_H_F,4997372
RA,Control22_1_H_F,4997950
RA,Control22_1_H_F,4998018
RA,Control22_1_H_F,4998192
RA,Control22_1_H_F,4998206
RA,Control22_1_H_F,4998400
RA,Control22_1_H_F,4998509
RA,Control22_1_H_F,4999004
RA,Control22_1_H_F,4999197
RA,Control22_1_H_F,4999375
RA,Control22_1_H_F,4999388
RA,Control22_1_H_F,4999496
RA,Control22_1_H_F,4999782
RA,Control22_1_H_F,4999809
RA,Control22_1_H_F,4999998
RA,Control22_1_H_F,5000003
RA,Control22_1_H_F,5000068
RA,Control22_1_H_F,5000104
RA,Control22_1_H_F,5000410
RA,Control22_1_H_F,5000494
RA,Control22_1_H_F,5000566
RA,Control22_1_H_F,5000897
RA,Control22_1_H_F,5000901
RA,Control22_1_H_F,5001346
RA,Control22_1_H_F,5001436
RA,Control22_1_H_F,5001497
RA,Control22_1_H_F,5001583
RA,Control22_1_H_F,5001825
RA,Control22_1_H_F,5002224
RA,Control22_1_H_F,5002516
RA,Control22_1_H_F,5002635
RA,Control22_1_H_F,5002701
RA,Control22_1_H_F,5002823
RA,Control22_1_H_F,5002832
RA,Control22_1_H_F,5003083
RA,Control22_1_H_F,5003110
RA,Control22_1_H_F,5003238
RA,Control22_1_H_F,5003549
RA,Control22_1_H_F,5003654
RA,Control22_1_H_F,5004106
RA,Control22_1_H_F,5004189
RA,Control22_1_H_F,5004239
RA,Control22_1_H_F,5004466
RA,Control22_1_H_F,5004605
RA,Control22_1_H_F,5004642
RA,Control22_1_H_F,5004922
RA,Control22_1_H_F,5005262
RA,Control22_1_H_F,5005322
RA,Control22_1_H_F,5005869
RA,Control22_1_H_F,5005918
RA,Control22_1_H_F,5006175
RA,Control22_1_H_F,5006187
RA,Control22_1_H_F,5006302
RA,Control22_1_H_F,5006315
RA,Control22_1_H_F,5006394
RA,Control22_1_H_F,5006413
RA,Control22_1_H_F,5006483
RA,Control22_1_H_F,5006656
RA,Control22_1_H_F,5006670
RA,Control22_1_H_F,5006777
RA,Control22_1_H_F,5006995
RA,Control22_1_H_F,5007155
RA,Control22_1_H_F,5007225
RA,Control22_1_H_F,5007279
RA,Control22_1_H_F,5007684
RA,Control22_1_H_F,5007754
RA,Control22_1_H_F,5007812
RA,Control22_1_H_F,5008048
RA,Control22_1_H_F,5008223
RA,Control22_1_H_F,5008385
RA,Control22_1_H_F,5008456
RA,Control22_1_H_F,5008816
RA,Control22_1_H_F,5008965
RA,Control22_1_H_F,5009066
RA,Control22_1_H_F,5009152
RA,Control22_1_H_F,5009240
RA,Control22_1_H_F,5009374
RA,Control22_1_H_F,5009476
RA,Control22_1_H_F,5009499
RA,Control22_1_H_F,5009874
RA,Control22_1_H_F,5010077
RA,Control22_1_H_F,5010224
RA,Control22_1_H_F,5010230
RA,Control22_1_H_F,5010419
RA,Control22_1_H_F,5010433
RA,Control22_1_H_F,5010630
RA,Control22_1_H_F,5010725
RA,Control22_1_H_F,5011031
RA,Control22_1_H_F,5011242
RA,Control22_1_H_F,5011596
RA,Control22_1_H_F,5012270
RA,Control22_1_H_F,5012280
RA,Control22_1_H_F,5012540
RA,Control22_1_H_F,5012834
RA,Control22_1_H_F,5012853
RA,Control22_1_H_F,5012991
RA,Control22_1_H_F,5013002
RA,Control22_1_H_F,5013037
RA,Control22_1_H_F,5013096
RA,Control22_1_H_F,5013131
RA,Control22_1_H_F,5013266
RA,Control22_1_H_F,5013388
RA,Control22_1_H_F,5013412
RA,Control22_1_H_F,5013421
RA,Control22_1_H_F,5013595
RA,Control22_1_H_F,5013913
RA,Control22_1_H_F,5013955
RA,Control22_1_H_F,5014013
RA,Control22_1_H_F,5014316
RA,Control22_1_H_F,5014506
RA,Control22_1_H_F,5014601
RA,Control22_1_H_F,5014724
RA,Control22_1_H_F,5014734
RA,Control22_1_H_F,5014888
RA,Control22_1_H_F,5015261
RA,Control22_1_H_F,5015295
RA,Control22_1_H_F,5015335
RA,Control22_1_H_F,5015377
RA,Control22_1_H_F,5015470
RA,Control22_1_H_F,5015478
RA,Control22_1_H_F,5015559
RA,Control22_1_H_F,5015654
RA,Control22_1_H_F,5015915
RA,Control22_1_H_F,5016048
RA,Control22_1_H_F,5016397
RA,Control22_1_H_F,5016638
RA,Control22_1_H_F,5016827
RA,Control22_1_H_F,5016927
RA,Control22_1_H_F,5016947
RA,Control22_1_H_F,5016996
RA,Control22_1_H_F,5017088
RA,Control22_1_H_F,5017330
RA,Control22_1_H_F,5017426
RA,Control22_1_H_F,5017436
RA,Control22_1_H_F,5017477
RA,Control22_1_H_F,5017484
RA,Control22_1_H_F,5017523
RA,Control22_1_H_F,5017582
RA,Control22_1_H_F,5017838
RA,Control22_1_H_F,5017844
RA,Control22_1_H_F,5017853
RA,Control22_1_H_F,5018014
RA,Control22_1_H_F,5018173
RA,Control22_1_H_F,5018529
RA,Control22_1_H_F,5018554
RA,Control22_1_H_F,5018683
RA,Control22_1_H_F,5018744
RA,Control22_1_H_F,5018780
RA,Control22_1_H_F,5018809
RA,Control22_1_H_F,5018862
RA,Control22_1_H_F,5018871
RA,Control22_1_H_F,5018888
RA,Control22_1_H_F,5018937
RA,Control22_1_H_F,5019094
RA,Control22_1_H_F,5019121
RA,Control22_1_H_F,5019233
RA,Control22_1_H_F,5019404
RA,Control22_1_H_F,5019512
RA,Control22_1_H_F,5019714
RA,Control22_1_H_F,5019823
RA,Control22_1_H_F,5019849
RA,Control22_1_H_F,5020135
RA,Control22_1_H_F,5020236
RA,Control22_1_H_F,5020508
RA,Control22_1_H_F,5020519
RA,Control22_1_H_F,5020706
RA,Control22_1_H_F,5020839
RA,Control22_1_H_F,5020890
RA,Control22_1_H_F,5020982
RA,Control22_1_H_F,5021181
RA,Control22_1_H_F,5021333
RA,Control22_1_H_F,5021356
RA,Control22_1_H_F,5021473
RA,Control22_1_H_F,5021482
RA,Control22_1_H_F,5021535
RA,Control22_1_H_F,5021859
RA,Control22_1_H_F,5021917
RA,Control22_1_H_F,5021986
RA,Control22_1_H_F,5022020
RA,Control22_1_H_F,5022469
RA,Control22_1_H_F,5022631
RA,Control22_1_H_F,5022639
RA,Control22_1_H_F,5023032
RA,Control22_1_H_F,5023123
RA,Control22_1_H_F,5023444
RA,Control22_1_H_F,5023461
RA,Control22_1_H_F,5023656
RA,Control22_1_H_F,5023701
RA,Control22_1_H_F,5023954
RA,Control22_1_H_F,5023989
RA,Control22_1_H_F,5024028
RA,Control22_1_H_F,5024403
RA,Control22_1_H_F,5024470
RA,Control22_1_H_F,5024504
RA,Control22_1_H_F,5024664
RA,Control22_1_H_F,5024684
RA,Control22_1_H_F,5024821
RA,Control22_1_H_F,5025045
RA,Control22_1_H_F,5025555
RA,Control22_1_H_F,5025740
RA,Control22_1_H_F,5025765
RA,Control22_1_H_F,5025838
RA,Control22_1_H_F,5025916
RA,Control22_1_H_F,5026074
RA,Control22_1_H_F,5026075
RA,Control22_1_H_F,5026136
RA,Control22_1_H_F,5026306
RA,Control22_1_H_F,5026466
RA,Control22_1_H_F,5026474
RA,Control22_1_H_F,5026498
RA,Control22_1_H_F,5026518
RA,Control22_1_H_F,5026567
RA,Control22_1_H_F,5026651
RA,Control22_1_H_F,5026714
RA,Control22_1_H_F,5026878
RA,Control22_1_H_F,5026917
RA,Control22_1_H_F,5026955
RA,Control22_1_H_F,5027022
RA,Control22_1_H_F,5027058
RA,Control22_1_H_F,5027107
RA,Control22_1_H_F,5027191
RA,Control22_1_H_F,5027266
RA,Control22_1_H_F,5027320
RA,Control22_1_H_F,5027326
RA,Control22_1_H_F,5027359
RA,Control22_1_H_F,5027388
RA,Control22_1_H_F,5027516
RA,Control22_1_H_F,5027517
RA,Control22_1_H_F,5027754
RA,Control22_1_H_F,5027928
RA,Control22_1_H_F,5027931
RA,Control22_1_H_F,5027947
RA,Control22_1_H_F,5028540
RA,Control22_1_H_F,5028589
RA,Control22_1_H_F,5028595
RA,Control22_1_H_F,5028724
RA,Control22_1_H_F,5028730
RA,Control22_1_H_F,5028781
RA,Control22_1_H_F,5028858
RA,Control22_1_H_F,5028943
RA,Control22_1_H_F,5029014
RA,Control22_1_H_F,5029042
RA,Control22_1_H_F,5029141
RA,Control22_1_H_F,5029181
RA,Control22_1_H_F,5029704
RA,Control22_1_H_F,5029725
RA,Control22_1_H_F,5029899
RA,Control22_1_H_F,5030020
RA,Control22_1_H_F,5030198
RA,Control22_1_H_F,5030325
RA,Control22_1_H_F,5030468
RA,Control22_1_H_F,5030508
RA,Control22_1_H_F,5030538
RA,Control22_1_H_F,5030601
RA,Control22_1_H_F,5030791
RA,Control22_1_H_F,5030823
RA,Control22_1_H_F,5031003
RA,Control22_1_H_F,5031151
RA,Control22_1_H_F,5031363
RA,Control22_1_H_F,5031668
RA,Control22_1_H_F,5031733
RA,Control22_1_H_F,5031884
RA,Control22_1_H_F,5031901
RA,Control22_1_H_F,5031942
RA,Control22_1_H_F,5032060
RA,Control22_1_H_F,5032162
RA,Control22_1_H_F,5032318
RA,Control22_1_H_F,5032862
RA,Control22_1_H_F,5032973
RA,Control22_1_H_F,5033031
RA,Control22_1_H_F,5033258
RA,Control22_1_H_F,5033350
RA,Control22_1_H_F,5033422
RA,Control22_1_H_F,5033448
RA,Control22_1_H_F,5033757
RA,Control22_1_H_F,5033784
RA,Control22_1_H_F,5033854
RA,Control22_1_H_F,5034085
RA,Control22_1_H_F,5034093
RA,Control22_1_H_F,5034110
RA,Control22_1_H_F,5034217
RA,Control22_1_H_F,5034248
RA,Control22_1_H_F,5034404
RA,Control22_1_H_F,5034586
RA,Control22_1_H_F,5034601
RA,Control22_1_H_F,5034620
RA,Control22_1_H_F,5034859
RA,Control22_1_H_F,5034979
RA,Control22_1_H_F,5035034
RA,Control22_1_H_F,5035039
RA,Control22_1_H_F,5035058
RA,Control22_1_H_F,5035555
RA,Control22_1_H_F,5035675
RA,Control22_1_H_F,5035977
RA,Control22_1_H_F,5035989
RA,Control22_1_H_F,5036310
RA,Control22_1_H_F,5036408
RA,Control22_1_H_F,5036487
RA,Control22_1_H_F,5036689
RA,Control22_1_H_F,5037052
RA,Control22_1_H_F,5037085
RA,Control22_1_H_F,5037149
RA,Control22_1_H_F,5037272
RA,Control22_1_H_F,5037351
RA,Control22_1_H_F,5037365
RA,Control22_1_H_F,5038003
RA,Control22_1_H_F,5038155
RA,Control22_1_H_F,5038206
RA,Control22_1_H_F,5038446
RA,Control22_1_H_F,5038501
RA,Control22_1_H_F,5038751
RA,Control22_1_H_F,5038975
RA,Control22_1_H_F,5039080
RA,Control22_1_H_F,5039166
RA,Control22_1_H_F,5039317
RA,Control22_1_H_F,5039384
RA,Control22_1_H_F,5039713
RA,Control22_1_H_F,5039918
RA,Control22_1_H_F,5040044
RA,Control22_1_H_F,5040168
RA,Control22_1_H_F,5040380
RA,Control22_1_H_F,5040426
RA,Control22_1_H_F,5040653
RA,Control22_1_H_F,5040752
RA,Control22_1_H_F,5040901
RA,Control22_1_H_F,5041040
RA,Control22_1_H_F,5041455
RA,Control22_1_H_F,5041521
RA,Control22_1_H_F,5041530
RA,Control22_1_H_F,5041555
RA,Control22_1_H_F,5041866
RA,Control22_1_H_F,5042199
RA,Control22_1_H_F,5042505
RA,Control22_1_H_F,5042981
RA,Control22_1_H_F,5042994
RA,Control22_1_H_F,5043453
RA,Control22_1_H_F,5043574
RA,Control22_1_H_F,5043732
RA,Control22_1_H_F,5043894
RA,Control22_1_H_F,5043957
RA,Control22_1_H_F,5044020
RA,Control22_1_H_F,5044100
RA,Control22_1_H_F,5044583
RA,Control22_1_H_F,5044672
RA,Control22_1_H_F,5044689
RA,Control22_1_H_F,5044758
RA,Control22_1_H_F,5044908
RA,Control22_1_H_F,5044975
RA,Control22_1_H_F,5045007
RA,Control22_1_H_F,5045176
RA,Control22_1_H_F,5045409
RA,Control22_1_H_F,5045647
RA,Control22_1_H_F,5046056
RA,Control22_1_H_F,5046091
RA,Control22_1_H_F,5046104
RA,Control22_1_H_F,5046133
RA,Control22_1_H_F,5046368
RA,Control22_1_H_F,5046448
RA,Control22_1_H_F,5046510
RA,Control22_1_H_F,5046800
RA,Control22_1_H_F,5046813
RA,Control22_1_H_F,5046978
RA,Control22_1_H_F,5046980
RA,Control22_1_H_F,5047045
RA,Control22_1_H_F,5047110
RA,Control22_1_H_F,5047391
RA,Control22_1_H_F,5047686
RA,Control22_1_H_F,5047923
RA,Control22_1_H_F,5048097
RA,Control22_1_H_F,5048139
RA,Control22_1_H_F,5048225
RA,Control22_1_H_F,5048336
RA,Control22_1_H_F,5048542
RA,Control22_1_H_F,5048596
RA,Control22_1_H_F,5048855
RA,Control22_1_H_F,5048863
RA,Control22_1_H_F,5049089
RA,Control22_1_H_F,5049112
RA,Control22_1_H_F,5049178
RA,Control22_1_H_F,5049180
RA,Control22_1_H_F,5049625
RA,Control22_1_H_F,5049632
RA,Control22_1_H_F,5049691
RA,Control22_1_H_F,5049923
RA,Control22_1_H_F,5050104
RA,Control22_1_H_F,5050154
RA,Control22_1_H_F,5050340
RA,Control22_1_H_F,5050343
RA,Control22_1_H_F,5050603
RA,Control22_1_H_F,5050626
RA,Control22_1_H_F,5050648
RA,Control22_1_H_F,5050657
RA,Control22_1_H_F,5050712
RA,Control22_1_H_F,5050722
RA,Control22_1_H_F,5050760
RA,Control22_1_H_F,5050841
RA,Control22_1_H_F,5050867
RA,Control22_1_H_F,5050916
RA,Control22_1_H_F,5050960
RA,Control22_1_H_F,5050996
RA,Control22_1_H_F,5051181
RA,Control22_1_H_F,5051308
RA,Control22_1_H_F,5051412
RA,Control22_1_H_F,5051427
RA,Control22_1_H_F,5051468
RA,Control22_1_H_F,5051722
RA,Control22_1_H_F,5052182
RA,Control22_1_H_F,5052289
RA,Control22_1_H_F,5052346
RA,Control22_1_H_F,5052472
RA,Control22_1_H_F,5052845
RA,Control22_1_H_F,5053028
RA,Control22_1_H_F,5053152
RA,Control22_1_H_F,5053858
RA,Control22_1_H_F,5054305
RA,Control22_1_H_F,5055290
RA,Control22_1_H_F,5055310
RA,Control22_1_H_F,5055391
RA,Control22_1_H_F,5055528
RA,Control22_1_H_F,5055775
RA,Control22_1_H_F,5055838
RA,Control22_1_H_F,5055913
RA,Control22_1_H_F,5056348
RA,Control22_1_H_F,5056779
RA,Control22_1_H_F,5056787
RA,Control22_1_H_F,5056927
RA,Control22_1_H_F,5057182
RA,Control22_1_H_F,5057197
RA,Control22_1_H_F,5057694
RA,Control22_1_H_F,5058423
RA,Control22_1_H_F,5058533
RA,Control22_1_H_F,5059227
RA,Control22_1_H_F,5059289
RA,Control22_1_H_F,5059327
RA,Control22_1_H_F,5059848
RA,Control22_1_H_F,5059867
RA,Control22_1_H_F,5060010
RA,Control22_1_H_F,5060057
RA,Control22_1_H_F,5060168
RA,Control22_1_H_F,5060205
RA,Control22_1_H_F,5060526
RA,Control22_1_H_F,5061020
RA,Control22_1_H_F,5061074
RA,Control22_1_H_F,5061454
RA,Control22_1_H_F,5061476
RA,Control22_1_H_F,5061613
RA,Control22_1_H_F,5061617
RA,Control22_1_H_F,5061803
RA,Control22_1_H_F,5061850
RA,Control22_1_H_F,5061916
RA,Control22_1_H_F,5061953
RA,Control22_1_H_F,5061997
RA,Control22_1_H_F,5062338
RA,Control22_1_H_F,5062650
RA,Control22_1_H_F,5063001
RA,Control22_1_H_F,5063011
RA,Control22_1_H_F,5063513
RA,Control22_1_H_F,5063527
RA,Control22_1_H_F,5064197
RA,Control22_1_H_F,5065020
RA,Control22_1_H_F,5065165
RA,Control22_1_H_F,5065206
RA,Control22_1_H_F,5065491
RA,Control22_1_H_F,5065918
RA,Control22_1_H_F,5066136
RA,Control22_1_H_F,5067371
RA,Control22_1_H_F,5067386
RA,Control22_1_H_F,5067564
RA,Control22_1_H_F,5067710
RA,Control22_1_H_F,5067793
RA,Control22_1_H_F,5068546
RA,Control22_1_H_F,5068565
RA,Control22_1_H_F,5068612
RA,Control22_1_H_F,5069196
RA,Control22_1_H_F,5069313
RA,Control22_1_H_F,5069996
RA,Control22_1_H_F,5070031
RA,Control22_1_H_F,5070399
RA,Control22_1_H_F,5070454
RA,Control22_1_H_F,5070520
RA,Control22_1_H_F,5070658
RA,Control22_1_H_F,5071087
RA,Control22_1_H_F,5071497
RA,Control22_1_H_F,5071664
RA,Control22_1_H_F,5071819
RA,Control22_1_H_F,5071857
RA,Control22_1_H_F,5071986
RA,Control22_1_H_F,5072224
RA,Control22_1_H_F,5072234
RA,Control22_1_H_F,5072296
RA,Control22_1_H_F,5072313
RA,Control22_1_H_F,5072316
RA,Control22_1_H_F,5072940
RA,Control22_1_H_F,5073043
RA,Control22_1_H_F,5073366
RA,Control22_1_H_F,5073659
RA,Control22_1_H_F,5074096
RA,Control22_1_H_F,5074110
RA,Control22_1_H_F,5074265
RA,Control22_1_H_F,5074282
RA,Control22_1_H_F,5074781
RA,Control22_1_H_F,5075229
RA,Control22_1_H_F,5075321
RA,Control22_1_H_F,5075654
RA,Control22_1_H_F,5075932
RA,Control22_1_H_F,5076155
RA,Control22_1_H_F,5076417
RA,Control22_1_H_F,5076472
RA,Control22_1_H_F,5077051
RA,Control22_1_H_F,5077414
RA,Control22_1_H_F,5077441
RA,Control22_1_H_F,5078453
RA,Control22_1_H_F,5078716
RA,Control22_1_H_F,5078997
RA,Control22_1_H_F,5079051
RA,Control22_1_H_F,5079343
RA,Control22_1_H_F,5079491
RA,Control22_1_H_F,5079980
RA,Control22_1_H_F,5080510
RA,Control22_1_H_F,5080840
RA,Control22_1_H_F,5081114
RA,Control22_1_H_F,5081287
RA,Control22_1_H_F,5081390
RA,Control22_1_H_F,5081966
RA,Control22_1_H_F,5082202
RA,Control22_1_H_F,5082454
RA,Control22_1_H_F,5082856
RA,Control22_1_H_F,5082894
RA,Control22_1_H_F,5082967
RA,Control22_1_H_F,5083040
RA,Control22_1_H_F,5083311
RA,Control22_1_H_F,5083462
RA,Control22_1_H_F,5083523
RA,Control22_1_H_F,5083575
RA,Control22_1_H_F,5083759
RA,Control22_1_H_F,5084692
RA,Control22_1_H_F,5084706
RA,Control22_1_H_F,5085196
RA,Control22_1_H_F,5086149
RA,Control22_1_H_F,5086474
RA,Control22_1_H_F,5086858
RA,Control22_1_H_F,5087537
RA,Control22_1_H_F,5087839
RA,Control22_1_H_F,5087869
RA,Control22_1_H_F,5088044
RA,Control22_1_H_F,5088571
RA,Control22_1_H_F,5089896
RA,Control22_1_H_F,5090203
RA,Control22_1_H_F,5090220
RA,Control22_1_H_F,5090244
RA,Control22_1_H_F,5090480
RA,Control22_1_H_F,5090819
RA,Control22_1_H_F,5090909
RA,Control22_1_H_F,5091116
RA,Control22_1_H_F,5091128
RA,Control22_1_H_F,5091562
RA,Control22_1_H_F,5092001
RA,Control22_1_H_F,5092151
RA,Control22_1_H_F,5092208
RA,Control22_1_H_F,5092413
RA,Control22_1_H_F,5092784
RA,Control22_1_H_F,5093514
RA,Control22_1_H_F,5093755
RA,Control22_1_H_F,5094639
RA,Control22_1_H_F,5005197
RA,Control22_1_H_F,5015041
RA,Control22_1_H_F,5017368
RA,Control22_1_H_F,5026280
RA,Control22_1_H_F,5034753
RA,Control22_1_H_F,5036507
RA,Control22_1_H_F,5040086
RA,Control22_1_H_F,5040569
RA,Control22_1_H_F,5040580
RA,Control22_1_H_F,5042107
RA,Control22_1_H_F,5043975
RA,Control22_1_H_F,5044567
RA,Control22_1_H_F,5045775
RA,Control22_1_H_F,5045984
RA,Control22_1_H_F,5048331
RA,Control22_1_H_F,5050602
RA,Control22_1_H_F,5053524
RA,Control22_1_H_F,5054352
RA,Control22_1_H_F,5055703
RA,Control22_1_H_F,5055840
RA,Control22_1_H_F,5055843
RA,Control22_1_H_F,5058124
RA,Control22_1_H_F,5059170
RA,Control22_1_H_F,5060437
RA,Control22_1_H_F,5061683
RA,Control22_1_H_F,5062237
RA,Control22_1_H_F,5063947
RA,Control22_1_H_F,5064527
RA,Control22_1_H_F,5072298
RA,Control22_1_H_F,5075181
RA,Control22_1_H_F,5076172
RA,Control22_1_H_F,5077558
RA,Control22_1_H_F,5078548
RA,Control22_1_H_F,5083875
RA,Control22_1_H_F,5085263
RA,Control22_1_H_F,5085810
RA,Control22_1_H_F,5085822
RA,Control22_1_H_F,4990386
RA,Control22_1_H_F,4991021
RA,Control22_1_H_F,4993110
RA,Control22_1_H_F,4993231
RA,Control22_1_H_F,4994947
RA,Control22_1_H_F,4995702
RA,Control22_1_H_F,4996183
RA,Control22_1_H_F,4997882
RA,Control22_1_H_F,4998650
RA,Control22_1_H_F,4998751
RA,Control22_1_H_F,4999936
RA,Control22_1_H_F,5001723
RA,Control22_1_H_F,5002812
RA,Control22_1_H_F,5003345
RA,Control22_1_H_F,5003810
RA,Control22_1_H_F,5005019
RA,Control22_1_H_F,5005815
RA,Control22_1_H_F,5006287
RA,Control22_1_H_F,5006922
RA,Control22_1_H_F,5007217
RA,Control22_1_H_F,5008070
RA,Control22_1_H_F,5008726
RA,Control22_1_H_F,5009138
RA,Control22_1_H_F,5009319
RA,Control22_1_H_F,5012216
RA,Control22_1_H_F,5012484
RA,Control22_1_H_F,5013353
RA,Control22_1_H_F,5015054
RA,Control22_1_H_F,5017309
RA,Control22_1_H_F,5018288
RA,Control22_1_H_F,5018658
RA,Control22_1_H_F,5020738
RA,Control22_1_H_F,5024665
RA,Control22_1_H_F,5025454
RA,Control22_1_H_F,5026708
RA,Control22_1_H_F,5035521
RA,Control22_1_H_F,5037124
RA,Control22_1_H_F,5038152
RA,Control22_1_H_F,5054657
RA,Control22_1_H_F,5079023
RA,Control22_1_H_F,4992799
RA,Control22_1_H_F,4998354
RA,Control22_1_H_F,4999442
RA,Control22_1_H_F,5007365
RA,Control22_1_H_F,5010510
RA,Control22_1_H_F,5013572
RA,Control22_1_H_F,5013823
RA,Control22_1_H_F,5015044
RA,Control22_1_H_F,5016309
RA,Control22_1_H_F,5016529
RA,Control22_1_H_F,5017603
RA,Control22_1_H_F,5019293
RA,Control22_1_H_F,5020690
RA,Control22_1_H_F,5021509
RA,Control22_1_H_F,5035364
RA,Control22_1_H_F,5038380
RA,Control22_1_H_F,5038635
RA,Control22_1_H_F,5040517
RA,Control22_1_H_F,5042182
RA,Control22_1_H_F,5042282
RA,Control22_1_H_F,5042657
RA,Control22_1_H_F,5042850
RA,Control22_1_H_F,5044747
RA,Control22_1_H_F,5045744
RA,Control22_1_H_F,5046561
RA,Control22_1_H_F,5048288
RA,Control22_1_H_F,5048888
RA,Control22_1_H_F,5052343
RA,Control22_1_H_F,5053346
RA,Control22_1_H_F,5054006
RA,Control22_1_H_F,5057371
RA,Control22_1_H_F,5058808
RA,Control22_1_H_F,5059076
RA,Control22_1_H_F,5064767
RA,Control22_1_H_F,5065375
RA,Control22_1_H_F,5069363
RA,Control22_1_H_F,5075616
RA,Control22_1_H_F,5078903
RA,Control22_1_H_F,5085562
RA,Control22_1_H_F,5092105
RA,Control22_1_H_F,5000414
RA,Control22_1_H_F,5040302
RA,Control22_1_H_F,5068230
RA,Control22_1_H_F,5071196
RA,Control22_1_H_F,5072756
RA,Control22_1_H_F,5075533
RA,Control22_1_H_F,5077600
RA,Control22_1_H_F,5079277
RA,Control22_1_H_F,5081082
RA,Control22_1_H_F,5082564
RA,Control22_1_H_F,5082654
RA,Control22_1_H_F,5082830
RA,Control22_1_H_F,5083115
RA,Control22_1_H_F,5083456
RA,Control22_1_H_F,5083590
RA,Control22_1_H_F,5085531
RA,Control22_1_H_F,5085848
RA,Control22_1_H_F,5086248
RA,Control22_1_H_F,5087154
RA,Control22_1_H_F,5087288
RA,Control22_1_H_F,5087375
RA,Control22_1_H_F,5087618
RA,Control22_1_H_F,5089880
RA,Control22_1_H_F,5090421
RA,Control22_1_H_F,5091323
RA,Control22_1_H_F,5091747
RA,Control23_1_C_F,4987271
RA,Control23_1_C_F,4987287
RA,Control23_1_C_F,4988244
RA,Control23_1_C_F,4988987
RA,Control23_1_C_F,4989501
RA,Control23_1_C_F,4989718
RA,Control23_1_C_F,4990486
RA,Control23_1_C_F,4991121
RA,Control23_1_C_F,4992089
RA,Control23_1_C_F,4992509
RA,Control23_1_C_F,4993045
RA,Control23_1_C_F,4993572
RA,Control23_1_C_F,4993679
RA,Control23_1_C_F,4993896
RA,Control23_1_C_F,4993936
RA,Control23_1_C_F,4993990
RA,Control23_1_C_F,4994353
RA,Control23_1_C_F,4994880
RA,Control23_1_C_F,4995257
RA,Control23_1_C_F,4995286
RA,Control23_1_C_F,4996067
RA,Control23_1_C_F,4996516
RA,Control23_1_C_F,4996744
RA,Control23_1_C_F,4997243
RA,Control23_1_C_F,4997631
RA,Control23_1_C_F,4998517
RA,Control23_1_C_F,4998805
RA,Control23_1_C_F,4999090
RA,Control23_1_C_F,4999204
RA,Control23_1_C_F,4999218
RA,Control23_1_C_F,4999762
RA,Control23_1_C_F,5000295
RA,Control23_1_C_F,5000398
RA,Control23_1_C_F,5001332
RA,Control23_1_C_F,5001623
RA,Control23_1_C_F,5001739
RA,Control23_1_C_F,5002843
RA,Control23_1_C_F,5002883
RA,Control23_1_C_F,5003123
RA,Control23_1_C_F,5003503
RA,Control23_1_C_F,5003535
RA,Control23_1_C_F,5003566
RA,Control23_1_C_F,5003630
RA,Control23_1_C_F,5003793
RA,Control23_1_C_F,5003833
RA,Control23_1_C_F,5004041
RA,Control23_1_C_F,5004389
RA,Control23_1_C_F,5004462
RA,Control23_1_C_F,5004717
RA,Control23_1_C_F,5004898
RA,Control23_1_C_F,5005524
RA,Control23_1_C_F,5005802
RA,Control23_1_C_F,5006406
RA,Control23_1_C_F,5006463
RA,Control23_1_C_F,5006847
RA,Control23_1_C_F,5007067
RA,Control23_1_C_F,5007203
RA,Control23_1_C_F,5007604
RA,Control23_1_C_F,5007617
RA,Control23_1_C_F,5008253
RA,Control23_1_C_F,5008254
RA,Control23_1_C_F,5008574
RA,Control23_1_C_F,5008698
RA,Control23_1_C_F,5008731
RA,Control23_1_C_F,5009039
RA,Control23_1_C_F,5009170
RA,Control23_1_C_F,5009220
RA,Control23_1_C_F,5009364
RA,Control23_1_C_F,5009487
RA,Control23_1_C_F,5009598
RA,Control23_1_C_F,5010237
RA,Control23_1_C_F,5010397
RA,Control23_1_C_F,5010491
RA,Control23_1_C_F,5010703
RA,Control23_1_C_F,5010790
RA,Control23_1_C_F,5011078
RA,Control23_1_C_F,5011109
RA,Control23_1_C_F,5011728
RA,Control23_1_C_F,5012871
RA,Control23_1_C_F,5013129
RA,Control23_1_C_F,5013417
RA,Control23_1_C_F,5013459
RA,Control23_1_C_F,5013558
RA,Control23_1_C_F,5013657
RA,Control23_1_C_F,5013733
RA,Control23_1_C_F,5013741
RA,Control23_1_C_F,5014037
RA,Control23_1_C_F,5014315
RA,Control23_1_C_F,5014423
RA,Control23_1_C_F,5014784
RA,Control23_1_C_F,5014841
RA,Control23_1_C_F,5015193
RA,Control23_1_C_F,5015413
RA,Control23_1_C_F,5015423
RA,Control23_1_C_F,5015509
RA,Control23_1_C_F,5015858
RA,Control23_1_C_F,5015980
RA,Control23_1_C_F,5016122
RA,Control23_1_C_F,5016710
RA,Control23_1_C_F,5016731
RA,Control23_1_C_F,5016756
RA,Control23_1_C_F,5016867
RA,Control23_1_C_F,5016909
RA,Control23_1_C_F,5016931
RA,Control23_1_C_F,5016944
RA,Control23_1_C_F,5017075
RA,Control23_1_C_F,5017328
RA,Control23_1_C_F,5017478
RA,Control23_1_C_F,5018072
RA,Control23_1_C_F,5018677
RA,Control23_1_C_F,5018931
RA,Control23_1_C_F,5018942
RA,Control23_1_C_F,5019128
RA,Control23_1_C_F,5019258
RA,Control23_1_C_F,5019346
RA,Control23_1_C_F,5019650
RA,Control23_1_C_F,5019704
RA,Control23_1_C_F,5019741
RA,Control23_1_C_F,5019778
RA,Control23_1_C_F,5019821
RA,Control23_1_C_F,5019972
RA,Control23_1_C_F,5020085
RA,Control23_1_C_F,5020187
RA,Control23_1_C_F,5020875
RA,Control23_1_C_F,5021424
RA,Control23_1_C_F,5021512
RA,Control23_1_C_F,5021779
RA,Control23_1_C_F,5021854
RA,Control23_1_C_F,5021940
RA,Control23_1_C_F,5022232
RA,Control23_1_C_F,5022249
RA,Control23_1_C_F,5022269
RA,Control23_1_C_F,5022414
RA,Control23_1_C_F,5022442
RA,Control23_1_C_F,5022633
RA,Control23_1_C_F,5022956
RA,Control23_1_C_F,5022987
RA,Control23_1_C_F,5023052
RA,Control23_1_C_F,5023315
RA,Control23_1_C_F,5023491
RA,Control23_1_C_F,5024099
RA,Control23_1_C_F,5024932
RA,Control23_1_C_F,5024962
RA,Control23_1_C_F,5024986
RA,Control23_1_C_F,5025108
RA,Control23_1_C_F,5025400
RA,Control23_1_C_F,5025526
RA,Control23_1_C_F,5025719
RA,Control23_1_C_F,5025969
RA,Control23_1_C_F,5026022
RA,Control23_1_C_F,5026065
RA,Control23_1_C_F,5026088
RA,Control23_1_C_F,5026560
RA,Control23_1_C_F,5026823
RA,Control23_1_C_F,5027133
RA,Control23_1_C_F,5027269
RA,Control23_1_C_F,5027479
RA,Control23_1_C_F,5027520
RA,Control23_1_C_F,5027759
RA,Control23_1_C_F,5027981
RA,Control23_1_C_F,5028044
RA,Control23_1_C_F,5028234
RA,Control23_1_C_F,5028463
RA,Control23_1_C_F,5028736
RA,Control23_1_C_F,5028864
RA,Control23_1_C_F,5029364
RA,Control23_1_C_F,5029367
RA,Control23_1_C_F,5029560
RA,Control23_1_C_F,5029936
RA,Control23_1_C_F,5029976
RA,Control23_1_C_F,5030126
RA,Control23_1_C_F,5030170
RA,Control23_1_C_F,5030518
RA,Control23_1_C_F,5030540
RA,Control23_1_C_F,5030632
RA,Control23_1_C_F,5031083
RA,Control23_1_C_F,5031154
RA,Control23_1_C_F,5031263
RA,Control23_1_C_F,5031299
RA,Control23_1_C_F,5031775
RA,Control23_1_C_F,5032165
RA,Control23_1_C_F,5032209
RA,Control23_1_C_F,5032297
RA,Control23_1_C_F,5032626
RA,Control23_1_C_F,5032992
RA,Control23_1_C_F,5033006
RA,Control23_1_C_F,5033266
RA,Control23_1_C_F,5033316
RA,Control23_1_C_F,5033812
RA,Control23_1_C_F,5034019
RA,Control23_1_C_F,5034091
RA,Control23_1_C_F,5034151
RA,Control23_1_C_F,5034218
RA,Control23_1_C_F,5034241
RA,Control23_1_C_F,5034506
RA,Control23_1_C_F,5034522
RA,Control23_1_C_F,5034531
RA,Control23_1_C_F,5034579
RA,Control23_1_C_F,5034735
RA,Control23_1_C_F,5034749
RA,Control23_1_C_F,5034840
RA,Control23_1_C_F,5035127
RA,Control23_1_C_F,5035157
RA,Control23_1_C_F,5035190
RA,Control23_1_C_F,5035196
RA,Control23_1_C_F,5035268
RA,Control23_1_C_F,5035294
RA,Control23_1_C_F,5035378
RA,Control23_1_C_F,5035481
RA,Control23_1_C_F,5035559
RA,Control23_1_C_F,5035743
RA,Control23_1_C_F,5035953
RA,Control23_1_C_F,5036019
RA,Control23_1_C_F,5036355
RA,Control23_1_C_F,5036488
RA,Control23_1_C_F,5036758
RA,Control23_1_C_F,5036851
RA,Control23_1_C_F,5036983
RA,Control23_1_C_F,5037078
RA,Control23_1_C_F,5037125
RA,Control23_1_C_F,5037241
RA,Control23_1_C_F,5037410
RA,Control23_1_C_F,5037494
RA,Control23_1_C_F,5037573
RA,Control23_1_C_F,5037727
RA,Control23_1_C_F,5037833
RA,Control23_1_C_F,5037863
RA,Control23_1_C_F,5038009
RA,Control23_1_C_F,5038180
RA,Control23_1_C_F,5038181
RA,Control23_1_C_F,5038735
RA,Control23_1_C_F,5038757
RA,Control23_1_C_F,5038848
RA,Control23_1_C_F,5038909
RA,Control23_1_C_F,5038972
RA,Control23_1_C_F,5039017
RA,Control23_1_C_F,5039055
RA,Control23_1_C_F,5039108
RA,Control23_1_C_F,5039213
RA,Control23_1_C_F,5039296
RA,Control23_1_C_F,5039355
RA,Control23_1_C_F,5039605
RA,Control23_1_C_F,5039808
RA,Control23_1_C_F,5039838
RA,Control23_1_C_F,5039919
RA,Control23_1_C_F,5039990
RA,Control23_1_C_F,5040178
RA,Control23_1_C_F,5040196
RA,Control23_1_C_F,5040210
RA,Control23_1_C_F,5040261
RA,Control23_1_C_F,5040511
RA,Control23_1_C_F,5040594
RA,Control23_1_C_F,5040750
RA,Control23_1_C_F,5040985
RA,Control23_1_C_F,5041197
RA,Control23_1_C_F,5041309
RA,Control23_1_C_F,5041630
RA,Control23_1_C_F,5041696
RA,Control23_1_C_F,5041924
RA,Control23_1_C_F,5042006
RA,Control23_1_C_F,5042046
RA,Control23_1_C_F,5042201
RA,Control23_1_C_F,5042388
RA,Control23_1_C_F,5042535
RA,Control23_1_C_F,5042721
RA,Control23_1_C_F,5042774
RA,Control23_1_C_F,5042784
RA,Control23_1_C_F,5042810
RA,Control23_1_C_F,5042898
RA,Control23_1_C_F,5042956
RA,Control23_1_C_F,5043018
RA,Control23_1_C_F,5043085
RA,Control23_1_C_F,5043233
RA,Control23_1_C_F,5043421
RA,Control23_1_C_F,5043692
RA,Control23_1_C_F,5043743
RA,Control23_1_C_F,5043791
RA,Control23_1_C_F,5043872
RA,Control23_1_C_F,5044077
RA,Control23_1_C_F,5044108
RA,Control23_1_C_F,5044142
RA,Control23_1_C_F,5044416
RA,Control23_1_C_F,5044495
RA,Control23_1_C_F,5044532
RA,Control23_1_C_F,5044570
RA,Control23_1_C_F,5044746
RA,Control23_1_C_F,5045016
RA,Control23_1_C_F,5045250
RA,Control23_1_C_F,5045489
RA,Control23_1_C_F,5045537
RA,Control23_1_C_F,5045873
RA,Control23_1_C_F,5046004
RA,Control23_1_C_F,5046148
RA,Control23_1_C_F,5046598
RA,Control23_1_C_F,5046833
RA,Control23_1_C_F,5047060
RA,Control23_1_C_F,5047115
RA,Control23_1_C_F,5047222
RA,Control23_1_C_F,5047313
RA,Control23_1_C_F,5047577
RA,Control23_1_C_F,5047633
RA,Control23_1_C_F,5047801
RA,Control23_1_C_F,5047978
RA,Control23_1_C_F,5048079
RA,Control23_1_C_F,5048227
RA,Control23_1_C_F,5048423
RA,Control23_1_C_F,5048523
RA,Control23_1_C_F,5048582
RA,Control23_1_C_F,5048912
RA,Control23_1_C_F,5048924
RA,Control23_1_C_F,5048964
RA,Control23_1_C_F,5049008
RA,Control23_1_C_F,5049105
RA,Control23_1_C_F,5049211
RA,Control23_1_C_F,5049438
RA,Control23_1_C_F,5049498
RA,Control23_1_C_F,5049542
RA,Control23_1_C_F,5049820
RA,Control23_1_C_F,5050009
RA,Control23_1_C_F,5050368
RA,Control23_1_C_F,5050385
RA,Control23_1_C_F,5050472
RA,Control23_1_C_F,5050640
RA,Control23_1_C_F,5050784
RA,Control23_1_C_F,5050853
RA,Control23_1_C_F,5050885
RA,Control23_1_C_F,5051021
RA,Control23_1_C_F,5051206
RA,Control23_1_C_F,5051507
RA,Control23_1_C_F,5051605
RA,Control23_1_C_F,5051689
RA,Control23_1_C_F,5051800
RA,Control23_1_C_F,5051854
RA,Control23_1_C_F,5052825
RA,Control23_1_C_F,5052831
RA,Control23_1_C_F,5052850
RA,Control23_1_C_F,5052890
RA,Control23_1_C_F,5052899
RA,Control23_1_C_F,5052945
RA,Control23_1_C_F,5053063
RA,Control23_1_C_F,5053098
RA,Control23_1_C_F,5053102
RA,Control23_1_C_F,5053319
RA,Control23_1_C_F,5053697
RA,Control23_1_C_F,5053865
RA,Control23_1_C_F,5053877
RA,Control23_1_C_F,5054053
RA,Control23_1_C_F,5054145
RA,Control23_1_C_F,5054172
RA,Control23_1_C_F,5054449
RA,Control23_1_C_F,5054476
RA,Control23_1_C_F,5054715
RA,Control23_1_C_F,5054943
RA,Control23_1_C_F,5055113
RA,Control23_1_C_F,5055155
RA,Control23_1_C_F,5055165
RA,Control23_1_C_F,5055177
RA,Control23_1_C_F,5055291
RA,Control23_1_C_F,5055326
RA,Control23_1_C_F,5055378
RA,Control23_1_C_F,5055433
RA,Control23_1_C_F,5055584
RA,Control23_1_C_F,5055694
RA,Control23_1_C_F,5055747
RA,Control23_1_C_F,5055797
RA,Control23_1_C_F,5055856
RA,Control23_1_C_F,5055924
RA,Control23_1_C_F,5056231
RA,Control23_1_C_F,5056370
RA,Control23_1_C_F,5056405
RA,Control23_1_C_F,5056651
RA,Control23_1_C_F,5056677
RA,Control23_1_C_F,5056783
RA,Control23_1_C_F,5056789
RA,Control23_1_C_F,5056959
RA,Control23_1_C_F,5056989
RA,Control23_1_C_F,5057016
RA,Control23_1_C_F,5057142
RA,Control23_1_C_F,5057161
RA,Control23_1_C_F,5057203
RA,Control23_1_C_F,5057255
RA,Control23_1_C_F,5057436
RA,Control23_1_C_F,5057480
RA,Control23_1_C_F,5057502
RA,Control23_1_C_F,5057586
RA,Control23_1_C_F,5057853
RA,Control23_1_C_F,5057910
RA,Control23_1_C_F,5057929
RA,Control23_1_C_F,5058053
RA,Control23_1_C_F,5058199
RA,Control23_1_C_F,5058214
RA,Control23_1_C_F,5058338
RA,Control23_1_C_F,5058364
RA,Control23_1_C_F,5058403
RA,Control23_1_C_F,5058518
RA,Control23_1_C_F,5058635
RA,Control23_1_C_F,5058975
RA,Control23_1_C_F,5059054
RA,Control23_1_C_F,5059222
RA,Control23_1_C_F,5059270
RA,Control23_1_C_F,5059347
RA,Control23_1_C_F,5059355
RA,Control23_1_C_F,5059538
RA,Control23_1_C_F,5059550
RA,Control23_1_C_F,5059571
RA,Control23_1_C_F,5059746
RA,Control23_1_C_F,5060176
RA,Control23_1_C_F,5060318
RA,Control23_1_C_F,5060568
RA,Control23_1_C_F,5060685
RA,Control23_1_C_F,5060956
RA,Control23_1_C_F,5061312
RA,Control23_1_C_F,5061411
RA,Control23_1_C_F,5061451
RA,Control23_1_C_F,5061943
RA,Control23_1_C_F,5062258
RA,Control23_1_C_F,5062281
RA,Control23_1_C_F,5062460
RA,Control23_1_C_F,5062611
RA,Control23_1_C_F,5062643
RA,Control23_1_C_F,5062811
RA,Control23_1_C_F,5062854
RA,Control23_1_C_F,5063025
RA,Control23_1_C_F,5063105
RA,Control23_1_C_F,5063119
RA,Control23_1_C_F,5063341
RA,Control23_1_C_F,5063639
RA,Control23_1_C_F,5063654
RA,Control23_1_C_F,5063714
RA,Control23_1_C_F,5063719
RA,Control23_1_C_F,5063933
RA,Control23_1_C_F,5063970
RA,Control23_1_C_F,5064023
RA,Control23_1_C_F,5064213
RA,Control23_1_C_F,5064288
RA,Control23_1_C_F,5064499
RA,Control23_1_C_F,5064508
RA,Control23_1_C_F,5065094
RA,Control23_1_C_F,5065424
RA,Control23_1_C_F,5065605
RA,Control23_1_C_F,5065659
RA,Control23_1_C_F,5065679
RA,Control23_1_C_F,5065765
RA,Control23_1_C_F,5065854
RA,Control23_1_C_F,5065891
RA,Control23_1_C_F,5066004
RA,Control23_1_C_F,5066017
RA,Control23_1_C_F,5066128
RA,Control23_1_C_F,5066145
RA,Control23_1_C_F,5066147
RA,Control23_1_C_F,5066228
RA,Control23_1_C_F,5066707
RA,Control23_1_C_F,5066745
RA,Control23_1_C_F,5066962
RA,Control23_1_C_F,5067047
RA,Control23_1_C_F,5067102
RA,Control23_1_C_F,5067141
RA,Control23_1_C_F,5067187
RA,Control23_1_C_F,5067697
RA,Control23_1_C_F,5067819
RA,Control23_1_C_F,5067957
RA,Control23_1_C_F,5068125
RA,Control23_1_C_F,5068303
RA,Control23_1_C_F,5068555
RA,Control23_1_C_F,5068619
RA,Control23_1_C_F,5068740
RA,Control23_1_C_F,5068819
RA,Control23_1_C_F,5069699
RA,Control23_1_C_F,5069950
RA,Control23_1_C_F,5070157
RA,Control23_1_C_F,5070785
RA,Control23_1_C_F,5070834
RA,Control23_1_C_F,5070859
RA,Control23_1_C_F,5070892
RA,Control23_1_C_F,5070982
RA,Control23_1_C_F,5071138
RA,Control23_1_C_F,5071241
RA,Control23_1_C_F,5071301
RA,Control23_1_C_F,5071646
RA,Control23_1_C_F,5072025
RA,Control23_1_C_F,5072095
RA,Control23_1_C_F,5072144
RA,Control23_1_C_F,5072383
RA,Control23_1_C_F,5072703
RA,Control23_1_C_F,5072732
RA,Control23_1_C_F,5073064
RA,Control23_1_C_F,5073380
RA,Control23_1_C_F,5073482
RA,Control23_1_C_F,5073544
RA,Control23_1_C_F,5073598
RA,Control23_1_C_F,5073611
RA,Control23_1_C_F,5073634
RA,Control23_1_C_F,5073924
RA,Control23_1_C_F,5074108
RA,Control23_1_C_F,5074138
RA,Control23_1_C_F,5074462
RA,Control23_1_C_F,5074516
RA,Control23_1_C_F,5074611
RA,Control23_1_C_F,5074763
RA,Control23_1_C_F,5074919
RA,Control23_1_C_F,5074937
RA,Control23_1_C_F,5075026
RA,Control23_1_C_F,5075257
RA,Control23_1_C_F,5075285
RA,Control23_1_C_F,5075580
RA,Control23_1_C_F,5075846
RA,Control23_1_C_F,5075851
RA,Control23_1_C_F,5075852
RA,Control23_1_C_F,5075916
RA,Control23_1_C_F,5075954
RA,Control23_1_C_F,5076257
RA,Control23_1_C_F,5076475
RA,Control23_1_C_F,5076614
RA,Control23_1_C_F,5076748
RA,Control23_1_C_F,5077148
RA,Control23_1_C_F,5077348
RA,Control23_1_C_F,5077556
RA,Control23_1_C_F,5077598
RA,Control23_1_C_F,5077847
RA,Control23_1_C_F,5077898
RA,Control23_1_C_F,5077937
RA,Control23_1_C_F,5078186
RA,Control23_1_C_F,5078292
RA,Control23_1_C_F,5078488
RA,Control23_1_C_F,5078941
RA,Control23_1_C_F,5079091
RA,Control23_1_C_F,5079106
RA,Control23_1_C_F,5079524
RA,Control23_1_C_F,5079572
RA,Control23_1_C_F,5079624
RA,Control23_1_C_F,5079810
RA,Control23_1_C_F,5079815
RA,Control23_1_C_F,5079989
RA,Control23_1_C_F,5080449
RA,Control23_1_C_F,5080538
RA,Control23_1_C_F,5080969
RA,Control23_1_C_F,5081132
RA,Control23_1_C_F,5081519
RA,Control23_1_C_F,5081554
RA,Control23_1_C_F,5081651
RA,Control23_1_C_F,5081812
RA,Control23_1_C_F,5081947
RA,Control23_1_C_F,5082012
RA,Control23_1_C_F,5082030
RA,Control23_1_C_F,5082250
RA,Control23_1_C_F,5082487
RA,Control23_1_C_F,5082511
RA,Control23_1_C_F,5082871
RA,Control23_1_C_F,5083021
RA,Control23_1_C_F,5083028
RA,Control23_1_C_F,5083166
RA,Control23_1_C_F,5083222
RA,Control23_1_C_F,5083421
RA,Control23_1_C_F,5083721
RA,Control23_1_C_F,5084227
RA,Control23_1_C_F,5084405
RA,Control23_1_C_F,5084475
RA,Control23_1_C_F,5084651
RA,Control23_1_C_F,5084732
RA,Control23_1_C_F,5084756
RA,Control23_1_C_F,5085293
RA,Control23_1_C_F,5085362
RA,Control23_1_C_F,5085685
RA,Control23_1_C_F,5085701
RA,Control23_1_C_F,5085906
RA,Control23_1_C_F,5086087
RA,Control23_1_C_F,5086587
RA,Control23_1_C_F,5086893
RA,Control23_1_C_F,5087212
RA,Control23_1_C_F,5087318
RA,Control23_1_C_F,5087380
RA,Control23_1_C_F,5087499
RA,Control23_1_C_F,5087877
RA,Control23_1_C_F,5088023
RA,Control23_1_C_F,5088298
RA,Control23_1_C_F,5088530
RA,Control23_1_C_F,5088928
RA,Control23_1_C_F,5089007
RA,Control23_1_C_F,5089373
RA,Control23_1_C_F,5089584
RA,Control23_1_C_F,5090210
RA,Control23_1_C_F,5090359
RA,Control23_1_C_F,5090505
RA,Control23_1_C_F,5090883
RA,Control23_1_C_F,5091171
RA,Control23_1_C_F,5091425
RA,Control23_1_C_F,5092160
RA,Control23_1_C_F,5092201
RA,Control23_1_C_F,5092380
RA,Control23_1_C_F,5092711
RA,Control23_1_C_F,5092731
RA,Control23_1_C_F,5093233
RA,Control23_1_C_F,5093732
RA,Control23_1_C_F,5094009
RA,Control23_1_C_F,5094125
RA,Control23_1_C_F,5094450
RA,Control23_1_C_F,5094904
RA,Control23_1_C_F,5094927
RA,Control23_1_C_F,5094945
RA,Control23_1_C_F,5095159
RA,Control23_1_C_F,4998189
RA,Control23_1_C_F,5003965
RA,Control23_1_C_F,5014268
RA,Control23_1_C_F,5021604
RA,Control23_1_C_F,5027491
RA,Control23_1_C_F,5028952
RA,Control23_1_C_F,5030510
RA,Control23_1_C_F,5032922
RA,Control23_1_C_F,5041792
RA,Control23_1_C_F,5043220
RA,Control23_1_C_F,5052305
RA,Control23_1_C_F,5052623
RA,Control23_1_C_F,5054034
RA,Control23_1_C_F,5056391
RA,Control23_1_C_F,5057426
RA,Control23_1_C_F,5062553
RA,Control23_1_C_F,5064418
RA,Control23_1_C_F,5068958
RA,Control23_1_C_F,5069260
RA,Control23_1_C_F,5070202
RA,Control23_1_C_F,5072181
RA,Control23_1_C_F,5076700
RA,Control23_1_C_F,5077582
RA,Control23_1_C_F,5078021
RA,Control23_1_C_F,5080575
RA,Control23_1_C_F,5080941
RA,Control23_1_C_F,5082156
RA,Control23_1_C_F,5082665
RA,Control23_1_C_F,5083006
RA,Control23_1_C_F,5087139
RA,Control23_1_C_F,5087686
RA,Control23_1_C_F,5087909
RA,Control23_1_C_F,5088807
RA,Control23_1_C_F,5090023
RA,Control23_1_C_F,5090412
RA,Control23_1_C_F,5090846
RA,Control23_1_C_F,5094098
RA,Control23_1_C_F,4987307
RA,Control23_1_C_F,4987517
RA,Control23_1_C_F,4988105
RA,Control23_1_C_F,4988215
RA,Control23_1_C_F,4988594
RA,Control23_1_C_F,4989269
RA,Control23_1_C_F,4989857
RA,Control23_1_C_F,4990217
RA,Control23_1_C_F,4991814
RA,Control23_1_C_F,4991996
RA,Control23_1_C_F,4995517
RA,Control23_1_C_F,4995960
RA,Control23_1_C_F,4996956
RA,Control23_1_C_F,4997192
RA,Control23_1_C_F,4997980
RA,Control23_1_C_F,4998753
RA,Control23_1_C_F,4999672
RA,Control23_1_C_F,5000146
RA,Control23_1_C_F,5001673
RA,Control23_1_C_F,5002772
RA,Control23_1_C_F,5002788
RA,Control23_1_C_F,5003081
RA,Control23_1_C_F,5003326
RA,Control23_1_C_F,5004144
RA,Control23_1_C_F,5005453
RA,Control23_1_C_F,5007524
RA,Control23_1_C_F,5008076
RA,Control23_1_C_F,5008586
RA,Control23_1_C_F,5009848
RA,Control23_1_C_F,5011302
RA,Control23_1_C_F,5011573
RA,Control23_1_C_F,5012943
RA,Control23_1_C_F,5013925
RA,Control23_1_C_F,5017080
RA,Control23_1_C_F,5020642
RA,Control23_1_C_F,5026105
RA,Control23_1_C_F,5033849
RA,Control23_1_C_F,5036401
RA,Control23_1_C_F,5037971
RA,Control23_1_C_F,5087981
RA,Control23_1_C_F,4988309
RA,Control23_1_C_F,5003465
RA,Control23_1_C_F,5016436
RA,Control23_1_C_F,5016470
RA,Control23_1_C_F,5016702
RA,Control23_1_C_F,5023156
RA,Control23_1_C_F,5024482
RA,Control23_1_C_F,5024732
RA,Control23_1_C_F,5026813
RA,Control23_1_C_F,5026885
RA,Control23_1_C_F,5028428
RA,Control23_1_C_F,5030706
RA,Control23_1_C_F,5041391
RA,Control23_1_C_F,5053279
RA,Control23_1_C_F,5058356
RA,Control23_1_C_F,5060061
RA,Control23_1_C_F,5060786
RA,Control23_1_C_F,5064276
RA,Control23_1_C_F,5065387
RA,Control23_1_C_F,5069013
RA,Control23_1_C_F,5070383
RA,Control23_1_C_F,5075007
RA,Control23_1_C_F,5007691
RA,Control23_1_C_F,5062855
RA,Control23_1_C_F,5076359
RA,Control23_1_C_F,5076454
RA,Control23_1_C_F,5080367
RA,Control23_1_C_F,5081347
RA,Control23_1_C_F,5081636
RA,Control23_1_C_F,5084812
RA,Control23_1_C_F,5084985
RA,Control23_1_C_F,5085272
RA,Control23_1_C_F,5085707
RA,Control23_1_C_F,5086706
RA,Control23_1_C_F,5087967
RA,Control23_1_C_F,5090251
RA,Control23_1_C_F,5090584
RA,Control23_1_C_F,5090713
RA,Control23_1_C_F,5090868
RA,Control23_1_C_F,5091311
RA,Control23_1_C_F,5091819
RA,Control23_1_C_F,5092185
RA,Control23_1_C_F,5092417
